OrderID,ProductID,OrderDate,WarehouseID,CustomerRegion,Revenue,DeliveryDate,ActualDeliveryDate
1,22,2024-03-01,4,Northeast,51.63,2024-03-04,2024-03-03
2,82,2024-05-04,8,Midwest,1245.88,2024-05-07,2024-05-07
3,72,2025-03-31,9,West,1128.98,2025-04-03,2025-04-06
4,32,2024-03-11,2,Midwest,481.65,2024-03-14,2024-03-15
5,33,2025-04-10,9,Northeast,1300.35,2025-04-13,2025-04-13
6,16,2024-08-30,4,Northeast,1770.73,2024-09-02,2024-08-31
7,76,2025-05-04,6,Midwest,569.1,2025-05-07,2025-05-09
8,38,2024-08-08,7,Midwest,1667.35,2024-08-11,2024-08-15
9,98,2025-04-17,4,South,1331.77,2025-04-20,2025-04-23
10,14,2025-05-08,8,Northeast,86.96,2025-05-11,2025-05-09
11,36,2024-03-22,10,Northeast,762.8,2024-03-25,2024-03-23
12,97,2024-01-12,8,Midwest,1025.36,2024-01-15,2024-01-17
13,23,2024-09-19,1,West,1468.76,2024-09-22,2024-09-23
14,66,2025-03-24,8,Midwest,588.52,2025-03-27,2025-03-28
15,85,2024-07-10,10,Midwest,1965.81,2024-07-13,2024-07-14
16,2,2024-04-23,3,Northeast,1375.39,2024-04-26,2024-04-27
17,91,2024-01-26,5,South,758.17,2024-01-29,2024-01-31
18,73,2025-05-13,10,Midwest,212.11,2025-05-16,2025-05-21
19,65,2025-05-22,8,West,379.11,2025-05-25,2025-05-24
20,75,2024-03-02,6,West,985.46,2024-03-05,2024-03-08
21,67,2024-08-16,4,Midwest,999.5,2024-08-19,2024-08-21
22,52,2024-02-04,4,West,1540.08,2024-02-07,2024-02-05
23,62,2025-03-31,4,West,1457.83,2025-04-03,2025-04-03
24,23,2025-05-16,6,Midwest,418.52,2025-05-19,2025-05-21
25,26,2024-01-25,7,West,1198.01,2024-01-28,2024-02-05
26,68,2024-02-01,5,West,60.83,2024-02-04,2024-02-04
27,82,2024-01-12,10,Midwest,809.12,2024-01-15,2024-01-15
28,55,2024-11-14,8,Northeast,1532.93,2024-11-17,2024-11-20
29,6,2024-01-01,7,South,811.03,2024-01-04,2024-01-06
30,35,2025-03-10,8,South,1674.48,2025-03-13,2025-03-11
31,22,2024-05-15,4,Northeast,1952.79,2024-05-18,2024-05-16
32,43,2024-07-14,8,Midwest,1222.28,2024-07-17,2024-07-15
33,15,2024-05-12,6,Northeast,307.11,2024-05-15,2024-05-20
34,86,2024-03-26,3,South,771.76,2024-03-29,2024-03-28
35,60,2025-04-20,8,South,38.78,2025-04-23,2025-05-02
36,12,2024-11-19,7,South,1213.4,2024-11-22,2024-11-22
37,49,2024-06-28,10,South,1646.71,2024-07-01,2024-07-05
38,42,2025-05-30,5,Midwest,1267.28,2025-06-02,2025-06-01
39,38,2024-06-23,4,South,1576.45,2024-06-26,2024-06-29
40,82,2024-01-21,1,South,1603.81,2024-01-24,2024-01-30
41,45,2024-04-14,10,Midwest,1705.0,2024-04-17,2024-04-18
42,35,2025-03-18,3,Northeast,547.99,2025-03-21,2025-03-20
43,30,2024-02-18,2,Midwest,1745.11,2024-02-21,2024-02-22
44,88,2024-05-24,8,South,1315.11,2024-05-27,2024-05-28
45,30,2024-12-05,8,West,593.66,2024-12-08,2024-12-07
46,78,2024-12-19,5,Midwest,1974.84,2024-12-22,2024-12-29
47,6,2024-03-15,5,Midwest,1901.36,2024-03-18,2024-03-20
48,67,2024-11-14,4,Northeast,1157.39,2024-11-17,2024-11-23
49,80,2024-03-27,1,South,1689.55,2024-03-30,2024-04-04
50,7,2024-02-11,1,West,537.76,2024-02-14,2024-02-21
51,52,2024-04-02,6,Midwest,843.75,2024-04-05,2024-04-03
52,14,2025-05-21,4,Midwest,384.26,2025-05-24,2025-05-28
53,73,2024-09-21,4,Midwest,1049.8,2024-09-24,2024-09-24
54,15,2024-10-18,3,West,1002.08,2024-10-21,2024-10-23
55,21,2025-04-08,9,Midwest,441.37,2025-04-11,2025-04-10
56,35,2024-04-06,3,Midwest,1352.15,2024-04-09,2024-04-18
57,66,2024-04-04,8,West,253.22,2024-04-07,2024-04-07
58,91,2024-11-21,2,Midwest,142.15,2024-11-24,2024-11-28
59,2,2024-03-14,4,West,782.11,2024-03-17,2024-03-15
60,35,2024-12-01,1,Northeast,831.45,2024-12-04,2024-12-05
61,82,2024-03-08,5,West,653.09,2024-03-11,2024-03-16
62,78,2024-03-17,2,Northeast,530.73,2024-03-20,2024-03-23
63,20,2024-07-26,1,West,690.78,2024-07-29,2024-07-28
64,82,2024-08-08,1,South,343.48,2024-08-11,2024-08-11
65,10,2024-09-18,2,Midwest,818.84,2024-09-21,2024-09-23
66,25,2025-02-13,5,Northeast,1811.11,2025-02-16,2025-02-18
67,66,2024-11-26,9,Midwest,464.37,2024-11-29,2024-11-27
68,25,2024-12-09,6,Midwest,1375.21,2024-12-12,2024-12-13
69,54,2024-03-14,4,West,300.73,2024-03-17,2024-03-19
70,33,2024-09-10,3,South,720.74,2024-09-13,2024-09-17
71,36,2024-11-27,8,West,655.93,2024-11-30,2024-12-05
72,95,2025-02-01,3,Midwest,1875.32,2025-02-04,2025-02-08
73,14,2024-12-10,1,West,867.4,2024-12-13,2024-12-16
74,65,2025-03-30,4,Northeast,1387.12,2025-04-02,2025-04-05
75,80,2024-04-24,5,South,1212.88,2024-04-27,2024-04-30
76,54,2024-11-08,5,Midwest,299.24,2024-11-11,2024-11-16
77,52,2024-08-15,5,West,1880.29,2024-08-18,2024-08-25
78,3,2024-09-01,8,Northeast,704.82,2024-09-04,2024-09-03
79,99,2025-03-02,8,South,108.62,2025-03-05,2025-03-06
80,41,2024-02-11,4,West,614.88,2024-02-14,2024-02-19
81,6,2025-04-09,9,West,684.55,2025-04-12,2025-04-11
82,25,2024-10-04,1,Midwest,203.64,2024-10-07,2024-10-05
83,13,2024-01-19,5,Northeast,1247.56,2024-01-22,2024-01-22
84,98,2024-03-06,5,South,706.59,2024-03-09,2024-03-11
85,8,2024-06-15,5,West,1265.69,2024-06-18,2024-06-19
86,21,2025-02-06,8,South,33.35,2025-02-09,2025-02-12
87,98,2025-02-12,9,Northeast,1964.46,2025-02-15,2025-02-16
88,68,2024-04-21,3,Midwest,357.62,2024-04-24,2024-04-25
89,25,2024-09-30,9,Midwest,1325.48,2024-10-03,2024-10-01
90,79,2025-02-10,8,Midwest,1437.25,2025-02-13,2025-02-17
91,68,2025-01-07,3,South,359.78,2025-01-10,2025-01-14
92,45,2024-02-08,2,South,241.19,2024-02-11,2024-02-12
93,60,2024-04-14,4,West,322.1,2024-04-17,2024-04-19
94,12,2024-11-19,2,Northeast,508.7,2024-11-22,2024-11-24
95,32,2025-02-17,4,Northeast,353.1,2025-02-20,2025-02-25
96,96,2025-03-04,5,Northeast,1354.52,2025-03-07,2025-03-10
97,92,2024-03-01,2,South,853.25,2024-03-04,2024-03-02
98,13,2024-11-02,8,Midwest,1084.83,2024-11-05,2024-11-13
99,31,2024-12-19,1,Northeast,113.73,2024-12-22,2024-12-28
100,78,2025-01-27,3,West,1725.27,2025-01-30,2025-02-01
101,20,2024-07-22,7,South,357.73,2024-07-25,2024-07-27
102,18,2024-09-14,10,Midwest,733.1,2024-09-17,2024-09-20
103,93,2025-04-30,1,Northeast,162.37,2025-05-03,2025-05-03
104,60,2025-05-31,2,Midwest,290.85,2025-06-03,2025-06-08
105,63,2025-03-21,3,West,1338.28,2025-03-24,2025-03-29
106,6,2024-06-28,2,Northeast,1391.32,2024-07-01,2024-07-03
107,32,2024-12-07,2,Northeast,1360.39,2024-12-10,2024-12-14
108,93,2024-05-12,6,Midwest,1113.23,2024-05-15,2024-05-20
109,43,2025-03-18,7,South,1905.99,2025-03-21,2025-03-24
110,2,2024-09-09,6,Midwest,1024.21,2024-09-12,2024-09-11
111,60,2024-09-21,6,West,909.84,2024-09-24,2024-09-28
112,23,2024-04-02,9,Midwest,510.14,2024-04-05,2024-04-07
113,83,2025-02-14,8,Midwest,215.72,2025-02-17,2025-02-16
114,31,2024-05-17,8,Northeast,1105.35,2024-05-20,2024-05-25
115,5,2024-07-26,6,South,643.48,2024-07-29,2024-08-01
116,83,2024-11-02,5,South,1057.57,2024-11-05,2024-11-06
117,34,2024-09-22,9,South,428.12,2024-09-25,2024-10-03
118,10,2024-11-13,2,South,1679.58,2024-11-16,2024-11-16
119,89,2024-04-22,7,Midwest,1999.4,2024-04-25,2024-04-24
120,2,2025-01-12,6,Northeast,658.36,2025-01-15,2025-01-17
121,11,2025-03-29,7,Northeast,1687.81,2025-04-01,2025-04-03
122,50,2024-07-09,4,South,1748.51,2024-07-12,2024-07-12
123,31,2025-03-15,9,Midwest,1992.23,2025-03-18,2025-03-24
124,56,2024-07-05,7,South,698.59,2024-07-08,2024-07-07
125,79,2025-01-01,2,South,1516.96,2025-01-04,2025-01-07
126,73,2024-03-29,4,Northeast,473.04,2024-04-01,2024-04-03
127,87,2024-07-05,5,Northeast,1257.1,2024-07-08,2024-07-10
128,83,2024-05-11,2,South,1415.59,2024-05-14,2024-05-19
129,9,2025-01-10,10,Midwest,1487.42,2025-01-13,2025-01-21
130,99,2024-04-08,8,South,430.2,2024-04-11,2024-04-13
131,21,2024-02-03,1,Northeast,1700.48,2024-02-06,2024-02-11
132,73,2024-06-19,3,Northeast,853.52,2024-06-22,2024-06-24
133,28,2024-12-31,1,Midwest,448.41,2025-01-03,2025-01-05
134,62,2024-02-28,5,South,1094.21,2024-03-02,2024-03-05
135,7,2024-06-29,8,South,1729.45,2024-07-02,2024-07-05
136,80,2024-01-19,7,West,1934.83,2024-01-22,2024-01-21
137,16,2024-08-13,9,South,1501.45,2024-08-16,2024-08-22
138,97,2025-04-17,2,Midwest,31.13,2025-04-20,2025-04-23
139,4,2024-04-04,8,Northeast,286.71,2024-04-07,2024-04-09
140,4,2024-10-23,8,West,171.02,2024-10-26,2024-10-26
141,40,2024-06-23,6,Midwest,220.4,2024-06-26,2024-06-29
142,17,2024-08-09,3,Midwest,778.41,2024-08-12,2024-08-13
143,52,2024-02-23,2,West,690.22,2024-02-26,2024-02-29
144,93,2025-02-06,8,South,245.1,2025-02-09,2025-02-10
145,52,2024-11-13,6,West,1766.83,2024-11-16,2024-11-16
146,36,2024-12-14,4,Midwest,1238.55,2024-12-17,2024-12-24
147,38,2025-03-18,5,South,1597.0,2025-03-21,2025-03-20
148,50,2024-10-08,5,Northeast,755.67,2024-10-11,2024-10-11
149,63,2024-12-25,9,West,832.27,2024-12-28,2025-01-01
150,63,2024-01-08,9,Midwest,648.89,2024-01-11,2024-01-14
151,62,2025-05-05,8,South,888.08,2025-05-08,2025-05-12
152,99,2024-12-06,8,Midwest,1228.55,2024-12-09,2024-12-13
153,7,2025-04-16,2,South,996.11,2025-04-19,2025-04-19
154,27,2024-09-05,3,South,1679.08,2024-09-08,2024-09-12
155,92,2024-08-22,8,West,1802.28,2024-08-25,2024-08-25
156,86,2024-03-23,5,Northeast,949.97,2024-03-26,2024-03-31
157,14,2024-04-02,7,South,494.7,2024-04-05,2024-04-04
158,71,2025-01-28,8,Midwest,1891.48,2025-01-31,2025-01-31
159,86,2024-09-24,6,South,1475.38,2024-09-27,2024-09-27
160,5,2025-02-20,5,Northeast,1287.45,2025-02-23,2025-02-26
161,55,2024-09-09,8,Midwest,1495.92,2024-09-12,2024-09-14
162,2,2024-05-01,1,South,170.44,2024-05-04,2024-05-06
163,62,2024-01-10,1,South,153.9,2024-01-13,2024-01-15
164,91,2024-11-11,1,West,323.18,2024-11-14,2024-11-16
165,21,2024-09-29,3,Northeast,311.95,2024-10-02,2024-10-03
166,79,2024-11-01,10,South,852.93,2024-11-04,2024-11-02
167,21,2024-07-28,6,Northeast,331.66,2024-07-31,2024-07-29
168,10,2025-04-08,6,South,1711.96,2025-04-11,2025-04-11
169,87,2025-02-19,5,Midwest,1164.63,2025-02-22,2025-02-23
170,58,2024-08-03,7,Northeast,749.16,2024-08-06,2024-08-12
171,39,2024-03-20,5,Midwest,157.85,2024-03-23,2024-03-22
172,5,2025-04-24,2,Northeast,1190.24,2025-04-27,2025-04-26
173,65,2024-01-18,4,Midwest,250.73,2024-01-21,2024-01-19
174,13,2024-06-13,1,South,1491.58,2024-06-16,2024-06-20
175,85,2024-07-20,7,Midwest,1609.46,2024-07-23,2024-07-24
176,90,2024-12-11,4,Midwest,1097.07,2024-12-14,2024-12-12
177,85,2024-12-31,4,South,316.21,2025-01-03,2025-01-05
178,53,2025-03-23,4,Northeast,1577.99,2025-03-26,2025-03-26
179,82,2025-05-27,3,Midwest,629.5,2025-05-30,2025-06-05
180,45,2024-11-14,8,West,460.85,2024-11-17,2024-11-17
181,32,2024-08-04,4,West,951.7,2024-08-07,2024-08-14
182,36,2024-02-03,8,Midwest,1846.84,2024-02-06,2024-02-09
183,81,2024-09-22,9,Midwest,608.8,2024-09-25,2024-09-26
184,99,2024-03-20,1,Midwest,1813.05,2024-03-23,2024-03-24
185,60,2025-02-16,4,Northeast,126.23,2025-02-19,2025-02-22
186,11,2024-09-08,6,South,185.38,2024-09-11,2024-09-12
187,63,2024-01-12,8,West,1403.15,2024-01-15,2024-01-14
188,21,2025-02-04,6,West,397.37,2025-02-07,2025-02-11
189,52,2024-10-08,6,Northeast,646.91,2024-10-11,2024-10-16
190,55,2024-04-21,10,Midwest,290.02,2024-04-24,2024-04-29
191,26,2025-01-12,4,Midwest,677.85,2025-01-15,2025-01-17
192,68,2024-09-24,9,South,575.31,2024-09-27,2024-10-02
193,34,2024-10-24,7,South,1477.95,2024-10-27,2024-10-30
194,52,2024-11-12,6,West,1410.01,2024-11-15,2024-11-16
195,82,2025-05-23,1,South,1910.76,2025-05-26,2025-05-26
196,99,2024-12-30,2,West,1454.35,2025-01-02,2025-01-07
197,93,2024-09-27,6,Northeast,1395.74,2024-09-30,2024-09-28
198,52,2025-04-18,1,Midwest,1394.52,2025-04-21,2025-04-27
199,29,2024-08-21,5,Midwest,1768.28,2024-08-24,2024-08-26
200,38,2024-02-28,1,West,606.55,2024-03-02,2024-03-02
201,42,2024-09-07,3,Midwest,614.18,2024-09-10,2024-09-10
202,21,2024-03-26,7,Northeast,1487.6,2024-03-29,2024-03-30
203,42,2025-01-24,5,South,472.84,2025-01-27,2025-01-31
204,13,2024-06-28,10,Northeast,1825.8,2024-07-01,2024-07-04
205,64,2024-05-28,1,Midwest,1078.87,2024-05-31,2024-06-01
206,17,2024-04-30,1,Northeast,614.25,2024-05-03,2024-05-03
207,9,2024-09-12,8,Midwest,1556.68,2024-09-15,2024-09-18
208,41,2024-11-04,9,West,638.39,2024-11-07,2024-11-17
209,1,2024-02-28,7,South,1927.29,2024-03-02,2024-03-12
210,2,2024-03-09,3,South,1966.32,2024-03-12,2024-03-17
211,60,2025-03-21,6,Midwest,1340.26,2025-03-24,2025-03-24
212,48,2025-01-22,3,Midwest,245.0,2025-01-25,2025-01-29
213,29,2024-03-26,10,South,541.15,2024-03-29,2024-03-29
214,97,2024-08-14,4,Northeast,1040.53,2024-08-17,2024-08-18
215,10,2024-07-02,4,Northeast,1705.87,2024-07-05,2024-07-11
216,58,2024-11-17,3,Northeast,386.08,2024-11-20,2024-11-21
217,60,2024-11-13,10,South,226.72,2024-11-16,2024-11-17
218,21,2025-02-02,6,West,167.47,2025-02-05,2025-02-05
219,28,2024-10-19,5,Midwest,1023.8,2024-10-22,2024-10-22
220,75,2024-10-19,9,Midwest,1771.71,2024-10-22,2024-10-23
221,34,2025-04-29,9,South,103.87,2025-05-02,2025-05-06
222,8,2025-03-22,3,West,440.4,2025-03-25,2025-03-29
223,59,2025-02-15,9,South,1392.65,2025-02-18,2025-02-21
224,86,2025-05-22,3,Northeast,1655.21,2025-05-25,2025-05-31
225,72,2024-08-31,4,Northeast,1618.65,2024-09-03,2024-09-01
226,49,2025-02-23,1,Midwest,1574.43,2025-02-26,2025-02-28
227,79,2024-06-02,5,Midwest,277.0,2024-06-05,2024-06-05
228,17,2025-02-27,9,Midwest,806.53,2025-03-02,2025-03-10
229,60,2024-09-29,2,Midwest,1969.79,2024-10-02,2024-10-03
230,87,2024-05-07,4,Northeast,1978.0,2024-05-10,2024-05-14
231,88,2025-01-07,10,Northeast,1212.81,2025-01-10,2025-01-15
232,45,2024-06-07,2,West,1424.35,2024-06-10,2024-06-11
233,83,2024-06-24,8,Midwest,1903.54,2024-06-27,2024-07-02
234,69,2024-07-29,9,South,910.86,2024-08-01,2024-08-06
235,32,2025-03-22,3,West,291.0,2025-03-25,2025-03-29
236,44,2024-06-15,9,West,1344.52,2024-06-18,2024-06-18
237,65,2025-04-04,6,Northeast,1921.0,2025-04-07,2025-04-05
238,87,2024-12-22,6,Midwest,1400.47,2024-12-25,2025-01-02
239,8,2024-10-30,7,West,1610.58,2024-11-02,2024-11-03
240,77,2024-08-20,5,Midwest,857.04,2024-08-23,2024-08-28
241,72,2024-11-22,6,Northeast,211.0,2024-11-25,2024-11-26
242,87,2024-06-30,1,West,354.39,2024-07-03,2024-07-11
243,43,2024-11-29,3,West,1965.66,2024-12-02,2024-12-03
244,1,2024-01-29,9,South,996.5,2024-02-01,2024-02-03
245,51,2024-04-02,5,Northeast,43.8,2024-04-05,2024-04-14
246,24,2024-11-25,5,South,1911.63,2024-11-28,2024-11-26
247,99,2024-07-02,8,Northeast,1005.6,2024-07-05,2024-07-11
248,24,2024-04-04,2,South,1675.81,2024-04-07,2024-04-09
249,17,2024-12-18,7,Northeast,1105.95,2024-12-21,2024-12-25
250,5,2024-09-21,9,Northeast,221.37,2024-09-24,2024-09-25
251,20,2024-01-19,7,West,1238.83,2024-01-22,2024-01-29
252,21,2025-05-13,5,South,1994.85,2025-05-16,2025-05-16
253,58,2024-05-18,6,South,88.78,2024-05-21,2024-05-23
254,31,2024-09-11,4,South,1686.75,2024-09-14,2024-09-19
255,100,2024-03-25,7,West,486.25,2024-03-28,2024-03-28
256,11,2025-04-02,1,Midwest,799.86,2025-04-05,2025-04-07
257,52,2024-04-01,4,Northeast,757.96,2024-04-04,2024-04-03
258,15,2024-03-09,3,South,1799.62,2024-03-12,2024-03-13
259,83,2024-02-06,4,Northeast,1018.88,2024-02-09,2024-02-19
260,7,2024-05-19,1,West,905.41,2024-05-22,2024-05-28
261,28,2024-06-26,2,Northeast,1639.69,2024-06-29,2024-07-03
262,51,2024-05-16,9,West,116.84,2024-05-19,2024-05-22
263,58,2024-07-08,7,Midwest,191.18,2024-07-11,2024-07-09
264,5,2024-12-07,6,South,62.94,2024-12-10,2024-12-11
265,5,2024-01-05,2,West,1382.21,2024-01-08,2024-01-13
266,94,2024-09-13,1,Northeast,1060.72,2024-09-16,2024-09-17
267,96,2024-08-30,2,West,1754.52,2024-09-02,2024-09-05
268,8,2025-02-18,7,West,1007.1,2025-02-21,2025-02-20
269,64,2024-12-08,2,Midwest,459.2,2024-12-11,2024-12-10
270,10,2025-01-13,3,South,1614.19,2025-01-16,2025-01-25
271,38,2024-05-25,8,West,602.76,2024-05-28,2024-06-05
272,96,2024-11-18,7,West,1872.67,2024-11-21,2024-11-23
273,92,2024-05-01,9,Northeast,515.84,2024-05-04,2024-05-04
274,81,2024-09-08,4,West,352.09,2024-09-11,2024-09-10
275,95,2024-11-06,7,West,996.78,2024-11-09,2024-11-12
276,8,2025-04-19,1,South,120.02,2025-04-22,2025-04-30
277,25,2025-05-06,2,South,92.1,2025-05-09,2025-05-09
278,73,2024-12-12,7,Northeast,1002.11,2024-12-15,2024-12-18
279,66,2025-05-01,2,West,445.91,2025-05-04,2025-05-06
280,79,2025-04-17,6,West,38.52,2025-04-20,2025-04-27
281,50,2025-01-16,10,West,606.19,2025-01-19,2025-01-22
282,67,2024-10-06,9,Midwest,965.19,2024-10-09,2024-10-07
283,49,2024-03-12,5,Midwest,800.69,2024-03-15,2024-03-19
284,36,2024-12-31,10,Northeast,288.23,2025-01-03,2025-01-06
285,68,2024-04-03,7,Midwest,1167.76,2024-04-06,2024-04-05
286,78,2025-01-07,1,Northeast,1426.46,2025-01-10,2025-01-15
287,41,2024-12-04,8,West,1357.57,2024-12-07,2024-12-08
288,89,2025-03-12,9,Midwest,799.65,2025-03-15,2025-03-18
289,62,2024-12-01,5,South,292.44,2024-12-04,2024-12-06
290,10,2025-05-06,6,Midwest,1008.98,2025-05-09,2025-05-10
291,21,2024-02-09,8,West,1783.05,2024-02-12,2024-02-12
292,36,2024-12-24,4,South,948.07,2024-12-27,2024-12-31
293,12,2024-09-10,2,Northeast,407.45,2024-09-13,2024-09-11
294,91,2025-02-01,10,West,204.25,2025-02-04,2025-02-09
295,2,2024-06-18,8,South,1888.97,2024-06-21,2024-06-20
296,13,2025-05-25,2,Midwest,1491.16,2025-05-28,2025-05-27
297,53,2024-09-16,5,Northeast,639.67,2024-09-19,2024-09-25
298,32,2025-04-03,6,Midwest,604.8,2025-04-06,2025-04-08
299,95,2024-12-06,5,South,1792.53,2024-12-09,2024-12-07
300,16,2024-02-26,6,South,371.59,2024-02-29,2024-03-02
301,32,2024-08-05,6,West,1079.37,2024-08-08,2024-08-12
302,32,2025-04-08,3,Northeast,1432.74,2025-04-11,2025-04-15
303,98,2024-09-03,3,Northeast,804.85,2024-09-06,2024-09-06
304,11,2025-01-07,9,South,99.01,2025-01-10,2025-01-10
305,10,2025-02-20,3,West,470.96,2025-02-23,2025-02-25
306,15,2024-01-31,3,South,1805.58,2024-02-03,2024-02-08
307,17,2025-01-02,2,South,1055.78,2025-01-05,2025-01-03
308,40,2024-04-17,7,Northeast,1634.57,2024-04-20,2024-04-18
309,18,2025-02-21,10,Midwest,1120.26,2025-02-24,2025-03-02
310,55,2025-02-01,10,Midwest,1888.33,2025-02-04,2025-02-10
311,73,2024-09-28,4,Northeast,1820.09,2024-10-01,2024-09-30
312,25,2024-04-25,1,West,976.12,2024-04-28,2024-04-29
313,59,2024-09-12,6,Northeast,650.18,2024-09-15,2024-09-23
314,78,2024-03-21,5,West,1211.3,2024-03-24,2024-03-29
315,89,2024-05-07,2,Northeast,1356.28,2024-05-10,2024-05-12
316,22,2024-08-22,6,West,1006.74,2024-08-25,2024-08-30
317,30,2024-06-29,1,South,1648.12,2024-07-02,2024-07-03
318,84,2024-06-05,3,South,382.99,2024-06-08,2024-06-10
319,85,2025-03-29,4,West,682.14,2025-04-01,2025-04-02
320,44,2024-01-24,3,Northeast,1379.03,2024-01-27,2024-01-31
321,32,2025-04-17,6,South,508.43,2025-04-20,2025-04-24
322,51,2025-02-03,4,Northeast,890.89,2025-02-06,2025-02-09
323,46,2024-05-13,1,Midwest,1928.19,2024-05-16,2024-05-20
324,21,2025-02-24,5,South,1259.23,2025-02-27,2025-03-04
325,99,2024-07-31,5,Northeast,1899.13,2024-08-03,2024-08-06
326,32,2025-04-26,9,Northeast,1450.43,2025-04-29,2025-05-02
327,94,2024-12-13,8,Midwest,1454.84,2024-12-16,2024-12-19
328,39,2024-06-14,8,Northeast,1191.88,2024-06-17,2024-06-23
329,12,2024-12-13,5,West,301.57,2024-12-16,2024-12-15
330,47,2025-02-01,8,South,1049.03,2025-02-04,2025-02-07
331,18,2025-03-10,10,West,520.28,2025-03-13,2025-03-11
332,21,2024-08-08,7,Midwest,1997.37,2024-08-11,2024-08-12
333,13,2024-11-03,1,West,548.58,2024-11-06,2024-11-14
334,21,2025-04-10,7,Northeast,476.76,2025-04-13,2025-04-13
335,8,2024-04-08,8,Midwest,1255.29,2024-04-11,2024-04-09
336,46,2024-08-29,3,Midwest,1031.68,2024-09-01,2024-08-31
337,7,2024-06-06,9,West,62.28,2024-06-09,2024-06-13
338,23,2024-08-14,8,Midwest,276.48,2024-08-17,2024-08-19
339,96,2025-02-26,2,West,1625.87,2025-03-01,2025-02-28
340,75,2024-03-12,6,West,977.71,2024-03-15,2024-03-21
341,86,2024-08-30,4,West,309.11,2024-09-02,2024-09-05
342,22,2024-02-14,3,Midwest,941.18,2024-02-17,2024-02-16
343,89,2025-04-16,6,Midwest,521.24,2025-04-19,2025-04-20
344,22,2025-01-05,10,South,462.71,2025-01-08,2025-01-16
345,92,2024-04-01,9,West,1916.3,2024-04-04,2024-04-05
346,29,2024-01-22,2,West,736.81,2024-01-25,2024-01-23
347,13,2024-06-20,10,West,111.93,2024-06-23,2024-06-26
348,82,2024-07-10,10,West,1941.25,2024-07-13,2024-07-16
349,2,2024-03-17,10,West,1593.78,2024-03-20,2024-03-26
350,29,2024-10-07,5,West,523.74,2024-10-10,2024-10-11
351,85,2024-12-29,6,West,829.61,2025-01-01,2025-01-04
352,79,2024-06-27,4,South,1727.33,2024-06-30,2024-07-03
353,52,2024-08-25,7,South,727.68,2024-08-28,2024-08-30
354,27,2024-05-14,2,Northeast,1143.46,2024-05-17,2024-05-20
355,50,2024-10-06,7,West,1079.02,2024-10-09,2024-10-13
356,95,2024-01-19,2,West,814.56,2024-01-22,2024-01-26
357,79,2025-01-05,1,South,1286.21,2025-01-08,2025-01-13
358,23,2024-04-21,5,South,957.12,2024-04-24,2024-04-22
359,88,2024-08-08,2,West,62.04,2024-08-11,2024-08-09
360,44,2024-10-30,8,West,1632.48,2024-11-02,2024-11-05
361,77,2024-11-20,8,South,244.05,2024-11-23,2024-11-25
362,22,2025-03-12,1,South,938.9,2025-03-15,2025-03-14
363,43,2025-03-13,4,Northeast,1168.2,2025-03-16,2025-03-17
364,37,2024-06-18,9,Northeast,1416.9,2024-06-21,2024-06-21
365,61,2025-01-09,5,West,833.38,2025-01-12,2025-01-16
366,97,2025-01-15,10,South,1476.39,2025-01-18,2025-01-17
367,56,2024-01-14,6,Northeast,280.07,2024-01-17,2024-01-20
368,3,2025-05-14,3,West,1313.82,2025-05-17,2025-05-22
369,63,2025-01-25,5,Northeast,1656.15,2025-01-28,2025-01-27
370,19,2025-05-06,1,Northeast,1781.1,2025-05-09,2025-05-07
371,23,2025-01-19,8,Northeast,1167.54,2025-01-22,2025-01-22
372,29,2024-07-14,6,Midwest,639.53,2024-07-17,2024-07-16
373,30,2024-10-26,2,West,343.45,2024-10-29,2024-10-31
374,39,2024-11-03,4,Northeast,704.21,2024-11-06,2024-11-04
375,25,2024-09-08,4,West,1089.15,2024-09-11,2024-09-18
376,8,2024-01-08,9,West,408.73,2024-01-11,2024-01-09
377,58,2024-07-26,9,South,1905.98,2024-07-29,2024-07-27
378,16,2024-05-10,5,West,1796.33,2024-05-13,2024-05-15
379,72,2024-01-26,3,Northeast,85.26,2024-01-29,2024-01-31
380,1,2025-03-29,1,West,1132.68,2025-04-01,2025-04-07
381,5,2024-07-04,6,South,1582.83,2024-07-07,2024-07-08
382,3,2025-04-28,8,Midwest,505.88,2025-05-01,2025-05-02
383,65,2024-02-20,1,Midwest,1057.31,2024-02-23,2024-02-27
384,4,2024-01-05,1,South,823.86,2024-01-08,2024-01-13
385,99,2024-06-08,7,Northeast,409.16,2024-06-11,2024-06-09
386,96,2024-07-26,7,Northeast,1237.18,2024-07-29,2024-07-31
387,64,2024-09-13,2,Northeast,1987.51,2024-09-16,2024-09-24
388,98,2024-07-23,3,West,743.27,2024-07-26,2024-07-26
389,89,2024-01-11,2,Midwest,1113.71,2024-01-14,2024-01-16
390,10,2024-01-08,6,Northeast,669.15,2024-01-11,2024-01-16
391,21,2025-02-12,8,Midwest,1756.36,2025-02-15,2025-02-18
392,46,2024-02-01,8,South,1731.91,2024-02-04,2024-02-03
393,91,2025-01-21,1,Midwest,373.97,2025-01-24,2025-01-26
394,27,2024-08-15,9,Northeast,1801.9,2024-08-18,2024-08-16
395,66,2025-04-19,8,Midwest,319.99,2025-04-22,2025-04-21
396,41,2024-07-25,9,South,208.97,2024-07-28,2024-08-02
397,13,2024-11-13,9,Midwest,1312.81,2024-11-16,2024-11-21
398,9,2024-12-13,6,West,784.09,2024-12-16,2024-12-23
399,36,2024-08-21,3,South,1070.87,2024-08-24,2024-08-29
400,86,2024-02-13,1,West,1312.09,2024-02-16,2024-02-18
401,90,2024-05-21,8,West,124.62,2024-05-24,2024-05-23
402,58,2024-06-24,10,Northeast,600.05,2024-06-27,2024-07-03
403,54,2025-03-24,3,Northeast,932.59,2025-03-27,2025-03-31
404,12,2024-03-22,7,South,547.84,2024-03-25,2024-03-29
405,81,2024-05-14,10,Northeast,116.96,2024-05-17,2024-05-21
406,78,2024-06-25,6,Midwest,191.62,2024-06-28,2024-07-04
407,14,2025-01-17,3,South,1607.46,2025-01-20,2025-01-18
408,34,2024-08-30,6,Northeast,1824.55,2024-09-02,2024-08-31
409,53,2024-05-20,3,Northeast,321.42,2024-05-23,2024-05-22
410,20,2025-04-01,9,Midwest,513.54,2025-04-04,2025-04-07
411,75,2025-03-15,1,West,1311.45,2025-03-18,2025-03-19
412,16,2024-02-25,8,Midwest,1909.46,2024-02-28,2024-03-04
413,95,2025-02-22,5,West,613.19,2025-02-25,2025-02-27
414,70,2024-03-28,4,Northeast,1713.32,2024-03-31,2024-04-09
415,56,2024-01-08,1,West,1021.93,2024-01-11,2024-01-18
416,83,2025-04-21,9,West,1913.99,2025-04-24,2025-04-26
417,58,2024-08-02,9,Northeast,289.79,2024-08-05,2024-08-03
418,4,2025-05-11,5,South,1947.87,2025-05-14,2025-05-18
419,4,2025-05-17,9,Midwest,893.14,2025-05-20,2025-05-19
420,20,2024-09-01,10,Northeast,1906.82,2024-09-04,2024-09-03
421,10,2025-04-22,9,Midwest,928.21,2025-04-25,2025-04-26
422,24,2024-11-04,7,Midwest,1069.56,2024-11-07,2024-11-08
423,99,2024-08-18,8,West,1613.45,2024-08-21,2024-08-25
424,26,2025-01-17,1,Northeast,1450.8,2025-01-20,2025-01-23
425,37,2024-06-03,4,South,1246.81,2024-06-06,2024-06-05
426,85,2024-06-23,10,Midwest,845.62,2024-06-26,2024-06-27
427,54,2024-04-24,10,Midwest,1589.03,2024-04-27,2024-04-25
428,21,2025-01-24,4,South,1897.49,2025-01-27,2025-01-30
429,74,2024-11-06,9,Midwest,39.43,2024-11-09,2024-11-07
430,38,2024-10-26,3,Northeast,1183.93,2024-10-29,2024-10-30
431,46,2024-01-18,10,South,1734.64,2024-01-21,2024-01-21
432,4,2024-01-12,10,Northeast,1313.16,2024-01-15,2024-01-19
433,60,2025-02-07,1,South,1605.64,2025-02-10,2025-02-10
434,57,2024-08-19,5,Midwest,1792.22,2024-08-22,2024-08-21
435,45,2024-10-04,7,South,1506.88,2024-10-07,2024-10-10
436,20,2024-12-18,4,Northeast,1439.69,2024-12-21,2024-12-24
437,17,2024-10-29,9,South,1930.2,2024-11-01,2024-10-31
438,71,2025-04-14,6,Midwest,1730.1,2025-04-17,2025-04-21
439,4,2024-03-17,6,West,1634.45,2024-03-20,2024-03-29
440,93,2024-01-24,3,Midwest,191.08,2024-01-27,2024-01-28
441,14,2024-01-15,10,Midwest,493.28,2024-01-18,2024-01-16
442,3,2024-12-12,10,West,1122.38,2024-12-15,2024-12-17
443,88,2024-06-20,5,South,1424.93,2024-06-23,2024-06-21
444,80,2024-11-22,10,Midwest,620.37,2024-11-25,2024-11-26
445,58,2025-04-29,6,West,204.79,2025-05-02,2025-05-02
446,55,2025-05-03,4,Northeast,635.98,2025-05-06,2025-05-10
447,4,2025-04-06,3,West,1546.64,2025-04-09,2025-04-07
448,24,2025-01-12,5,Midwest,1757.25,2025-01-15,2025-01-13
449,34,2024-06-12,7,Northeast,1827.55,2024-06-15,2024-06-18
450,30,2025-01-06,6,Midwest,770.16,2025-01-09,2025-01-13
451,82,2025-02-27,2,West,757.63,2025-03-02,2025-02-28
452,19,2025-04-21,1,Northeast,825.28,2025-04-24,2025-05-01
453,31,2025-01-16,5,Midwest,764.1,2025-01-19,2025-01-24
454,60,2024-06-03,5,West,1339.07,2024-06-06,2024-06-06
455,60,2024-09-13,6,Northeast,729.48,2024-09-16,2024-09-18
456,19,2024-03-08,3,Midwest,60.28,2024-03-11,2024-03-09
457,49,2024-12-09,1,West,889.27,2024-12-12,2024-12-16
458,63,2024-10-03,4,Midwest,463.82,2024-10-06,2024-10-05
459,83,2025-01-25,4,Midwest,77.04,2025-01-28,2025-01-29
460,22,2025-03-24,10,Midwest,952.27,2025-03-27,2025-03-29
461,24,2024-09-15,2,South,427.79,2024-09-18,2024-09-24
462,76,2024-11-02,8,Midwest,916.43,2024-11-05,2024-11-08
463,30,2024-04-04,6,Northeast,569.94,2024-04-07,2024-04-08
464,58,2025-04-08,3,West,1215.34,2025-04-11,2025-04-11
465,31,2024-09-02,1,West,1981.94,2024-09-05,2024-09-08
466,100,2024-07-05,3,South,1103.52,2024-07-08,2024-07-10
467,64,2025-01-07,8,South,1300.85,2025-01-10,2025-01-11
468,19,2025-02-09,4,South,1840.17,2025-02-12,2025-02-14
469,48,2025-02-11,3,Midwest,760.52,2025-02-14,2025-02-15
470,45,2024-05-04,4,Midwest,349.77,2024-05-07,2024-05-05
471,100,2024-12-02,4,Northeast,579.94,2024-12-05,2024-12-07
472,94,2024-12-06,2,West,817.53,2024-12-09,2024-12-11
473,55,2024-06-26,4,West,1297.14,2024-06-29,2024-07-01
474,55,2024-06-18,9,Midwest,29.08,2024-06-21,2024-06-20
475,97,2024-02-08,4,West,1709.7,2024-02-11,2024-02-11
476,18,2024-03-09,1,Midwest,170.67,2024-03-12,2024-03-19
477,63,2024-08-23,1,South,1803.3,2024-08-26,2024-08-26
478,92,2025-01-15,1,Midwest,1899.88,2025-01-18,2025-01-22
479,47,2024-02-26,5,Northeast,1980.4,2024-02-29,2024-02-29
480,75,2024-10-03,6,Midwest,1622.83,2024-10-06,2024-10-04
481,57,2024-04-08,6,Midwest,300.87,2024-04-11,2024-04-13
482,45,2024-11-20,6,West,1418.21,2024-11-23,2024-11-27
483,33,2025-04-05,9,Midwest,422.58,2025-04-08,2025-04-09
484,17,2024-06-27,1,Northeast,1796.31,2024-06-30,2024-06-28
485,70,2024-04-28,10,Midwest,646.88,2024-05-01,2024-04-29
486,4,2025-04-13,6,Midwest,667.06,2025-04-16,2025-04-21
487,20,2025-03-30,8,South,1836.95,2025-04-02,2025-04-04
488,47,2024-01-26,8,Midwest,46.2,2024-01-29,2024-02-02
489,91,2025-05-04,3,Midwest,404.05,2025-05-07,2025-05-10
490,15,2024-01-08,5,Midwest,855.43,2024-01-11,2024-01-10
491,70,2025-05-30,10,Northeast,1407.43,2025-06-02,2025-06-03
492,47,2024-05-28,4,West,1302.18,2024-05-31,2024-05-29
493,78,2025-05-02,1,South,1345.44,2025-05-05,2025-05-10
494,75,2024-01-25,9,South,1762.44,2024-01-28,2024-01-31
495,9,2025-02-28,5,Midwest,259.64,2025-03-03,2025-03-07
496,90,2024-10-19,2,Midwest,1053.88,2024-10-22,2024-10-28
497,16,2024-07-03,2,West,1456.45,2024-07-06,2024-07-07
498,69,2025-03-06,7,Midwest,1279.51,2025-03-09,2025-03-09
499,61,2024-11-12,4,Northeast,907.66,2024-11-15,2024-11-17
500,10,2025-02-01,1,West,53.89,2025-02-04,2025-02-10
501,50,2024-11-19,5,Midwest,139.7,2024-11-22,2024-11-20
502,3,2024-03-16,2,West,255.5,2024-03-19,2024-03-21
503,77,2025-04-30,7,South,699.59,2025-05-03,2025-05-07
504,94,2024-03-28,9,Midwest,252.95,2024-03-31,2024-04-03
505,70,2024-08-19,1,West,863.64,2024-08-22,2024-08-27
506,81,2024-01-07,2,West,373.71,2024-01-10,2024-01-08
507,51,2024-02-21,6,Midwest,1562.75,2024-02-24,2024-02-29
508,19,2025-01-30,8,West,1745.55,2025-02-02,2025-02-02
509,42,2024-08-08,7,Midwest,791.5,2024-08-11,2024-08-09
510,35,2025-03-03,9,Midwest,1032.44,2025-03-06,2025-03-07
511,46,2024-05-22,2,Northeast,1907.92,2024-05-25,2024-05-24
512,26,2024-12-28,9,Northeast,1080.31,2024-12-31,2025-01-02
513,69,2025-01-16,4,West,1990.24,2025-01-19,2025-01-17
514,93,2024-10-03,3,West,301.42,2024-10-06,2024-10-08
515,64,2024-09-27,7,West,1727.21,2024-09-30,2024-09-30
516,37,2024-01-14,5,South,1004.46,2024-01-17,2024-01-25
517,84,2024-10-24,5,Midwest,64.97,2024-10-27,2024-10-30
518,49,2025-04-08,2,Midwest,1945.0,2025-04-11,2025-04-14
519,21,2024-08-21,6,South,1930.79,2024-08-24,2024-08-25
520,74,2024-01-27,6,South,778.88,2024-01-30,2024-02-05
521,64,2025-04-15,4,West,1909.2,2025-04-18,2025-04-21
522,5,2024-04-02,5,Midwest,299.2,2024-04-05,2024-04-12
523,100,2024-11-04,7,Northeast,1366.62,2024-11-07,2024-11-12
524,70,2024-02-21,8,Northeast,400.02,2024-02-24,2024-02-25
525,90,2024-11-14,6,South,508.36,2024-11-17,2024-11-21
526,4,2024-06-29,5,South,1563.09,2024-07-02,2024-07-06
527,39,2024-04-29,3,Midwest,767.17,2024-05-02,2024-05-07
528,35,2024-02-12,7,Midwest,34.11,2024-02-15,2024-02-18
529,1,2024-09-16,8,Northeast,840.19,2024-09-19,2024-09-17
530,24,2024-07-15,3,Midwest,471.58,2024-07-18,2024-07-20
531,57,2024-09-11,5,West,1372.99,2024-09-14,2024-09-16
532,100,2024-12-01,2,South,405.01,2024-12-04,2024-12-06
533,70,2025-05-16,10,Northeast,1687.66,2025-05-19,2025-05-24
534,41,2024-09-11,10,Northeast,548.84,2024-09-14,2024-09-14
535,54,2025-05-28,4,West,798.2,2025-05-31,2025-06-02
536,46,2024-08-29,4,Midwest,610.11,2024-09-01,2024-09-03
537,60,2024-05-28,8,Midwest,1294.97,2024-05-31,2024-06-04
538,60,2024-10-25,3,South,220.3,2024-10-28,2024-11-04
539,57,2025-03-28,5,West,966.64,2025-03-31,2025-04-04
540,31,2025-01-27,5,Northeast,682.22,2025-01-30,2025-02-03
541,84,2024-07-30,2,West,1770.59,2024-08-02,2024-08-01
542,24,2024-05-10,9,Northeast,165.36,2024-05-13,2024-05-11
543,89,2024-11-24,4,West,1662.8,2024-11-27,2024-11-30
544,36,2024-09-12,9,Midwest,352.01,2024-09-15,2024-09-16
545,85,2025-04-23,9,Northeast,195.38,2025-04-26,2025-04-29
546,30,2024-03-03,2,South,420.6,2024-03-06,2024-03-06
547,24,2024-11-06,9,West,223.25,2024-11-09,2024-11-15
548,30,2025-02-10,9,Midwest,1051.55,2025-02-13,2025-02-11
549,86,2024-04-14,2,Northeast,1976.67,2024-04-17,2024-04-18
550,92,2024-01-15,6,Midwest,87.97,2024-01-18,2024-01-19
551,7,2024-09-15,9,West,933.03,2024-09-18,2024-09-23
552,35,2025-02-15,4,South,784.42,2025-02-18,2025-02-19
553,55,2024-09-15,2,South,692.42,2024-09-18,2024-09-18
554,92,2024-09-16,7,West,677.09,2024-09-19,2024-09-21
555,14,2024-02-14,9,Northeast,1792.13,2024-02-17,2024-02-17
556,10,2024-11-26,6,Midwest,57.57,2024-11-29,2024-12-01
557,80,2024-06-13,4,Midwest,1554.33,2024-06-16,2024-06-18
558,16,2024-07-11,1,Northeast,520.81,2024-07-14,2024-07-24
559,54,2025-02-04,4,West,778.93,2025-02-07,2025-02-08
560,95,2025-01-08,3,Midwest,851.9,2025-01-11,2025-01-13
561,89,2024-03-05,7,Midwest,623.37,2024-03-08,2024-03-11
562,77,2025-01-21,10,West,205.25,2025-01-24,2025-01-27
563,70,2025-05-09,5,Midwest,246.38,2025-05-12,2025-05-17
564,44,2025-02-18,3,Northeast,610.3,2025-02-21,2025-03-01
565,73,2024-01-30,2,Northeast,1647.18,2024-02-02,2024-02-02
566,45,2024-09-22,2,West,286.56,2024-09-25,2024-09-28
567,100,2024-11-23,5,West,1490.43,2024-11-26,2024-11-28
568,56,2025-05-06,8,Northeast,591.96,2025-05-09,2025-05-12
569,84,2024-08-04,8,West,1769.26,2024-08-07,2024-08-12
570,82,2024-11-15,5,Northeast,868.09,2024-11-18,2024-11-25
571,57,2025-02-02,2,Northeast,360.01,2025-02-05,2025-02-10
572,21,2024-04-14,4,Northeast,1971.97,2024-04-17,2024-04-20
573,68,2024-11-25,7,Midwest,369.74,2024-11-28,2024-12-03
574,50,2024-02-16,6,West,1143.89,2024-02-19,2024-02-18
575,33,2024-11-09,10,Midwest,1147.19,2024-11-12,2024-11-12
576,91,2024-05-26,7,West,758.17,2024-05-29,2024-06-01
577,7,2025-04-06,5,South,1903.95,2025-04-09,2025-04-14
578,70,2025-04-30,2,Midwest,1690.87,2025-05-03,2025-05-04
579,15,2025-02-13,8,Midwest,1663.04,2025-02-16,2025-02-17
580,82,2024-01-27,2,Midwest,1948.82,2024-01-30,2024-01-28
581,32,2024-01-29,8,South,925.08,2024-02-01,2024-02-10
582,75,2024-09-27,7,West,212.43,2024-09-30,2024-10-01
583,20,2025-05-15,3,South,1535.6,2025-05-18,2025-05-16
584,88,2024-09-09,4,West,774.01,2024-09-12,2024-09-15
585,15,2025-01-19,7,West,396.88,2025-01-22,2025-01-25
586,48,2024-02-29,4,West,976.83,2024-03-03,2024-03-04
587,71,2024-04-16,9,West,1852.92,2024-04-19,2024-04-18
588,21,2024-08-07,7,West,359.29,2024-08-10,2024-08-15
589,42,2025-03-16,1,South,1700.42,2025-03-19,2025-03-23
590,26,2024-04-05,1,Midwest,848.05,2024-04-08,2024-04-12
591,14,2024-03-29,4,South,290.87,2024-04-01,2024-04-01
592,57,2024-08-18,9,Midwest,1699.8,2024-08-21,2024-08-21
593,37,2024-10-01,4,Midwest,1939.85,2024-10-04,2024-10-05
594,58,2024-09-02,5,Northeast,596.72,2024-09-05,2024-09-06
595,21,2024-04-20,1,Midwest,621.0,2024-04-23,2024-04-27
596,82,2024-08-21,2,South,793.28,2024-08-24,2024-08-25
597,69,2024-10-04,4,Northeast,1631.98,2024-10-07,2024-10-06
598,3,2025-04-21,4,West,40.63,2025-04-24,2025-04-27
599,87,2025-02-20,10,West,463.43,2025-02-23,2025-03-04
600,90,2024-05-07,6,Midwest,1417.68,2024-05-10,2024-05-10
601,37,2024-08-24,6,West,823.17,2024-08-27,2024-08-27
602,88,2024-05-07,8,West,673.99,2024-05-10,2024-05-12
603,49,2025-01-28,9,Northeast,1747.12,2025-01-31,2025-02-04
604,19,2025-04-19,1,South,1836.32,2025-04-22,2025-04-26
605,89,2025-01-29,1,West,1897.01,2025-02-01,2025-02-03
606,85,2024-04-20,6,West,559.65,2024-04-23,2024-04-24
607,12,2024-03-30,4,South,1826.77,2024-04-02,2024-04-10
608,61,2024-10-06,4,Northeast,1479.19,2024-10-09,2024-10-14
609,41,2024-11-28,1,Northeast,325.35,2024-12-01,2024-12-08
610,33,2024-08-11,9,West,1228.33,2024-08-14,2024-08-18
611,50,2024-04-10,3,Midwest,72.14,2024-04-13,2024-04-15
612,68,2024-05-11,5,South,1422.59,2024-05-14,2024-05-17
613,71,2024-01-13,10,Northeast,1472.46,2024-01-16,2024-01-23
614,86,2025-04-01,1,West,1582.89,2025-04-04,2025-04-08
615,33,2025-03-16,8,Northeast,361.6,2025-03-19,2025-03-17
616,81,2024-04-07,3,West,1263.93,2024-04-10,2024-04-16
617,24,2024-04-29,1,South,374.14,2024-05-02,2024-05-08
618,61,2024-10-19,10,Midwest,1894.37,2024-10-22,2024-10-28
619,61,2024-01-01,6,South,1356.52,2024-01-04,2024-01-02
620,98,2024-09-06,1,Northeast,208.75,2024-09-09,2024-09-12
621,28,2024-05-28,3,Northeast,390.32,2024-05-31,2024-06-05
622,58,2025-01-29,5,Northeast,1333.65,2025-02-01,2025-02-03
623,43,2024-02-13,4,Midwest,963.81,2024-02-16,2024-02-19
624,41,2024-02-13,7,South,1477.87,2024-02-16,2024-02-20
625,39,2024-03-18,6,West,575.96,2024-03-21,2024-03-21
626,86,2024-08-13,3,South,1322.68,2024-08-16,2024-08-19
627,49,2024-06-10,8,South,370.38,2024-06-13,2024-06-12
628,17,2024-09-09,8,Midwest,1096.55,2024-09-12,2024-09-14
629,98,2024-05-11,2,South,1916.44,2024-05-14,2024-05-14
630,70,2025-03-23,7,Northeast,1263.88,2025-03-26,2025-03-31
631,70,2025-04-18,1,Midwest,118.99,2025-04-21,2025-04-25
632,98,2024-04-18,2,Northeast,1977.75,2024-04-21,2024-04-25
633,65,2024-02-04,8,Northeast,330.6,2024-02-07,2024-02-10
634,74,2025-04-11,1,South,1441.78,2025-04-14,2025-04-17
635,85,2024-10-01,2,West,1074.41,2024-10-04,2024-10-12
636,5,2024-07-05,1,South,602.83,2024-07-08,2024-07-14
637,2,2024-08-30,5,West,371.07,2024-09-02,2024-09-01
638,22,2024-09-20,7,Midwest,371.85,2024-09-23,2024-09-23
639,57,2024-03-27,6,Midwest,1719.63,2024-03-30,2024-03-31
640,66,2024-07-28,6,Midwest,1748.37,2024-07-31,2024-08-01
641,74,2024-02-15,6,Northeast,940.99,2024-02-18,2024-02-18
642,98,2025-04-11,8,Northeast,225.17,2025-04-14,2025-04-18
643,16,2024-01-26,5,Midwest,1770.65,2024-01-29,2024-01-31
644,51,2024-09-22,10,South,984.29,2024-09-25,2024-09-28
645,39,2024-06-23,7,Northeast,888.75,2024-06-26,2024-06-24
646,86,2025-05-30,3,Northeast,826.57,2025-06-02,2025-05-31
647,76,2024-11-06,9,South,742.73,2024-11-09,2024-11-09
648,88,2024-11-17,10,Northeast,1061.49,2024-11-20,2024-11-24
649,40,2024-05-14,3,South,1216.99,2024-05-17,2024-05-20
650,38,2024-02-24,6,West,943.54,2024-02-27,2024-03-03
651,60,2024-06-04,3,South,1795.36,2024-06-07,2024-06-07
652,59,2024-05-26,1,West,648.97,2024-05-29,2024-06-02
653,10,2025-04-29,1,Northeast,1165.06,2025-05-02,2025-05-09
654,99,2024-01-20,3,West,613.91,2024-01-23,2024-01-28
655,64,2024-09-25,4,South,1511.63,2024-09-28,2024-09-26
656,63,2024-11-28,2,West,222.2,2024-12-01,2024-12-06
657,49,2025-02-04,9,Midwest,393.62,2025-02-07,2025-02-10
658,64,2024-11-01,8,South,1606.38,2024-11-04,2024-11-07
659,32,2024-01-28,3,South,382.73,2024-01-31,2024-02-09
660,7,2025-04-11,7,West,1258.98,2025-04-14,2025-04-17
661,21,2024-09-16,4,Northeast,1941.08,2024-09-19,2024-09-23
662,20,2024-04-10,5,Northeast,1055.32,2024-04-13,2024-04-15
663,26,2024-12-18,4,South,391.04,2024-12-21,2024-12-22
664,68,2024-10-26,9,South,654.97,2024-10-29,2024-11-01
665,86,2024-10-22,7,West,1650.45,2024-10-25,2024-10-26
666,15,2024-12-18,4,South,716.29,2024-12-21,2024-12-23
667,85,2024-05-09,8,South,1452.55,2024-05-12,2024-05-13
668,79,2024-06-04,2,Northeast,1559.15,2024-06-07,2024-06-05
669,86,2024-03-14,7,South,1012.34,2024-03-17,2024-03-18
670,92,2024-12-07,1,West,1570.76,2024-12-10,2024-12-15
671,14,2025-04-09,8,South,647.47,2025-04-12,2025-04-16
672,27,2024-03-30,6,South,1042.0,2024-04-02,2024-04-03
673,40,2025-03-30,5,South,1379.39,2025-04-02,2025-04-04
674,58,2024-11-27,9,Midwest,352.78,2024-11-30,2024-11-30
675,28,2024-12-13,9,South,561.77,2024-12-16,2024-12-16
676,26,2024-08-20,3,West,1311.03,2024-08-23,2024-08-25
677,63,2024-04-11,9,Northeast,1317.61,2024-04-14,2024-04-15
678,66,2025-04-25,9,Northeast,996.74,2025-04-28,2025-04-28
679,25,2024-08-01,2,Midwest,1595.26,2024-08-04,2024-08-06
680,3,2024-04-17,5,West,974.47,2024-04-20,2024-04-19
681,72,2024-06-13,2,Northeast,1765.02,2024-06-16,2024-06-23
682,44,2024-11-30,1,Northeast,1477.09,2024-12-03,2024-12-08
683,97,2024-03-26,7,South,643.1,2024-03-29,2024-03-27
684,42,2025-02-27,4,South,802.6,2025-03-02,2025-03-07
685,99,2024-12-29,5,South,1342.02,2025-01-01,2025-01-02
686,6,2024-02-29,4,Midwest,1791.02,2024-03-03,2024-03-03
687,39,2025-04-26,6,South,373.84,2025-04-29,2025-05-03
688,52,2024-09-06,2,West,1039.03,2024-09-09,2024-09-11
689,23,2024-04-26,8,Midwest,255.19,2024-04-29,2024-04-30
690,89,2024-02-13,4,Northeast,573.32,2024-02-16,2024-02-14
691,50,2025-05-23,8,Northeast,1378.24,2025-05-26,2025-05-31
692,43,2024-06-13,3,West,173.91,2024-06-16,2024-06-21
693,19,2025-01-02,5,West,1331.47,2025-01-05,2025-01-07
694,69,2024-10-18,3,Northeast,1803.61,2024-10-21,2024-10-20
695,51,2024-10-12,7,West,1939.35,2024-10-15,2024-10-18
696,11,2024-07-22,3,West,448.93,2024-07-25,2024-07-29
697,12,2024-04-30,8,West,1502.82,2024-05-03,2024-05-05
698,74,2024-07-06,9,South,1854.21,2024-07-09,2024-07-14
699,8,2024-01-13,2,Northeast,200.91,2024-01-16,2024-01-19
700,24,2024-07-18,3,West,839.77,2024-07-21,2024-07-24
701,92,2025-03-31,7,West,1840.43,2025-04-03,2025-04-09
702,41,2025-03-23,5,South,421.52,2025-03-26,2025-03-27
703,36,2024-03-11,10,Northeast,1868.85,2024-03-14,2024-03-12
704,85,2024-05-09,7,Midwest,1063.84,2024-05-12,2024-05-13
705,72,2024-02-12,2,Northeast,217.79,2024-02-15,2024-02-15
706,55,2024-01-13,4,Northeast,910.76,2024-01-16,2024-01-14
707,9,2024-10-28,1,Northeast,666.0,2024-10-31,2024-11-04
708,47,2024-04-24,5,South,578.76,2024-04-27,2024-04-29
709,15,2025-04-04,8,Northeast,1092.12,2025-04-07,2025-04-05
710,48,2025-05-19,1,Midwest,977.51,2025-05-22,2025-05-29
711,82,2024-11-03,7,West,974.29,2024-11-06,2024-11-06
712,42,2024-11-20,7,Northeast,194.52,2024-11-23,2024-11-23
713,60,2024-06-23,7,South,1608.59,2024-06-26,2024-07-01
714,84,2025-05-28,1,Northeast,973.25,2025-05-31,2025-06-03
715,70,2024-06-20,3,Northeast,1645.39,2024-06-23,2024-06-28
716,12,2025-05-16,2,Midwest,1652.7,2025-05-19,2025-05-17
717,2,2024-11-29,5,Midwest,647.93,2024-12-02,2024-12-03
718,7,2024-10-10,2,South,28.61,2024-10-13,2024-10-15
719,80,2025-04-19,5,South,1824.27,2025-04-22,2025-04-28
720,3,2024-02-23,5,South,1526.18,2024-02-26,2024-02-25
721,3,2025-04-02,4,South,232.36,2025-04-05,2025-04-06
722,27,2025-02-23,7,South,1409.42,2025-02-26,2025-02-28
723,40,2025-02-12,10,West,59.65,2025-02-15,2025-02-19
724,33,2024-10-30,6,West,74.96,2024-11-02,2024-11-01
725,92,2024-08-09,2,South,1061.13,2024-08-12,2024-08-16
726,1,2024-06-06,4,South,210.15,2024-06-09,2024-06-09
727,8,2024-12-13,7,West,1929.39,2024-12-16,2024-12-19
728,32,2024-06-07,9,Midwest,1789.79,2024-06-10,2024-06-11
729,48,2024-08-22,9,West,1306.63,2024-08-25,2024-08-28
730,4,2025-02-08,3,South,146.14,2025-02-11,2025-02-14
731,94,2024-09-13,1,Midwest,663.17,2024-09-16,2024-09-22
732,70,2024-02-16,9,South,756.01,2024-02-19,2024-02-20
733,19,2024-07-31,8,Northeast,972.14,2024-08-03,2024-08-04
734,32,2025-04-23,7,Midwest,354.43,2025-04-26,2025-05-01
735,9,2025-05-01,6,South,1163.47,2025-05-04,2025-05-10
736,12,2024-12-07,10,West,882.83,2024-12-10,2024-12-11
737,11,2025-05-17,7,South,1895.65,2025-05-20,2025-05-24
738,46,2024-01-06,9,West,1873.67,2024-01-09,2024-01-08
739,16,2024-05-23,6,Midwest,1139.64,2024-05-26,2024-05-30
740,1,2024-09-17,10,West,1295.81,2024-09-20,2024-09-25
741,63,2024-08-19,3,Midwest,292.84,2024-08-22,2024-08-23
742,21,2024-09-26,3,South,462.18,2024-09-29,2024-10-04
743,30,2025-03-22,4,West,1803.42,2025-03-25,2025-03-26
744,13,2024-08-09,10,Midwest,1404.35,2024-08-12,2024-08-14
745,34,2024-02-21,10,Midwest,395.07,2024-02-24,2024-02-27
746,4,2024-04-25,8,Midwest,1149.02,2024-04-28,2024-04-27
747,28,2024-01-19,10,Northeast,1870.83,2024-01-22,2024-01-20
748,95,2025-01-26,9,Midwest,703.44,2025-01-29,2025-02-01
749,59,2025-02-22,8,South,387.92,2025-02-25,2025-02-25
750,27,2024-11-04,10,South,1885.21,2024-11-07,2024-11-05
751,69,2024-07-04,2,South,933.31,2024-07-07,2024-07-11
752,25,2024-09-17,4,Midwest,846.14,2024-09-20,2024-09-27
753,3,2024-09-29,4,South,549.78,2024-10-02,2024-10-07
754,97,2024-06-08,2,Midwest,1785.34,2024-06-11,2024-06-09
755,68,2024-08-11,8,Midwest,1694.32,2024-08-14,2024-08-17
756,25,2024-09-12,3,Midwest,817.92,2024-09-15,2024-09-16
757,20,2024-06-28,2,Northeast,80.61,2024-07-01,2024-06-30
758,34,2024-01-20,7,West,904.37,2024-01-23,2024-01-25
759,26,2025-04-12,1,South,378.1,2025-04-15,2025-04-17
760,5,2024-07-28,6,Northeast,302.61,2024-07-31,2024-08-01
761,99,2025-05-27,3,South,798.33,2025-05-30,2025-06-04
762,61,2024-02-27,3,Northeast,216.17,2024-03-01,2024-03-07
763,92,2024-04-02,5,West,1915.78,2024-04-05,2024-04-06
764,93,2024-08-08,3,West,114.13,2024-08-11,2024-08-12
765,9,2024-08-19,4,West,814.71,2024-08-22,2024-08-23
766,50,2024-12-29,3,West,342.15,2025-01-01,2025-01-05
767,6,2025-01-08,7,Midwest,1383.85,2025-01-11,2025-01-14
768,83,2025-03-31,3,South,176.05,2025-04-03,2025-04-03
769,60,2024-03-28,10,South,1102.68,2024-03-31,2024-04-02
770,44,2024-01-20,4,South,1550.74,2024-01-23,2024-01-21
771,11,2024-01-14,2,Midwest,1901.12,2024-01-17,2024-01-15
772,66,2024-05-12,2,South,1403.08,2024-05-15,2024-05-13
773,47,2024-02-03,9,West,216.99,2024-02-06,2024-02-07
774,73,2024-07-26,1,South,195.27,2024-07-29,2024-08-02
775,85,2024-07-17,1,South,1468.56,2024-07-20,2024-07-20
776,88,2024-06-03,10,Northeast,446.35,2024-06-06,2024-06-08
777,98,2024-03-18,1,Midwest,905.53,2024-03-21,2024-03-24
778,86,2024-06-20,3,West,1953.71,2024-06-23,2024-06-30
779,3,2024-10-15,2,West,1643.42,2024-10-18,2024-10-20
780,76,2025-02-23,3,West,1696.25,2025-02-26,2025-02-28
781,92,2024-01-07,5,South,1724.32,2024-01-10,2024-01-10
782,30,2024-06-08,9,West,1246.7,2024-06-11,2024-06-19
783,90,2024-08-27,2,West,1492.99,2024-08-30,2024-09-03
784,21,2025-02-26,1,Northeast,730.74,2025-03-01,2025-02-28
785,28,2024-03-10,6,South,1996.92,2024-03-13,2024-03-19
786,90,2024-08-03,3,Northeast,573.65,2024-08-06,2024-08-10
787,62,2024-04-13,7,Midwest,1188.21,2024-04-16,2024-04-19
788,33,2024-02-23,6,South,578.48,2024-02-26,2024-03-01
789,85,2024-11-25,7,Northeast,241.9,2024-11-28,2024-12-03
790,35,2024-07-21,5,Midwest,1143.82,2024-07-24,2024-07-24
791,52,2024-10-14,1,Northeast,719.63,2024-10-17,2024-10-18
792,34,2024-02-14,3,Midwest,1174.77,2024-02-17,2024-02-19
793,41,2024-07-16,3,West,1126.18,2024-07-19,2024-07-17
794,51,2024-08-03,7,West,1093.67,2024-08-06,2024-08-10
795,47,2025-04-25,3,South,264.14,2025-04-28,2025-04-29
796,82,2024-11-04,5,Northeast,891.56,2024-11-07,2024-11-08
797,58,2025-03-10,4,Northeast,1627.77,2025-03-13,2025-03-13
798,75,2024-11-27,4,Midwest,643.98,2024-11-30,2024-12-02
799,57,2024-01-27,7,South,898.79,2024-01-30,2024-02-01
800,23,2024-06-14,1,West,997.79,2024-06-17,2024-06-22
801,48,2024-11-13,7,Northeast,1728.21,2024-11-16,2024-11-21
802,22,2024-09-30,8,Midwest,1318.09,2024-10-03,2024-10-02
803,17,2025-01-17,3,West,218.4,2025-01-20,2025-01-23
804,69,2024-12-30,3,West,1733.04,2025-01-02,2025-01-08
805,11,2024-04-12,4,West,1667.49,2024-04-15,2024-04-16
806,94,2025-05-17,6,Midwest,1512.22,2025-05-20,2025-05-21
807,15,2025-01-07,7,Midwest,942.79,2025-01-10,2025-01-11
808,91,2024-09-01,1,West,1519.94,2024-09-04,2024-09-08
809,35,2024-06-17,4,Midwest,967.91,2024-06-20,2024-06-23
810,33,2025-02-21,7,West,1478.51,2025-02-24,2025-03-01
811,84,2024-12-21,2,West,1762.62,2024-12-24,2024-12-26
812,16,2025-04-22,1,West,1783.27,2025-04-25,2025-05-01
813,34,2024-05-04,1,Midwest,920.07,2024-05-07,2024-05-11
814,66,2025-02-05,10,South,1721.5,2025-02-08,2025-02-14
815,99,2025-05-31,6,South,220.89,2025-06-03,2025-06-03
816,40,2024-09-10,5,Midwest,221.6,2024-09-13,2024-09-20
817,28,2024-04-30,1,Northeast,1105.57,2024-05-03,2024-05-03
818,47,2024-02-01,10,Midwest,1310.65,2024-02-04,2024-02-04
819,39,2024-02-06,3,Northeast,322.93,2024-02-09,2024-02-10
820,70,2024-12-07,7,West,954.92,2024-12-10,2024-12-10
821,73,2024-01-13,9,Northeast,206.84,2024-01-16,2024-01-24
822,20,2024-07-01,9,West,1212.16,2024-07-04,2024-07-08
823,1,2024-09-21,6,South,1713.09,2024-09-24,2024-09-27
824,72,2024-03-28,3,West,1480.53,2024-03-31,2024-03-29
825,87,2025-04-06,1,Northeast,769.02,2025-04-09,2025-04-15
826,63,2024-02-15,3,South,1987.71,2024-02-18,2024-02-17
827,67,2025-01-26,10,South,1332.61,2025-01-29,2025-01-31
828,4,2024-04-28,2,Midwest,1634.19,2024-05-01,2024-05-01
829,58,2025-03-22,5,Northeast,1346.0,2025-03-25,2025-03-28
830,25,2024-02-15,8,Northeast,1979.04,2024-02-18,2024-02-25
831,47,2025-05-22,5,Midwest,1646.29,2025-05-25,2025-05-24
832,38,2024-01-03,1,Midwest,1048.46,2024-01-06,2024-01-06
833,15,2024-01-28,3,South,746.42,2024-01-31,2024-02-02
834,63,2025-01-15,5,Midwest,1370.67,2025-01-18,2025-01-25
835,21,2024-06-05,7,South,1188.64,2024-06-08,2024-06-09
836,99,2025-05-25,5,Northeast,1266.11,2025-05-28,2025-05-28
837,57,2024-11-28,10,Midwest,699.16,2024-12-01,2024-12-03
838,53,2024-04-23,5,Northeast,868.88,2024-04-26,2024-04-28
839,46,2025-01-23,7,South,1125.03,2025-01-26,2025-01-25
840,14,2025-05-01,8,West,1681.78,2025-05-04,2025-05-05
841,100,2024-09-06,8,West,1530.56,2024-09-09,2024-09-07
842,76,2024-11-10,7,Northeast,254.94,2024-11-13,2024-11-15
843,17,2024-08-26,3,South,506.2,2024-08-29,2024-08-27
844,39,2024-08-21,2,South,72.78,2024-08-24,2024-09-02
845,9,2024-10-29,1,West,35.76,2024-11-01,2024-11-05
846,99,2024-11-29,6,South,464.26,2024-12-02,2024-12-05
847,77,2024-04-22,9,South,1602.66,2024-04-25,2024-04-29
848,79,2024-12-27,3,Northeast,1811.4,2024-12-30,2024-12-31
849,82,2024-04-06,5,West,795.7,2024-04-09,2024-04-11
850,97,2024-01-16,9,South,1135.13,2024-01-19,2024-01-23
851,6,2025-01-10,9,Northeast,1417.98,2025-01-13,2025-01-12
852,91,2025-01-24,7,Midwest,1906.81,2025-01-27,2025-01-31
853,23,2024-08-04,4,West,1827.61,2024-08-07,2024-08-15
854,59,2025-02-02,2,Northeast,133.24,2025-02-05,2025-02-03
855,91,2024-09-16,2,Midwest,511.37,2024-09-19,2024-09-23
856,98,2024-11-15,4,South,117.31,2024-11-18,2024-11-18
857,46,2024-07-14,1,South,1240.75,2024-07-17,2024-07-21
858,38,2025-04-22,4,Midwest,1426.78,2025-04-25,2025-04-28
859,14,2025-02-21,6,Northeast,630.4,2025-02-24,2025-03-04
860,100,2025-04-19,6,South,1710.63,2025-04-22,2025-04-29
861,72,2024-08-18,7,South,916.57,2024-08-21,2024-08-19
862,62,2024-07-18,5,Northeast,1996.8,2024-07-21,2024-07-25
863,35,2024-01-21,9,Northeast,20.79,2024-01-24,2024-01-28
864,19,2024-11-06,2,Midwest,236.79,2024-11-09,2024-11-15
865,30,2025-03-09,2,South,617.55,2025-03-12,2025-03-15
866,78,2025-01-05,4,Northeast,70.51,2025-01-08,2025-01-12
867,84,2024-03-18,4,West,1569.03,2024-03-21,2024-03-20
868,25,2024-10-11,4,Midwest,124.49,2024-10-14,2024-10-17
869,40,2024-05-19,1,Midwest,1502.98,2024-05-22,2024-05-23
870,88,2024-10-08,4,Midwest,124.09,2024-10-11,2024-10-15
871,14,2024-09-14,5,Midwest,520.4,2024-09-17,2024-09-19
872,26,2024-12-25,9,West,1685.73,2024-12-28,2024-12-31
873,87,2025-03-15,3,Midwest,1903.17,2025-03-18,2025-03-22
874,22,2024-09-26,3,Midwest,840.76,2024-09-29,2024-10-03
875,48,2024-05-13,5,Northeast,1940.48,2024-05-16,2024-05-16
876,83,2024-04-13,10,South,1261.22,2024-04-16,2024-04-25
877,51,2024-04-04,6,Midwest,843.35,2024-04-07,2024-04-10
878,3,2025-04-24,3,Northeast,1609.55,2025-04-27,2025-05-01
879,42,2024-08-28,1,Northeast,604.75,2024-08-31,2024-09-02
880,19,2024-01-13,10,South,546.28,2024-01-16,2024-01-15
881,73,2024-05-26,8,Northeast,1319.96,2024-05-29,2024-06-02
882,28,2024-04-04,1,Northeast,793.16,2024-04-07,2024-04-10
883,84,2024-10-19,2,Midwest,289.12,2024-10-22,2024-10-27
884,45,2024-01-25,3,Midwest,152.59,2024-01-28,2024-01-28
885,71,2024-09-28,6,Northeast,1579.93,2024-10-01,2024-10-02
886,78,2025-05-19,4,West,1358.3,2025-05-22,2025-05-25
887,63,2024-06-14,4,South,835.36,2024-06-17,2024-06-19
888,73,2024-03-27,9,Northeast,1794.53,2024-03-30,2024-03-31
889,19,2025-05-05,6,Northeast,833.5,2025-05-08,2025-05-11
890,47,2024-05-20,2,West,1426.39,2024-05-23,2024-05-29
891,14,2024-04-12,7,South,1820.05,2024-04-15,2024-04-18
892,38,2024-08-13,3,Northeast,1684.62,2024-08-16,2024-08-22
893,53,2024-10-20,9,Northeast,1031.99,2024-10-23,2024-10-24
894,61,2024-11-01,6,Midwest,1367.66,2024-11-04,2024-11-06
895,36,2024-09-10,8,Northeast,839.06,2024-09-13,2024-09-16
896,40,2024-06-28,1,West,1301.45,2024-07-01,2024-07-02
897,81,2024-02-09,2,Northeast,529.95,2024-02-12,2024-02-15
898,30,2024-08-23,6,South,880.79,2024-08-26,2024-09-02
899,9,2025-04-07,3,South,434.9,2025-04-10,2025-04-17
900,64,2024-08-15,1,West,95.61,2024-08-18,2024-08-24
901,33,2025-04-27,6,Northeast,1185.31,2025-04-30,2025-05-03
902,52,2025-03-05,5,Northeast,1731.57,2025-03-08,2025-03-08
903,89,2024-01-22,9,Northeast,70.64,2024-01-25,2024-02-03
904,14,2024-12-08,6,Northeast,408.14,2024-12-11,2024-12-11
905,75,2024-02-09,5,Northeast,931.17,2024-02-12,2024-02-19
906,53,2024-06-21,1,South,1338.48,2024-06-24,2024-06-27
907,99,2025-03-14,1,Midwest,359.03,2025-03-17,2025-03-16
908,59,2024-06-27,1,South,132.26,2024-06-30,2024-06-28
909,78,2024-05-12,7,Midwest,1047.72,2024-05-15,2024-05-21
910,94,2024-12-16,6,South,1641.05,2024-12-19,2024-12-19
911,41,2025-05-20,5,West,89.77,2025-05-23,2025-05-21
912,68,2024-03-24,4,Northeast,711.75,2024-03-27,2024-03-28
913,68,2025-04-08,8,Midwest,1333.76,2025-04-11,2025-04-13
914,92,2024-12-08,8,South,278.87,2024-12-11,2024-12-14
915,8,2024-10-06,5,Midwest,487.17,2024-10-09,2024-10-12
916,2,2024-09-19,4,Northeast,1080.28,2024-09-22,2024-09-22
917,86,2024-06-14,2,West,1907.4,2024-06-17,2024-06-19
918,41,2024-10-19,7,Northeast,588.94,2024-10-22,2024-10-29
919,55,2025-05-23,5,South,985.3,2025-05-26,2025-05-25
920,16,2024-08-13,3,South,811.86,2024-08-16,2024-08-19
921,93,2024-06-18,9,Midwest,1796.85,2024-06-21,2024-06-20
922,62,2025-03-23,9,West,162.34,2025-03-26,2025-03-27
923,48,2025-05-16,10,West,1140.97,2025-05-19,2025-05-24
924,30,2025-01-13,8,South,1695.32,2025-01-16,2025-01-14
925,12,2024-07-19,1,Midwest,1976.47,2024-07-22,2024-07-30
926,35,2024-09-06,3,Northeast,1403.48,2024-09-09,2024-09-07
927,11,2025-02-12,2,Northeast,772.27,2025-02-15,2025-02-13
928,64,2024-05-04,4,South,835.41,2024-05-07,2024-05-09
929,50,2024-04-22,2,South,716.33,2024-04-25,2024-04-26
930,85,2024-05-16,8,Northeast,1215.15,2024-05-19,2024-05-19
931,21,2025-05-10,1,Northeast,1484.02,2025-05-13,2025-05-17
932,69,2024-05-29,4,Northeast,1642.55,2024-06-01,2024-05-31
933,48,2024-12-08,5,Midwest,844.85,2024-12-11,2024-12-15
934,20,2024-11-16,10,West,1439.08,2024-11-19,2024-11-23
935,67,2024-10-15,4,South,1834.12,2024-10-18,2024-10-16
936,44,2025-05-03,8,South,1843.23,2025-05-06,2025-05-11
937,33,2025-05-06,2,Midwest,1413.98,2025-05-09,2025-05-13
938,73,2024-09-08,9,Northeast,1281.07,2024-09-11,2024-09-18
939,61,2024-03-17,2,Midwest,1072.42,2024-03-20,2024-03-22
940,9,2025-01-26,2,Northeast,382.73,2025-01-29,2025-01-28
941,68,2025-02-15,2,South,264.79,2025-02-18,2025-02-24
942,35,2024-06-21,10,West,981.71,2024-06-24,2024-06-26
943,81,2024-07-19,8,Midwest,335.7,2024-07-22,2024-07-29
944,98,2024-08-04,3,Northeast,1162.46,2024-08-07,2024-08-11
945,88,2025-01-10,10,South,1298.49,2025-01-13,2025-01-15
946,96,2024-01-11,10,West,1060.72,2024-01-14,2024-01-13
947,65,2024-01-12,8,Midwest,92.12,2024-01-15,2024-01-17
948,8,2025-03-10,7,Midwest,134.3,2025-03-13,2025-03-18
949,45,2025-01-07,10,South,244.42,2025-01-10,2025-01-08
950,87,2024-09-29,4,Midwest,324.22,2024-10-02,2024-10-03
951,47,2025-05-23,7,South,1979.97,2025-05-26,2025-05-24
952,40,2024-05-11,8,Midwest,702.1,2024-05-14,2024-05-13
953,76,2024-11-14,6,West,598.11,2024-11-17,2024-11-17
954,54,2024-06-16,6,West,123.49,2024-06-19,2024-06-20
955,76,2025-01-31,3,Midwest,1277.93,2025-02-03,2025-02-06
956,46,2024-06-28,5,South,1311.34,2024-07-01,2024-07-05
957,47,2024-02-27,10,Northeast,367.39,2024-03-01,2024-03-07
958,15,2025-04-24,2,Midwest,1840.1,2025-04-27,2025-05-04
959,19,2025-04-04,5,Northeast,1604.98,2025-04-07,2025-04-13
960,26,2024-03-01,5,South,476.03,2024-03-04,2024-03-05
961,52,2025-01-03,7,Northeast,981.98,2025-01-06,2025-01-09
962,93,2024-04-30,4,Midwest,927.61,2024-05-03,2024-05-03
963,22,2024-01-17,6,West,710.07,2024-01-20,2024-01-23
964,21,2025-05-10,9,South,1638.92,2025-05-13,2025-05-15
965,51,2025-05-11,4,West,236.34,2025-05-14,2025-05-13
966,38,2025-05-19,6,West,842.32,2025-05-22,2025-05-28
967,20,2024-11-10,9,West,867.5,2024-11-13,2024-11-20
968,29,2024-03-09,10,Midwest,948.08,2024-03-12,2024-03-12
969,51,2024-06-09,1,South,1725.47,2024-06-12,2024-06-16
970,4,2024-05-24,8,Northeast,451.97,2024-05-27,2024-05-27
971,55,2025-01-19,1,West,223.79,2025-01-22,2025-01-24
972,71,2024-09-25,4,Northeast,1243.26,2024-09-28,2024-09-28
973,92,2025-03-29,3,South,364.19,2025-04-01,2025-04-01
974,28,2025-06-01,4,South,168.37,2025-06-04,2025-06-07
975,4,2024-12-15,7,Northeast,864.77,2024-12-18,2024-12-16
976,22,2024-04-19,9,Northeast,454.9,2024-04-22,2024-04-22
977,76,2025-04-27,9,West,735.21,2025-04-30,2025-05-10
978,45,2025-02-10,10,Northeast,534.23,2025-02-13,2025-02-11
979,67,2024-02-20,1,Northeast,203.42,2024-02-23,2024-02-24
980,86,2025-02-06,10,Midwest,1129.49,2025-02-09,2025-02-12
981,66,2025-04-20,1,West,73.5,2025-04-23,2025-04-24
982,88,2024-03-27,9,West,1933.42,2024-03-30,2024-03-30
983,34,2024-03-08,4,South,695.83,2024-03-11,2024-03-16
984,91,2024-02-11,3,Northeast,1396.41,2024-02-14,2024-02-16
985,55,2024-02-26,9,Midwest,1624.52,2024-02-29,2024-02-29
986,1,2024-07-14,5,South,572.63,2024-07-17,2024-07-22
987,72,2024-03-02,6,Midwest,1502.5,2024-03-05,2024-03-05
988,87,2024-09-19,1,West,1668.19,2024-09-22,2024-09-21
989,38,2024-04-21,1,Northeast,497.81,2024-04-24,2024-04-28
990,6,2024-06-26,7,Midwest,1985.14,2024-06-29,2024-06-27
991,86,2024-01-26,10,South,60.96,2024-01-29,2024-02-05
992,25,2025-02-13,8,West,449.66,2025-02-16,2025-02-23
993,82,2024-11-12,8,Midwest,1564.44,2024-11-15,2024-11-19
994,17,2024-04-15,7,Midwest,404.38,2024-04-18,2024-04-18
995,61,2025-04-08,9,South,1402.55,2025-04-11,2025-04-10
996,12,2024-09-02,1,Midwest,1713.95,2024-09-05,2024-09-03
997,6,2024-03-21,2,West,1919.24,2024-03-24,2024-03-31
998,90,2025-01-30,3,Midwest,959.01,2025-02-02,2025-02-01
999,27,2024-09-20,5,Northeast,1942.8,2024-09-23,2024-09-26
1000,8,2024-09-30,4,Northeast,835.01,2024-10-03,2024-10-06
1001,83,2024-06-20,4,South,451.89,2024-06-23,2024-06-21
1002,65,2024-09-21,8,Northeast,1037.57,2024-09-24,2024-09-24
1003,57,2024-01-26,8,Northeast,1306.65,2024-01-29,2024-01-28
1004,93,2025-04-13,7,Midwest,926.77,2025-04-16,2025-04-20
1005,99,2025-04-20,1,West,1142.61,2025-04-23,2025-04-28
1006,40,2024-12-21,10,West,844.49,2024-12-24,2024-12-25
1007,14,2024-01-26,4,Midwest,1059.03,2024-01-29,2024-01-28
1008,35,2024-02-03,1,Northeast,1906.14,2024-02-06,2024-02-09
1009,48,2024-09-20,5,Midwest,1009.67,2024-09-23,2024-09-28
1010,84,2024-05-17,3,Northeast,521.3,2024-05-20,2024-05-18
1011,56,2025-04-06,3,Northeast,1522.32,2025-04-09,2025-04-17
1012,49,2024-06-16,4,Northeast,688.42,2024-06-19,2024-06-20
1013,13,2024-03-21,2,West,1636.09,2024-03-24,2024-03-26
1014,61,2025-02-10,7,South,132.55,2025-02-13,2025-02-20
1015,49,2024-02-15,4,West,677.71,2024-02-18,2024-02-20
1016,46,2024-02-22,5,Northeast,206.83,2024-02-25,2024-02-27
1017,62,2025-04-20,2,Midwest,188.93,2025-04-23,2025-04-22
1018,8,2024-01-16,6,Midwest,1323.61,2024-01-19,2024-01-19
1019,43,2024-12-25,9,Northeast,782.96,2024-12-28,2024-12-28
1020,20,2025-05-01,8,South,1745.53,2025-05-04,2025-05-02
1021,97,2025-05-16,8,West,1042.48,2025-05-19,2025-05-17
1022,90,2024-05-20,2,West,604.78,2024-05-23,2024-05-24
1023,39,2025-03-22,4,Northeast,1447.36,2025-03-25,2025-03-23
1024,85,2024-10-16,8,Northeast,1255.55,2024-10-19,2024-10-23
1025,49,2024-07-27,1,South,1603.2,2024-07-30,2024-07-31
1026,64,2025-04-19,8,West,1294.3,2025-04-22,2025-04-20
1027,62,2025-02-16,3,South,350.69,2025-02-19,2025-02-26
1028,54,2025-03-02,8,West,1347.21,2025-03-05,2025-03-06
1029,9,2025-01-05,6,South,795.27,2025-01-08,2025-01-12
1030,88,2024-10-16,7,South,937.02,2024-10-19,2024-10-26
1031,37,2025-03-07,2,South,1844.7,2025-03-10,2025-03-12
1032,49,2024-09-24,1,Midwest,732.73,2024-09-27,2024-09-29
1033,41,2024-05-30,6,Midwest,1231.68,2024-06-02,2024-06-08
1034,17,2024-09-11,3,Midwest,739.69,2024-09-14,2024-09-15
1035,88,2024-12-18,4,West,207.56,2024-12-21,2024-12-26
1036,21,2025-01-11,9,South,917.98,2025-01-14,2025-01-16
1037,51,2024-12-23,3,Northeast,1202.18,2024-12-26,2024-12-29
1038,59,2025-01-04,2,Northeast,826.86,2025-01-07,2025-01-09
1039,39,2024-08-14,2,West,793.52,2024-08-17,2024-08-18
1040,55,2024-10-29,2,West,1644.35,2024-11-01,2024-11-01
1041,41,2025-01-23,6,Northeast,78.78,2025-01-26,2025-01-26
1042,39,2025-01-11,2,South,605.26,2025-01-14,2025-01-12
1043,13,2024-04-27,7,Midwest,1627.28,2024-04-30,2024-05-01
1044,64,2024-01-05,7,West,1842.65,2024-01-08,2024-01-09
1045,11,2025-03-19,7,West,836.35,2025-03-22,2025-03-25
1046,19,2024-12-17,2,West,1779.81,2024-12-20,2024-12-22
1047,11,2024-05-03,7,Northeast,413.88,2024-05-06,2024-05-11
1048,77,2024-10-03,10,Midwest,458.43,2024-10-06,2024-10-11
1049,46,2025-01-28,8,South,1695.46,2025-01-31,2025-02-06
1050,45,2024-12-25,8,South,1808.45,2024-12-28,2024-12-29
1051,1,2025-04-13,2,Northeast,461.16,2025-04-16,2025-04-16
1052,40,2024-02-26,5,West,137.46,2024-02-29,2024-02-27
1053,19,2024-09-07,6,Northeast,198.84,2024-09-10,2024-09-16
1054,76,2024-05-29,9,Northeast,537.53,2024-06-01,2024-05-31
1055,72,2025-03-27,6,South,1527.67,2025-03-30,2025-03-29
1056,72,2024-06-10,10,Midwest,1029.78,2024-06-13,2024-06-16
1057,61,2024-04-29,6,South,922.07,2024-05-02,2024-05-03
1058,12,2024-12-16,10,Northeast,1176.6,2024-12-19,2024-12-25
1059,61,2024-04-08,10,Northeast,1782.64,2024-04-11,2024-04-11
1060,33,2024-06-15,6,West,199.05,2024-06-18,2024-06-20
1061,45,2025-05-28,9,West,1395.55,2025-05-31,2025-05-29
1062,90,2025-02-04,10,Northeast,1855.05,2025-02-07,2025-02-13
1063,92,2024-12-30,7,South,442.43,2025-01-02,2024-12-31
1064,69,2024-11-21,1,West,1678.79,2024-11-24,2024-12-03
1065,8,2024-09-03,1,Midwest,1402.09,2024-09-06,2024-09-08
1066,25,2025-03-09,4,Midwest,48.65,2025-03-12,2025-03-13
1067,91,2024-04-02,2,Northeast,478.59,2024-04-05,2024-04-07
1068,46,2024-09-24,3,Midwest,1219.57,2024-09-27,2024-09-26
1069,87,2024-11-16,7,Midwest,1014.75,2024-11-19,2024-11-23
1070,30,2024-03-02,7,West,1065.31,2024-03-05,2024-03-06
1071,47,2024-10-26,3,West,479.22,2024-10-29,2024-10-30
1072,87,2025-02-06,2,South,1356.51,2025-02-09,2025-02-15
1073,49,2024-10-29,1,West,547.51,2024-11-01,2024-10-30
1074,47,2024-09-09,9,South,791.08,2024-09-12,2024-09-13
1075,84,2025-04-22,10,West,750.45,2025-04-25,2025-04-27
1076,82,2025-01-03,3,Northeast,1350.61,2025-01-06,2025-01-08
1077,18,2024-06-08,9,South,198.7,2024-06-11,2024-06-11
1078,66,2024-06-14,4,Northeast,426.97,2024-06-17,2024-06-18
1079,68,2024-07-23,10,South,416.98,2024-07-26,2024-08-03
1080,94,2024-09-23,6,Midwest,234.68,2024-09-26,2024-09-29
1081,33,2024-05-17,7,South,431.04,2024-05-20,2024-05-20
1082,36,2025-01-02,10,South,1221.98,2025-01-05,2025-01-09
1083,82,2025-03-18,6,South,1469.69,2025-03-21,2025-03-23
1084,19,2024-01-17,1,South,1327.4,2024-01-20,2024-01-24
1085,28,2024-03-08,6,South,960.87,2024-03-11,2024-03-12
1086,40,2024-05-12,6,Midwest,123.82,2024-05-15,2024-05-15
1087,84,2025-03-05,5,South,1918.83,2025-03-08,2025-03-06
1088,97,2024-11-03,3,Northeast,352.79,2024-11-06,2024-11-11
1089,76,2024-06-22,10,South,1343.47,2024-06-25,2024-06-29
1090,15,2025-02-15,3,South,1827.52,2025-02-18,2025-02-21
1091,41,2024-04-06,10,Northeast,1401.6,2024-04-09,2024-04-13
1092,39,2024-06-02,7,West,451.74,2024-06-05,2024-06-11
1093,2,2024-08-29,8,West,645.28,2024-09-01,2024-08-30
1094,63,2024-10-30,3,Midwest,79.81,2024-11-02,2024-11-04
1095,29,2024-10-11,3,South,1233.26,2024-10-14,2024-10-12
1096,74,2024-01-27,7,South,1233.73,2024-01-30,2024-01-31
1097,66,2025-02-05,10,West,1456.49,2025-02-08,2025-02-11
1098,51,2024-12-25,7,South,41.77,2024-12-28,2024-12-29
1099,75,2024-02-29,9,Midwest,1639.33,2024-03-03,2024-03-10
1100,77,2024-07-20,6,Northeast,1482.65,2024-07-23,2024-07-24
1101,10,2025-01-04,7,South,298.96,2025-01-07,2025-01-07
1102,14,2024-05-31,10,Northeast,708.3,2024-06-03,2024-06-05
1103,82,2024-04-11,1,Midwest,1284.28,2024-04-14,2024-04-13
1104,51,2025-03-21,7,West,1001.68,2025-03-24,2025-03-23
1105,73,2024-08-16,2,Midwest,247.89,2024-08-19,2024-08-24
1106,39,2024-05-04,7,Midwest,192.94,2024-05-07,2024-05-12
1107,28,2024-08-23,3,Midwest,1567.28,2024-08-26,2024-08-28
1108,3,2024-06-10,9,Midwest,328.81,2024-06-13,2024-06-17
1109,84,2024-12-18,5,Northeast,360.74,2024-12-21,2024-12-29
1110,70,2024-03-08,7,Midwest,1665.23,2024-03-11,2024-03-13
1111,27,2024-06-21,8,Midwest,1232.04,2024-06-24,2024-06-23
1112,2,2024-09-17,2,Midwest,1217.34,2024-09-20,2024-09-24
1113,93,2024-08-04,1,Midwest,969.1,2024-08-07,2024-08-12
1114,38,2024-05-03,7,Northeast,1146.61,2024-05-06,2024-05-11
1115,3,2024-06-10,6,Midwest,1211.5,2024-06-13,2024-06-18
1116,16,2024-07-19,6,West,1936.3,2024-07-22,2024-07-27
1117,94,2025-03-29,2,Midwest,461.49,2025-04-01,2025-04-05
1118,40,2025-02-05,3,Midwest,444.83,2025-02-08,2025-02-12
1119,2,2025-04-06,4,South,133.29,2025-04-09,2025-04-12
1120,81,2024-10-01,3,South,1323.23,2024-10-04,2024-10-02
1121,41,2024-07-24,2,South,1107.1,2024-07-27,2024-07-25
1122,12,2024-02-09,3,Midwest,240.25,2024-02-12,2024-02-11
1123,35,2024-09-29,6,West,741.79,2024-10-02,2024-10-06
1124,65,2024-04-02,9,West,373.75,2024-04-05,2024-04-06
1125,55,2024-02-11,4,South,676.33,2024-02-14,2024-02-16
1126,45,2025-04-09,6,South,1903.5,2025-04-12,2025-04-19
1127,79,2025-01-13,1,Midwest,1372.97,2025-01-16,2025-01-21
1128,90,2024-04-16,6,West,34.99,2024-04-19,2024-04-17
1129,85,2024-11-23,3,West,519.97,2024-11-26,2024-11-30
1130,62,2024-03-05,9,South,40.52,2024-03-08,2024-03-10
1131,49,2024-12-30,4,West,1435.44,2025-01-02,2025-01-02
1132,95,2025-04-28,7,South,949.46,2025-05-01,2025-05-02
1133,25,2024-01-24,4,South,1988.16,2024-01-27,2024-01-28
1134,23,2024-03-02,6,Northeast,1472.49,2024-03-05,2024-03-03
1135,24,2025-05-05,7,Northeast,1045.47,2025-05-08,2025-05-11
1136,38,2024-09-29,2,Midwest,1613.32,2024-10-02,2024-10-11
1137,28,2024-08-16,10,South,1415.51,2024-08-19,2024-08-24
1138,21,2024-01-20,6,Midwest,502.68,2024-01-23,2024-01-21
1139,54,2024-01-03,8,Northeast,1069.91,2024-01-06,2024-01-09
1140,18,2025-02-24,6,West,1120.88,2025-02-27,2025-03-02
1141,36,2024-11-02,2,Northeast,913.44,2024-11-05,2024-11-04
1142,99,2025-03-07,4,Northeast,374.8,2025-03-10,2025-03-08
1143,45,2024-05-15,1,Northeast,462.27,2024-05-18,2024-05-23
1144,73,2025-05-29,7,West,576.47,2025-06-01,2025-06-03
1145,53,2024-07-11,8,Northeast,40.31,2024-07-14,2024-07-15
1146,30,2025-02-18,10,South,1835.55,2025-02-21,2025-02-25
1147,60,2024-04-27,2,South,1378.47,2024-04-30,2024-05-08
1148,98,2024-07-27,10,Northeast,1385.44,2024-07-30,2024-08-02
1149,32,2024-02-03,5,Midwest,1153.21,2024-02-06,2024-02-09
1150,67,2024-11-13,8,Midwest,1384.84,2024-11-16,2024-11-18
1151,67,2024-04-29,8,West,1964.09,2024-05-02,2024-05-03
1152,28,2024-03-29,5,West,782.62,2024-04-01,2024-04-05
1153,44,2025-05-26,8,South,1430.8,2025-05-29,2025-05-30
1154,79,2024-02-16,6,South,731.87,2024-02-19,2024-02-22
1155,41,2024-10-10,5,Northeast,1711.49,2024-10-13,2024-10-20
1156,63,2025-01-11,4,Midwest,1718.9,2025-01-14,2025-01-18
1157,23,2024-05-13,5,South,1806.49,2024-05-16,2024-05-14
1158,75,2024-09-04,4,Midwest,30.82,2024-09-07,2024-09-05
1159,48,2024-11-13,1,West,610.42,2024-11-16,2024-11-22
1160,32,2025-03-11,3,West,285.17,2025-03-14,2025-03-16
1161,57,2024-06-24,8,Northeast,918.89,2024-06-27,2024-06-30
1162,100,2024-12-16,7,Northeast,1000.99,2024-12-19,2024-12-19
1163,33,2024-05-22,7,South,526.69,2024-05-25,2024-05-29
1164,24,2025-02-01,3,Midwest,1452.42,2025-02-04,2025-02-12
1165,39,2025-01-03,9,South,554.14,2025-01-06,2025-01-08
1166,34,2025-05-15,6,South,1710.7,2025-05-18,2025-05-22
1167,56,2025-01-04,8,Midwest,371.77,2025-01-07,2025-01-13
1168,28,2025-01-16,8,South,747.13,2025-01-19,2025-01-26
1169,37,2024-03-26,3,Northeast,1252.03,2024-03-29,2024-03-29
1170,7,2025-04-04,4,Midwest,1218.56,2025-04-07,2025-04-10
1171,68,2024-11-20,6,Midwest,174.5,2024-11-23,2024-11-29
1172,37,2025-05-03,2,South,1695.59,2025-05-06,2025-05-13
1173,56,2025-01-31,7,Midwest,1204.17,2025-02-03,2025-02-04
1174,65,2024-12-20,2,Northeast,1742.32,2024-12-23,2024-12-23
1175,65,2024-10-14,5,Northeast,1737.92,2024-10-17,2024-10-19
1176,47,2025-04-03,4,West,1100.92,2025-04-06,2025-04-07
1177,20,2024-10-17,9,West,1823.35,2024-10-20,2024-10-21
1178,19,2024-06-16,2,West,1699.85,2024-06-19,2024-06-22
1179,29,2025-03-03,7,West,1917.08,2025-03-06,2025-03-06
1180,74,2025-05-04,7,South,1703.99,2025-05-07,2025-05-14
1181,60,2024-12-20,7,West,1645.98,2024-12-23,2024-12-24
1182,18,2024-07-14,1,West,949.33,2024-07-17,2024-07-17
1183,92,2024-01-11,8,West,439.82,2024-01-14,2024-01-12
1184,35,2024-09-12,2,West,1823.2,2024-09-15,2024-09-21
1185,43,2025-01-30,5,South,1450.65,2025-02-02,2025-01-31
1186,95,2025-02-12,2,West,577.86,2025-02-15,2025-02-18
1187,91,2024-12-27,5,Midwest,695.17,2024-12-30,2025-01-03
1188,11,2024-09-15,7,Northeast,1378.44,2024-09-18,2024-09-16
1189,49,2024-01-03,6,Midwest,966.08,2024-01-06,2024-01-04
1190,38,2024-03-24,5,South,181.34,2024-03-27,2024-03-28
1191,64,2024-06-04,4,South,300.07,2024-06-07,2024-06-15
1192,69,2024-06-24,8,South,1496.38,2024-06-27,2024-06-28
1193,8,2025-04-16,8,Northeast,670.57,2025-04-19,2025-04-19
1194,34,2025-02-27,1,West,1025.15,2025-03-02,2025-03-02
1195,48,2024-05-13,10,South,1537.91,2024-05-16,2024-05-16
1196,56,2025-01-14,2,West,1507.33,2025-01-17,2025-01-17
1197,76,2024-10-03,3,South,350.69,2024-10-06,2024-10-06
1198,65,2024-08-23,1,Northeast,214.82,2024-08-26,2024-08-26
1199,31,2024-01-13,3,Midwest,1190.48,2024-01-16,2024-01-16
1200,4,2024-12-07,10,Midwest,1488.43,2024-12-10,2024-12-11
1201,50,2024-02-04,8,Northeast,315.1,2024-02-07,2024-02-12
1202,69,2024-08-01,4,West,756.47,2024-08-04,2024-08-03
1203,30,2025-02-15,7,South,1743.15,2025-02-18,2025-02-18
1204,88,2025-02-08,7,Midwest,1889.56,2025-02-11,2025-02-11
1205,59,2025-05-08,5,Northeast,919.06,2025-05-11,2025-05-13
1206,67,2024-06-07,1,West,177.44,2024-06-10,2024-06-10
1207,75,2024-04-19,10,Midwest,530.24,2024-04-22,2024-04-30
1208,45,2024-12-12,4,Northeast,481.28,2024-12-15,2024-12-19
1209,4,2024-10-05,7,South,493.15,2024-10-08,2024-10-13
1210,26,2025-04-23,5,Northeast,997.89,2025-04-26,2025-04-29
1211,27,2024-04-20,2,West,1174.79,2024-04-23,2024-04-29
1212,46,2025-03-06,8,Midwest,262.57,2025-03-09,2025-03-08
1213,64,2024-04-24,2,South,1780.92,2024-04-27,2024-04-27
1214,91,2024-03-30,8,West,1247.55,2024-04-02,2024-04-02
1215,51,2024-07-30,2,Northeast,1202.56,2024-08-02,2024-08-03
1216,50,2024-12-25,5,Midwest,1974.81,2024-12-28,2025-01-04
1217,6,2025-04-30,4,Midwest,1263.73,2025-05-03,2025-05-12
1218,59,2025-01-06,1,West,1859.34,2025-01-09,2025-01-14
1219,15,2024-08-02,8,South,586.79,2024-08-05,2024-08-07
1220,30,2024-01-15,10,West,495.46,2024-01-18,2024-01-23
1221,42,2024-09-15,3,Midwest,1042.71,2024-09-18,2024-09-24
1222,37,2025-04-07,4,Midwest,1027.05,2025-04-10,2025-04-16
1223,42,2024-04-29,4,Midwest,468.44,2024-05-02,2024-05-04
1224,35,2024-05-07,5,South,1405.32,2024-05-10,2024-05-12
1225,87,2024-11-20,3,Midwest,78.67,2024-11-23,2024-11-23
1226,6,2024-11-15,9,Midwest,1387.45,2024-11-18,2024-11-19
1227,68,2025-05-20,4,West,925.21,2025-05-23,2025-05-23
1228,18,2024-02-19,10,Midwest,1384.23,2024-02-22,2024-02-24
1229,73,2024-03-09,4,Northeast,964.62,2024-03-12,2024-03-14
1230,29,2025-01-25,6,West,1955.12,2025-01-28,2025-01-27
1231,77,2025-01-17,8,Midwest,682.68,2025-01-20,2025-01-30
1232,59,2024-01-16,7,West,1965.49,2024-01-19,2024-01-22
1233,47,2025-03-14,4,West,148.65,2025-03-17,2025-03-23
1234,17,2024-05-11,4,Northeast,1373.85,2024-05-14,2024-05-20
1235,96,2024-09-04,5,West,919.35,2024-09-07,2024-09-15
1236,22,2024-09-29,10,West,1647.83,2024-10-02,2024-10-01
1237,68,2024-12-14,5,South,1583.44,2024-12-17,2024-12-17
1238,69,2025-04-28,1,Midwest,1604.42,2025-05-01,2025-04-29
1239,37,2024-12-22,8,South,207.58,2024-12-25,2024-12-23
1240,49,2024-11-13,10,Midwest,1648.28,2024-11-16,2024-11-15
1241,13,2024-02-17,5,West,443.8,2024-02-20,2024-02-22
1242,34,2024-01-10,3,Midwest,70.85,2024-01-13,2024-01-15
1243,86,2024-08-20,3,West,451.12,2024-08-23,2024-09-02
1244,53,2024-02-05,4,Midwest,968.98,2024-02-08,2024-02-12
1245,87,2025-02-16,7,West,1489.38,2025-02-19,2025-02-24
1246,51,2025-04-06,5,Midwest,452.89,2025-04-09,2025-04-11
1247,3,2024-01-04,1,Midwest,243.75,2024-01-07,2024-01-05
1248,42,2024-02-13,5,Midwest,1299.02,2024-02-16,2024-02-19
1249,98,2024-09-11,5,West,1968.12,2024-09-14,2024-09-12
1250,32,2024-04-23,6,Midwest,1209.72,2024-04-26,2024-04-27
1251,51,2025-01-31,7,West,1388.29,2025-02-03,2025-02-07
1252,85,2024-06-22,5,South,1131.11,2024-06-25,2024-06-25
1253,46,2024-09-11,2,Midwest,1569.05,2024-09-14,2024-09-17
1254,21,2025-04-10,2,Northeast,1952.09,2025-04-13,2025-04-13
1255,44,2024-10-03,4,Northeast,1097.38,2024-10-06,2024-10-05
1256,11,2025-04-08,1,West,845.25,2025-04-11,2025-04-14
1257,68,2025-05-16,7,Northeast,1723.48,2025-05-19,2025-05-24
1258,1,2025-03-16,1,West,1940.06,2025-03-19,2025-03-24
1259,92,2024-03-09,3,West,275.78,2024-03-12,2024-03-13
1260,63,2025-05-23,10,Northeast,1164.78,2025-05-26,2025-05-24
1261,24,2024-11-21,7,Northeast,1589.07,2024-11-24,2024-11-26
1262,99,2024-03-07,6,South,1076.01,2024-03-10,2024-03-16
1263,13,2024-10-30,7,West,830.21,2024-11-02,2024-10-31
1264,98,2025-04-28,5,Northeast,1317.36,2025-05-01,2025-05-08
1265,11,2025-02-20,8,South,554.85,2025-02-23,2025-02-21
1266,100,2024-06-07,6,South,711.28,2024-06-10,2024-06-13
1267,51,2024-05-28,4,West,1984.71,2024-05-31,2024-06-04
1268,17,2024-01-27,1,Midwest,1280.2,2024-01-30,2024-02-05
1269,99,2024-09-04,2,Northeast,1748.4,2024-09-07,2024-09-10
1270,82,2024-04-10,6,Northeast,1619.38,2024-04-13,2024-04-14
1271,86,2024-04-05,4,Northeast,1311.5,2024-04-08,2024-04-11
1272,24,2025-01-18,3,Northeast,1684.64,2025-01-21,2025-01-21
1273,19,2024-10-08,7,Northeast,588.57,2024-10-11,2024-10-09
1274,37,2024-11-17,7,Northeast,1281.49,2024-11-20,2024-11-21
1275,85,2025-01-30,2,South,1189.39,2025-02-02,2025-02-05
1276,8,2024-10-04,8,West,1252.39,2024-10-07,2024-10-12
1277,28,2024-09-19,1,South,353.89,2024-09-22,2024-09-23
1278,5,2024-10-19,10,Northeast,568.94,2024-10-22,2024-10-28
1279,17,2024-10-20,7,West,587.58,2024-10-23,2024-10-24
1280,36,2025-01-29,10,Northeast,1211.85,2025-02-01,2025-02-04
1281,19,2025-05-27,1,West,1945.64,2025-05-30,2025-06-03
1282,64,2024-06-28,3,South,1909.05,2024-07-01,2024-07-03
1283,91,2024-08-22,3,West,469.84,2024-08-25,2024-08-27
1284,98,2024-12-02,10,South,623.59,2024-12-05,2024-12-12
1285,11,2024-01-08,2,Northeast,91.4,2024-01-11,2024-01-09
1286,54,2025-03-18,10,West,809.65,2025-03-21,2025-03-23
1287,45,2024-03-31,5,Midwest,1672.65,2024-04-03,2024-04-01
1288,47,2024-09-28,4,Midwest,1833.19,2024-10-01,2024-09-29
1289,12,2024-01-05,6,South,488.26,2024-01-08,2024-01-10
1290,21,2024-08-06,2,South,546.27,2024-08-09,2024-08-09
1291,11,2024-04-27,4,South,457.28,2024-04-30,2024-05-08
1292,92,2024-04-24,7,South,713.21,2024-04-27,2024-04-28
1293,5,2024-09-19,1,Northeast,1613.42,2024-09-22,2024-09-27
1294,81,2024-11-01,3,Midwest,1300.78,2024-11-04,2024-11-06
1295,56,2025-02-25,1,South,1576.16,2025-02-28,2025-02-26
1296,20,2024-07-25,2,West,1174.4,2024-07-28,2024-07-26
1297,41,2024-10-29,9,West,530.31,2024-11-01,2024-10-30
1298,46,2024-04-21,10,Northeast,471.43,2024-04-24,2024-04-27
1299,12,2025-02-20,5,South,37.82,2025-02-23,2025-03-02
1300,70,2024-10-11,4,West,1566.34,2024-10-14,2024-10-13
1301,17,2024-07-03,4,South,1697.3,2024-07-06,2024-07-11
1302,19,2024-08-08,8,West,1541.2,2024-08-11,2024-08-12
1303,26,2025-03-19,3,Northeast,167.32,2025-03-22,2025-03-21
1304,48,2024-04-26,4,West,1529.2,2024-04-29,2024-05-02
1305,52,2024-03-10,2,South,110.62,2024-03-13,2024-03-20
1306,96,2024-03-10,6,South,229.07,2024-03-13,2024-03-15
1307,70,2025-03-02,9,Northeast,892.14,2025-03-05,2025-03-09
1308,55,2025-03-18,4,Midwest,962.77,2025-03-21,2025-03-24
1309,100,2024-05-16,6,South,1635.91,2024-05-19,2024-05-22
1310,75,2025-05-18,4,Midwest,1365.46,2025-05-21,2025-05-21
1311,33,2024-05-10,2,South,323.57,2024-05-13,2024-05-16
1312,62,2024-08-05,6,Northeast,467.77,2024-08-08,2024-08-06
1313,88,2024-06-19,7,West,585.64,2024-06-22,2024-06-25
1314,23,2025-04-19,4,Midwest,264.87,2025-04-22,2025-04-28
1315,15,2024-05-08,7,West,589.54,2024-05-11,2024-05-18
1316,27,2024-02-26,8,Northeast,1462.62,2024-02-29,2024-02-28
1317,75,2024-06-29,3,Northeast,497.97,2024-07-02,2024-07-05
1318,64,2024-09-02,2,Northeast,1674.01,2024-09-05,2024-09-05
1319,81,2024-05-23,5,South,949.64,2024-05-26,2024-05-28
1320,51,2024-02-20,2,South,659.41,2024-02-23,2024-03-02
1321,53,2025-01-02,10,South,836.59,2025-01-05,2025-01-10
1322,78,2025-04-03,5,South,1424.8,2025-04-06,2025-04-06
1323,91,2024-08-05,10,Midwest,1043.25,2024-08-08,2024-08-08
1324,82,2024-09-13,6,Northeast,34.41,2024-09-16,2024-09-18
1325,92,2024-06-04,8,Midwest,1846.2,2024-06-07,2024-06-09
1326,51,2025-03-17,6,South,150.67,2025-03-20,2025-03-22
1327,47,2024-01-25,4,West,1878.47,2024-01-28,2024-01-26
1328,4,2024-02-29,3,Midwest,75.74,2024-03-03,2024-03-11
1329,7,2025-04-11,2,West,1546.54,2025-04-14,2025-04-22
1330,35,2025-03-09,1,South,1078.66,2025-03-12,2025-03-15
1331,48,2024-03-06,2,Midwest,1021.34,2024-03-09,2024-03-08
1332,73,2024-04-15,2,Midwest,164.1,2024-04-18,2024-04-18
1333,72,2024-04-05,5,Midwest,492.72,2024-04-08,2024-04-07
1334,45,2024-06-16,9,West,1559.54,2024-06-19,2024-06-18
1335,81,2024-02-11,1,South,1784.69,2024-02-14,2024-02-14
1336,81,2024-04-13,4,Northeast,1067.65,2024-04-16,2024-04-19
1337,97,2024-07-22,10,Northeast,719.62,2024-07-25,2024-07-27
1338,96,2024-10-08,7,South,138.69,2024-10-11,2024-10-18
1339,72,2024-02-12,10,Midwest,1370.71,2024-02-15,2024-02-13
1340,19,2024-04-19,3,Northeast,571.32,2024-04-22,2024-04-21
1341,63,2024-07-28,8,Midwest,128.93,2024-07-31,2024-07-29
1342,38,2024-02-18,3,South,1338.39,2024-02-21,2024-02-23
1343,67,2024-04-24,8,West,981.73,2024-04-27,2024-05-04
1344,59,2024-06-03,2,Midwest,43.69,2024-06-06,2024-06-07
1345,69,2025-05-17,5,West,239.63,2025-05-20,2025-05-26
1346,13,2024-03-11,4,West,1404.42,2024-03-14,2024-03-18
1347,47,2024-12-01,9,South,146.07,2024-12-04,2024-12-09
1348,61,2024-03-07,3,South,1734.61,2024-03-10,2024-03-14
1349,31,2025-05-07,5,West,636.43,2025-05-10,2025-05-17
1350,80,2024-07-31,10,West,195.56,2024-08-03,2024-08-04
1351,96,2024-06-29,9,Northeast,1524.32,2024-07-02,2024-07-06
1352,22,2024-09-04,6,Northeast,1058.37,2024-09-07,2024-09-15
1353,93,2024-08-01,2,South,627.15,2024-08-04,2024-08-03
1354,86,2024-12-24,1,Midwest,824.07,2024-12-27,2024-12-28
1355,43,2024-09-05,1,West,62.4,2024-09-08,2024-09-12
1356,67,2025-05-30,7,Midwest,1332.14,2025-06-02,2025-06-01
1357,54,2024-03-28,2,West,744.23,2024-03-31,2024-03-30
1358,10,2024-06-24,7,South,1433.79,2024-06-27,2024-07-05
1359,42,2025-03-01,1,Midwest,1263.78,2025-03-04,2025-03-04
1360,64,2024-03-21,4,South,1309.48,2024-03-24,2024-03-25
1361,21,2024-05-17,10,West,1589.93,2024-05-20,2024-05-23
1362,80,2025-03-08,4,South,1269.69,2025-03-11,2025-03-14
1363,76,2025-04-14,5,Midwest,849.08,2025-04-17,2025-04-17
1364,66,2024-12-15,10,Northeast,792.06,2024-12-18,2024-12-19
1365,41,2024-05-05,1,South,256.77,2024-05-08,2024-05-07
1366,24,2024-11-04,7,Midwest,1563.3,2024-11-07,2024-11-07
1367,35,2024-08-17,2,South,1526.99,2024-08-20,2024-08-24
1368,56,2025-04-04,2,South,507.67,2025-04-07,2025-04-12
1369,30,2024-12-10,8,Northeast,1728.11,2024-12-13,2024-12-18
1370,57,2024-11-05,9,Midwest,1186.23,2024-11-08,2024-11-10
1371,94,2024-01-20,6,Midwest,967.8,2024-01-23,2024-01-24
1372,47,2025-04-21,1,Midwest,54.64,2025-04-24,2025-04-22
1373,35,2024-09-25,1,West,777.83,2024-09-28,2024-09-29
1374,19,2024-01-03,7,South,1288.53,2024-01-06,2024-01-09
1375,8,2024-01-16,8,Northeast,197.7,2024-01-19,2024-01-24
1376,26,2024-12-23,3,Midwest,929.94,2024-12-26,2024-12-24
1377,71,2024-05-12,9,Northeast,1987.0,2024-05-15,2024-05-16
1378,30,2024-11-07,4,West,1438.75,2024-11-10,2024-11-08
1379,7,2025-04-26,4,West,1102.8,2025-04-29,2025-04-27
1380,67,2024-10-31,3,Northeast,1075.41,2024-11-03,2024-11-09
1381,65,2024-09-25,8,Midwest,106.65,2024-09-28,2024-09-26
1382,36,2025-02-17,9,Northeast,1915.48,2025-02-20,2025-02-22
1383,25,2024-01-25,1,Midwest,1857.79,2024-01-28,2024-02-02
1384,37,2024-11-11,2,Midwest,1371.16,2024-11-14,2024-11-15
1385,1,2024-10-02,1,West,216.04,2024-10-05,2024-10-03
1386,15,2025-01-23,4,Northeast,431.51,2025-01-26,2025-01-28
1387,37,2025-03-19,10,West,384.14,2025-03-22,2025-03-29
1388,13,2025-03-02,7,South,1048.77,2025-03-05,2025-03-10
1389,8,2024-02-26,7,West,431.45,2024-02-29,2024-03-01
1390,5,2025-01-02,6,Midwest,1397.69,2025-01-05,2025-01-05
1391,60,2024-12-07,5,Northeast,1099.56,2024-12-10,2024-12-15
1392,73,2024-10-30,4,South,54.96,2024-11-02,2024-10-31
1393,1,2025-01-08,8,South,1493.23,2025-01-11,2025-01-16
1394,36,2024-04-21,7,South,393.88,2024-04-24,2024-04-24
1395,35,2024-01-06,10,South,1653.27,2024-01-09,2024-01-07
1396,66,2024-10-05,1,Northeast,722.99,2024-10-08,2024-10-06
1397,63,2025-01-16,6,Midwest,690.47,2025-01-19,2025-01-26
1398,23,2024-01-13,2,South,43.4,2024-01-16,2024-01-17
1399,9,2024-10-29,4,Midwest,1975.7,2024-11-01,2024-10-31
1400,34,2024-06-08,5,West,1231.77,2024-06-11,2024-06-13
1401,46,2024-06-02,8,Midwest,857.01,2024-06-05,2024-06-05
1402,78,2024-06-29,6,South,211.31,2024-07-02,2024-07-02
1403,4,2024-06-28,2,West,1404.31,2024-07-01,2024-07-02
1404,30,2025-01-11,5,West,579.81,2025-01-14,2025-01-16
1405,95,2024-06-16,5,West,1976.8,2024-06-19,2024-06-23
1406,75,2024-08-01,6,South,1902.08,2024-08-04,2024-08-02
1407,99,2024-05-29,1,Midwest,1475.89,2024-06-01,2024-06-07
1408,72,2024-01-16,8,Northeast,1942.72,2024-01-19,2024-01-18
1409,3,2024-03-31,3,Midwest,229.16,2024-04-03,2024-04-06
1410,14,2024-04-29,5,South,574.23,2024-05-02,2024-05-04
1411,60,2024-09-09,7,South,521.42,2024-09-12,2024-09-12
1412,77,2024-02-29,3,West,162.59,2024-03-03,2024-03-08
1413,45,2024-09-22,10,Midwest,1945.01,2024-09-25,2024-09-25
1414,96,2025-02-12,6,South,138.75,2025-02-15,2025-02-21
1415,34,2024-01-31,5,South,1716.24,2024-02-03,2024-02-07
1416,45,2024-01-21,7,Northeast,1540.96,2024-01-24,2024-01-24
1417,61,2024-10-15,10,Midwest,764.22,2024-10-18,2024-10-16
1418,83,2025-05-12,3,West,57.24,2025-05-15,2025-05-20
1419,16,2025-04-18,2,West,32.07,2025-04-21,2025-04-20
1420,66,2025-02-08,4,West,423.91,2025-02-11,2025-02-13
1421,40,2024-05-11,3,Midwest,997.88,2024-05-14,2024-05-18
1422,17,2024-11-19,4,South,926.66,2024-11-22,2024-11-25
1423,34,2024-05-11,7,South,1178.88,2024-05-14,2024-05-15
1424,16,2024-01-30,5,Northeast,1548.48,2024-02-02,2024-02-02
1425,60,2024-10-27,4,Northeast,767.16,2024-10-30,2024-11-03
1426,66,2024-01-04,6,South,337.52,2024-01-07,2024-01-05
1427,66,2024-11-20,7,South,1604.1,2024-11-23,2024-11-26
1428,90,2025-05-23,5,Midwest,678.73,2025-05-26,2025-05-24
1429,13,2024-08-24,7,Northeast,588.03,2024-08-27,2024-08-26
1430,56,2024-01-16,3,West,1533.34,2024-01-19,2024-01-22
1431,31,2025-03-21,7,West,1869.6,2025-03-24,2025-03-24
1432,34,2025-05-17,3,West,1831.62,2025-05-20,2025-05-25
1433,39,2024-08-17,6,West,292.14,2024-08-20,2024-08-24
1434,67,2024-04-16,8,South,1016.25,2024-04-19,2024-04-19
1435,8,2025-01-23,6,South,203.88,2025-01-26,2025-01-27
1436,87,2024-09-19,10,Midwest,1922.73,2024-09-22,2024-09-21
1437,78,2024-03-05,3,West,446.15,2024-03-08,2024-03-11
1438,55,2024-09-21,5,South,410.91,2024-09-24,2024-10-01
1439,27,2024-12-03,9,South,1779.99,2024-12-06,2024-12-04
1440,93,2024-10-27,8,South,1936.34,2024-10-30,2024-11-02
1441,53,2025-01-12,6,West,1401.31,2025-01-15,2025-01-18
1442,39,2024-06-23,9,South,259.59,2024-06-26,2024-06-24
1443,65,2024-05-31,2,Northeast,981.99,2024-06-03,2024-06-02
1444,17,2025-04-20,9,West,1636.88,2025-04-23,2025-04-21
1445,30,2024-09-22,10,West,1153.5,2024-09-25,2024-09-29
1446,53,2024-11-24,10,Northeast,282.54,2024-11-27,2024-11-28
1447,13,2024-06-11,6,Midwest,360.34,2024-06-14,2024-06-14
1448,21,2025-03-13,9,Midwest,1731.0,2025-03-16,2025-03-24
1449,19,2024-12-08,4,West,1063.52,2024-12-11,2024-12-09
1450,53,2025-01-01,5,West,1417.56,2025-01-04,2025-01-10
1451,19,2025-04-09,2,West,758.66,2025-04-12,2025-04-10
1452,57,2024-07-17,3,Northeast,1074.32,2024-07-20,2024-07-20
1453,25,2025-05-14,1,South,1954.66,2025-05-17,2025-05-15
1454,86,2024-01-16,4,Northeast,672.81,2024-01-19,2024-01-19
1455,31,2024-10-22,2,South,1356.08,2024-10-25,2024-10-25
1456,81,2025-05-25,2,South,361.56,2025-05-28,2025-05-28
1457,55,2024-08-26,1,Midwest,261.04,2024-08-29,2024-09-01
1458,23,2024-10-27,10,Northeast,1571.61,2024-10-30,2024-11-04
1459,32,2024-01-06,2,Northeast,1691.33,2024-01-09,2024-01-11
1460,62,2024-08-07,4,West,1343.26,2024-08-10,2024-08-13
1461,74,2025-03-28,6,Northeast,333.23,2025-03-31,2025-04-07
1462,10,2025-03-08,7,South,496.36,2025-03-11,2025-03-11
1463,100,2025-01-20,7,South,1824.13,2025-01-23,2025-01-28
1464,72,2024-10-21,7,Northeast,591.63,2024-10-24,2024-11-03
1465,54,2024-04-27,4,Midwest,1641.34,2024-04-30,2024-05-07
1466,52,2025-02-08,5,Midwest,586.16,2025-02-11,2025-02-18
1467,20,2024-01-12,3,West,1880.14,2024-01-15,2024-01-19
1468,32,2024-07-27,1,West,1830.62,2024-07-30,2024-08-04
1469,14,2024-06-13,8,South,105.66,2024-06-16,2024-06-17
1470,50,2024-10-20,10,Northeast,1545.42,2024-10-23,2024-10-25
1471,28,2024-03-18,7,South,355.53,2024-03-21,2024-03-22
1472,53,2025-03-09,9,South,446.24,2025-03-12,2025-03-12
1473,24,2024-03-17,10,Northeast,930.49,2024-03-20,2024-03-22
1474,79,2024-02-17,4,South,1161.11,2024-02-20,2024-02-20
1475,22,2024-03-22,5,South,665.08,2024-03-25,2024-03-27
1476,30,2024-07-27,5,Midwest,1159.26,2024-07-30,2024-07-28
1477,63,2025-03-20,7,West,357.9,2025-03-23,2025-03-23
1478,4,2024-01-29,9,Midwest,64.23,2024-02-01,2024-02-07
1479,77,2024-10-30,8,West,1151.02,2024-11-02,2024-11-05
1480,59,2025-04-09,7,West,1044.48,2025-04-12,2025-04-18
1481,87,2025-05-16,1,West,1385.51,2025-05-19,2025-05-19
1482,8,2025-03-21,10,Midwest,1306.65,2025-03-24,2025-03-25
1483,82,2025-05-04,6,Northeast,1797.02,2025-05-07,2025-05-10
1484,12,2025-03-03,10,South,929.75,2025-03-06,2025-03-07
1485,31,2024-12-24,9,Northeast,36.57,2024-12-27,2024-12-25
1486,78,2024-03-31,7,Northeast,1268.69,2024-04-03,2024-04-07
1487,34,2024-02-22,1,West,1356.76,2024-02-25,2024-02-24
1488,82,2024-07-22,9,West,1052.56,2024-07-25,2024-07-27
1489,98,2024-06-04,3,Midwest,1384.82,2024-06-07,2024-06-05
1490,75,2024-01-02,9,Midwest,660.7,2024-01-05,2024-01-05
1491,76,2024-12-22,4,South,314.64,2024-12-25,2024-12-27
1492,49,2024-02-27,9,Northeast,1335.82,2024-03-01,2024-03-05
1493,79,2024-09-10,8,Northeast,505.47,2024-09-13,2024-09-11
1494,57,2024-06-28,7,South,923.51,2024-07-01,2024-06-30
1495,95,2025-05-07,4,West,993.41,2025-05-10,2025-05-17
1496,93,2024-02-04,9,Midwest,964.86,2024-02-07,2024-02-15
1497,26,2024-03-15,4,South,1204.93,2024-03-18,2024-03-22
1498,18,2024-10-15,1,Northeast,78.32,2024-10-18,2024-10-24
1499,96,2025-01-05,6,South,1979.57,2025-01-08,2025-01-09
1500,86,2024-11-24,4,South,1438.29,2024-11-27,2024-12-01
1501,38,2024-10-30,10,Northeast,862.27,2024-11-02,2024-11-06
1502,81,2024-08-08,3,Northeast,398.83,2024-08-11,2024-08-10
1503,87,2024-06-12,5,Midwest,178.75,2024-06-15,2024-06-18
1504,88,2025-04-24,3,Midwest,1350.94,2025-04-27,2025-04-28
1505,50,2025-03-30,9,Northeast,647.57,2025-04-02,2025-04-05
1506,8,2025-01-09,6,Midwest,474.37,2025-01-12,2025-01-12
1507,41,2024-08-07,3,Midwest,772.31,2024-08-10,2024-08-08
1508,6,2024-09-10,5,Midwest,1193.99,2024-09-13,2024-09-15
1509,69,2024-07-06,8,Northeast,1349.98,2024-07-09,2024-07-13
1510,44,2024-07-09,8,West,1297.44,2024-07-12,2024-07-16
1511,64,2025-01-23,6,West,1729.27,2025-01-26,2025-01-24
1512,29,2024-08-02,5,Midwest,453.14,2024-08-05,2024-08-08
1513,28,2025-01-09,5,West,1280.76,2025-01-12,2025-01-16
1514,11,2024-03-26,1,Midwest,220.21,2024-03-29,2024-03-31
1515,65,2025-04-18,2,West,1104.91,2025-04-21,2025-04-26
1516,19,2024-02-16,4,West,1176.24,2024-02-19,2024-02-17
1517,9,2024-03-05,6,South,448.15,2024-03-08,2024-03-07
1518,27,2025-04-19,7,Midwest,795.55,2025-04-22,2025-04-26
1519,34,2024-05-25,1,West,1657.84,2024-05-28,2024-05-29
1520,44,2025-01-16,8,West,313.85,2025-01-19,2025-01-25
1521,68,2024-03-06,1,South,880.32,2024-03-09,2024-03-12
1522,100,2025-05-31,9,West,1866.81,2025-06-03,2025-06-02
1523,82,2024-04-02,4,South,1018.14,2024-04-05,2024-04-04
1524,15,2025-03-01,7,West,1455.76,2025-03-04,2025-03-02
1525,51,2025-04-12,6,South,1657.19,2025-04-15,2025-04-19
1526,13,2024-04-03,9,South,423.47,2024-04-06,2024-04-08
1527,83,2024-05-12,2,Northeast,452.07,2024-05-15,2024-05-20
1528,49,2025-03-09,7,Midwest,1522.01,2025-03-12,2025-03-15
1529,70,2024-12-06,5,Northeast,1511.55,2024-12-09,2024-12-11
1530,56,2024-11-09,7,Midwest,139.16,2024-11-12,2024-11-16
1531,76,2024-07-30,1,West,658.55,2024-08-02,2024-08-04
1532,51,2024-06-07,10,Midwest,809.09,2024-06-10,2024-06-11
1533,37,2024-09-24,9,Northeast,1661.5,2024-09-27,2024-09-29
1534,17,2025-04-18,1,Midwest,855.29,2025-04-21,2025-04-26
1535,58,2025-02-13,5,Northeast,1853.34,2025-02-16,2025-02-15
1536,87,2025-04-18,8,Midwest,1993.28,2025-04-21,2025-04-26
1537,90,2024-12-21,1,West,1565.84,2024-12-24,2024-12-26
1538,29,2024-07-11,7,West,1339.45,2024-07-14,2024-07-15
1539,33,2024-09-27,2,Midwest,795.96,2024-09-30,2024-10-03
1540,60,2024-04-23,7,Midwest,152.74,2024-04-26,2024-05-02
1541,91,2024-02-24,7,West,1154.81,2024-02-27,2024-03-04
1542,89,2024-03-05,9,Midwest,736.18,2024-03-08,2024-03-11
1543,55,2024-09-28,6,South,714.78,2024-10-01,2024-10-05
1544,10,2025-05-16,4,West,1381.66,2025-05-19,2025-05-21
1545,47,2024-12-27,7,West,938.01,2024-12-30,2024-12-30
1546,23,2024-05-25,7,Northeast,1509.15,2024-05-28,2024-05-31
1547,85,2024-07-27,4,Northeast,808.38,2024-07-30,2024-07-31
1548,21,2024-10-12,2,South,318.71,2024-10-15,2024-10-14
1549,13,2024-01-10,9,Midwest,933.47,2024-01-13,2024-01-14
1550,33,2024-07-04,8,South,1903.0,2024-07-07,2024-07-05
1551,24,2025-04-08,5,Midwest,1607.02,2025-04-11,2025-04-09
1552,11,2024-05-13,5,Northeast,427.38,2024-05-16,2024-05-24
1553,17,2024-06-19,1,Midwest,794.77,2024-06-22,2024-06-27
1554,68,2024-07-31,9,Northeast,1857.03,2024-08-03,2024-08-04
1555,47,2025-05-16,10,West,264.92,2025-05-19,2025-05-23
1556,25,2024-01-27,8,West,522.82,2024-01-30,2024-01-29
1557,94,2024-03-08,5,Midwest,539.2,2024-03-11,2024-03-15
1558,73,2025-02-11,10,Northeast,1150.45,2025-02-14,2025-02-17
1559,21,2024-04-18,6,South,833.25,2024-04-21,2024-04-21
1560,84,2024-03-14,10,Northeast,178.14,2024-03-17,2024-03-18
1561,83,2024-09-18,10,Northeast,1265.78,2024-09-21,2024-09-22
1562,83,2025-01-02,8,Northeast,216.17,2025-01-05,2025-01-10
1563,12,2024-08-24,6,West,1220.7,2024-08-27,2024-08-29
1564,37,2024-12-31,10,Northeast,1023.88,2025-01-03,2025-01-01
1565,42,2024-10-12,4,Midwest,997.46,2024-10-15,2024-10-16
1566,17,2025-01-12,3,West,153.64,2025-01-15,2025-01-15
1567,48,2025-01-10,7,West,1285.66,2025-01-13,2025-01-11
1568,28,2024-03-16,2,West,874.01,2024-03-19,2024-03-19
1569,41,2024-01-09,7,Northeast,833.99,2024-01-12,2024-01-10
1570,99,2024-07-14,1,South,1200.97,2024-07-17,2024-07-16
1571,47,2024-10-16,10,Northeast,1220.37,2024-10-19,2024-10-22
1572,18,2024-03-01,5,Northeast,49.77,2024-03-04,2024-03-07
1573,78,2025-01-23,9,South,267.95,2025-01-26,2025-01-30
1574,99,2024-01-08,1,Northeast,488.31,2024-01-11,2024-01-16
1575,71,2025-01-03,8,Midwest,1362.4,2025-01-06,2025-01-12
1576,13,2024-02-14,9,South,1161.95,2024-02-17,2024-02-16
1577,82,2024-12-09,9,Midwest,1520.11,2024-12-12,2024-12-10
1578,13,2025-01-09,8,Midwest,1486.4,2025-01-12,2025-01-14
1579,100,2024-01-27,4,West,1709.3,2024-01-30,2024-02-03
1580,31,2024-07-11,7,West,766.09,2024-07-14,2024-07-13
1581,2,2024-12-22,1,South,703.23,2024-12-25,2024-12-28
1582,16,2024-03-02,7,Northeast,1665.41,2024-03-05,2024-03-12
1583,9,2024-03-02,6,Midwest,490.45,2024-03-05,2024-03-03
1584,73,2025-02-25,5,Northeast,933.12,2025-02-28,2025-03-02
1585,38,2025-01-14,1,Midwest,404.76,2025-01-17,2025-01-22
1586,75,2024-10-03,8,West,1829.4,2024-10-06,2024-10-07
1587,54,2025-03-06,10,West,827.45,2025-03-09,2025-03-12
1588,56,2024-04-24,1,West,440.72,2024-04-27,2024-05-02
1589,86,2024-04-30,1,South,1390.19,2024-05-03,2024-05-04
1590,97,2025-02-19,3,Midwest,504.4,2025-02-22,2025-02-21
1591,100,2024-06-11,8,Northeast,1888.14,2024-06-14,2024-06-16
1592,87,2024-12-02,8,Midwest,747.88,2024-12-05,2024-12-04
1593,45,2025-01-13,7,Northeast,1335.99,2025-01-16,2025-01-16
1594,34,2024-11-19,5,Northeast,703.58,2024-11-22,2024-11-25
1595,9,2024-06-21,8,Northeast,1618.35,2024-06-24,2024-06-27
1596,88,2024-03-04,2,Midwest,1795.91,2024-03-07,2024-03-12
1597,8,2024-04-10,8,West,1580.08,2024-04-13,2024-04-16
1598,7,2024-11-17,2,South,1700.03,2024-11-20,2024-11-20
1599,36,2024-03-06,10,South,221.72,2024-03-09,2024-03-08
1600,18,2025-04-02,5,West,1849.65,2025-04-05,2025-04-09
1601,3,2025-03-28,4,South,1256.12,2025-03-31,2025-04-03
1602,28,2024-09-15,1,Northeast,1741.05,2024-09-18,2024-09-19
1603,70,2025-03-01,5,South,1375.18,2025-03-04,2025-03-07
1604,44,2024-06-26,7,Midwest,419.66,2024-06-29,2024-06-29
1605,21,2024-10-06,1,West,1226.92,2024-10-09,2024-10-07
1606,28,2024-12-09,2,West,200.07,2024-12-12,2024-12-17
1607,54,2024-01-17,9,West,1397.53,2024-01-20,2024-01-24
1608,54,2024-10-22,5,West,829.82,2024-10-25,2024-10-27
1609,65,2024-07-20,7,Midwest,320.43,2024-07-23,2024-07-22
1610,100,2024-07-12,2,Northeast,1958.88,2024-07-15,2024-07-16
1611,21,2024-05-28,7,Northeast,1804.15,2024-05-31,2024-05-29
1612,99,2025-01-09,7,Northeast,1789.22,2025-01-12,2025-01-14
1613,13,2024-02-04,7,South,1581.86,2024-02-07,2024-02-05
1614,57,2025-01-03,5,Northeast,1390.12,2025-01-06,2025-01-08
1615,49,2024-01-29,9,South,1317.06,2024-02-01,2024-02-01
1616,54,2024-08-08,2,Midwest,230.07,2024-08-11,2024-08-13
1617,10,2024-02-22,4,South,1803.12,2024-02-25,2024-02-24
1618,53,2024-12-18,2,Northeast,1764.63,2024-12-21,2024-12-28
1619,44,2025-01-26,8,West,1500.75,2025-01-29,2025-02-01
1620,47,2024-03-16,1,Midwest,1856.08,2024-03-19,2024-03-19
1621,53,2025-05-08,9,Northeast,1115.11,2025-05-11,2025-05-12
1622,74,2024-04-26,5,Northeast,906.33,2024-04-29,2024-05-06
1623,46,2024-10-06,3,Northeast,1936.54,2024-10-09,2024-10-08
1624,13,2024-06-23,4,Midwest,938.98,2024-06-26,2024-06-25
1625,37,2024-10-21,1,West,1289.82,2024-10-24,2024-10-23
1626,24,2025-03-26,3,West,758.66,2025-03-29,2025-03-29
1627,2,2025-06-01,8,West,1279.93,2025-06-04,2025-06-10
1628,86,2024-01-21,2,Northeast,1445.8,2024-01-24,2024-01-24
1629,81,2024-03-13,2,South,1256.82,2024-03-16,2024-03-17
1630,100,2024-02-05,9,Northeast,1038.83,2024-02-08,2024-02-11
1631,14,2025-05-21,5,West,614.22,2025-05-24,2025-05-26
1632,10,2024-08-20,5,Midwest,1294.81,2024-08-23,2024-08-28
1633,35,2025-05-11,1,South,1818.69,2025-05-14,2025-05-18
1634,25,2024-07-24,6,South,33.69,2024-07-27,2024-07-30
1635,3,2025-03-01,8,Northeast,285.18,2025-03-04,2025-03-05
1636,17,2024-02-13,6,Midwest,257.15,2024-02-16,2024-02-21
1637,12,2024-03-31,7,South,1847.95,2024-04-03,2024-04-03
1638,54,2025-04-14,4,West,1332.24,2025-04-17,2025-04-16
1639,24,2025-04-11,2,Northeast,1904.54,2025-04-14,2025-04-15
1640,29,2025-03-29,1,Northeast,1173.97,2025-04-01,2025-04-06
1641,43,2024-11-28,6,West,934.23,2024-12-01,2024-11-30
1642,25,2025-05-21,9,West,1588.84,2025-05-24,2025-05-24
1643,100,2025-04-14,10,West,338.67,2025-04-17,2025-04-20
1644,60,2024-01-21,5,South,775.05,2024-01-24,2024-01-26
1645,90,2024-08-15,2,Midwest,943.22,2024-08-18,2024-08-19
1646,65,2025-01-10,1,South,610.95,2025-01-13,2025-01-16
1647,84,2024-05-09,3,Midwest,755.15,2024-05-12,2024-05-13
1648,28,2025-02-17,4,Northeast,174.65,2025-02-20,2025-02-25
1649,16,2024-03-11,7,Midwest,412.01,2024-03-14,2024-03-17
1650,47,2025-02-07,9,West,684.28,2025-02-10,2025-02-15
1651,81,2025-01-31,8,South,1595.86,2025-02-03,2025-02-03
1652,92,2024-12-02,9,West,381.34,2024-12-05,2024-12-07
1653,58,2025-05-19,7,Northeast,706.35,2025-05-22,2025-05-20
1654,76,2024-10-02,10,South,148.54,2024-10-05,2024-10-11
1655,27,2024-01-13,8,South,1123.07,2024-01-16,2024-01-25
1656,53,2024-01-03,8,West,1230.28,2024-01-06,2024-01-07
1657,42,2024-08-11,1,South,1733.72,2024-08-14,2024-08-17
1658,59,2024-06-23,9,West,1641.85,2024-06-26,2024-06-28
1659,47,2025-01-19,2,Midwest,585.05,2025-01-22,2025-01-20
1660,94,2024-08-28,7,Northeast,291.17,2024-08-31,2024-09-06
1661,34,2024-01-14,10,West,329.04,2024-01-17,2024-01-18
1662,37,2024-07-13,10,Northeast,1938.55,2024-07-16,2024-07-14
1663,6,2025-01-31,5,South,1352.99,2025-02-03,2025-02-03
1664,7,2025-03-06,4,Northeast,104.29,2025-03-09,2025-03-07
1665,96,2024-11-01,1,Northeast,290.82,2024-11-04,2024-11-06
1666,96,2024-11-29,1,Northeast,981.88,2024-12-02,2024-12-04
1667,25,2025-02-13,3,South,431.5,2025-02-16,2025-02-22
1668,33,2024-01-03,1,Midwest,1611.24,2024-01-06,2024-01-13
1669,55,2025-03-27,8,Midwest,1154.97,2025-03-30,2025-04-07
1670,58,2025-05-09,3,Midwest,1233.01,2025-05-12,2025-05-11
1671,7,2025-02-20,10,West,936.39,2025-02-23,2025-02-27
1672,57,2025-01-25,2,West,527.0,2025-01-28,2025-02-01
1673,12,2025-01-07,6,South,1187.02,2025-01-10,2025-01-10
1674,16,2024-02-21,4,Midwest,1439.6,2024-02-24,2024-02-27
1675,80,2025-01-10,4,Northeast,754.48,2025-01-13,2025-01-16
1676,43,2025-01-29,2,Midwest,1019.79,2025-02-01,2025-02-02
1677,100,2024-05-21,2,West,1682.57,2024-05-24,2024-05-30
1678,77,2024-03-26,6,South,314.39,2024-03-29,2024-04-01
1679,7,2025-04-08,5,Midwest,1099.54,2025-04-11,2025-04-12
1680,100,2024-02-15,9,West,709.86,2024-02-18,2024-02-16
1681,51,2024-08-25,4,West,1411.53,2024-08-28,2024-09-02
1682,73,2024-01-10,5,Northeast,57.24,2024-01-13,2024-01-15
1683,32,2024-06-26,1,Midwest,1347.54,2024-06-29,2024-07-01
1684,75,2024-01-06,2,Northeast,223.74,2024-01-09,2024-01-08
1685,8,2024-11-02,3,Midwest,148.24,2024-11-05,2024-11-10
1686,97,2024-11-22,5,South,1454.75,2024-11-25,2024-11-24
1687,87,2024-12-21,5,Midwest,1287.88,2024-12-24,2024-12-22
1688,89,2025-01-29,4,Northeast,1791.97,2025-02-01,2025-02-01
1689,72,2024-10-26,10,Northeast,1048.92,2024-10-29,2024-11-01
1690,45,2024-10-11,3,West,1069.45,2024-10-14,2024-10-17
1691,86,2024-11-25,9,Midwest,1419.9,2024-11-28,2024-11-30
1692,59,2024-02-19,1,Midwest,660.33,2024-02-22,2024-02-23
1693,4,2025-01-12,6,South,93.09,2025-01-15,2025-01-17
1694,67,2024-05-23,7,West,475.49,2024-05-26,2024-06-05
1695,29,2024-02-29,10,Northeast,491.27,2024-03-03,2024-03-06
1696,29,2024-03-15,4,Midwest,684.6,2024-03-18,2024-03-19
1697,98,2024-01-03,10,West,1888.06,2024-01-06,2024-01-08
1698,98,2025-03-23,3,South,1613.59,2025-03-26,2025-03-27
1699,28,2024-10-01,8,West,1873.19,2024-10-04,2024-10-06
1700,77,2024-08-02,9,Midwest,1997.25,2024-08-05,2024-08-04
1701,79,2025-04-29,1,Midwest,878.88,2025-05-02,2025-05-06
1702,87,2024-11-24,10,South,469.61,2024-11-27,2024-11-30
1703,44,2024-09-11,9,South,1128.81,2024-09-14,2024-09-14
1704,90,2025-01-21,7,South,1764.65,2025-01-24,2025-01-29
1705,4,2024-05-05,1,Northeast,942.15,2024-05-08,2024-05-06
1706,90,2024-11-19,7,West,1020.69,2024-11-22,2024-11-30
1707,9,2024-07-22,5,West,286.19,2024-07-25,2024-08-02
1708,5,2024-06-20,10,West,852.5,2024-06-23,2024-06-30
1709,56,2024-08-04,7,Northeast,786.25,2024-08-07,2024-08-08
1710,96,2024-09-01,9,West,716.34,2024-09-04,2024-09-07
1711,84,2024-12-01,8,South,1776.85,2024-12-04,2024-12-04
1712,50,2024-10-24,6,West,137.42,2024-10-27,2024-10-30
1713,75,2024-06-30,2,Northeast,1944.85,2024-07-03,2024-07-05
1714,15,2024-11-29,8,Northeast,36.33,2024-12-02,2024-12-03
1715,32,2025-05-25,4,West,1892.28,2025-05-28,2025-05-29
1716,28,2025-01-17,8,Northeast,1105.13,2025-01-20,2025-01-22
1717,22,2024-07-17,7,Northeast,1410.84,2024-07-20,2024-07-30
1718,17,2024-11-27,4,West,390.52,2024-11-30,2024-12-06
1719,59,2024-06-13,8,Northeast,1315.34,2024-06-16,2024-06-18
1720,90,2024-08-29,2,Northeast,1766.28,2024-09-01,2024-09-02
1721,71,2024-08-14,9,West,296.17,2024-08-17,2024-08-21
1722,57,2025-03-26,6,South,271.62,2025-03-29,2025-03-29
1723,26,2024-07-14,7,South,621.88,2024-07-17,2024-07-18
1724,25,2024-07-22,10,Northeast,340.22,2024-07-25,2024-07-23
1725,10,2025-04-02,1,Midwest,239.08,2025-04-05,2025-04-07
1726,45,2024-09-13,3,Midwest,1363.07,2024-09-16,2024-09-18
1727,83,2024-09-28,10,West,443.38,2024-10-01,2024-10-01
1728,11,2024-01-09,5,West,1340.69,2024-01-12,2024-01-15
1729,77,2024-07-19,7,South,1726.62,2024-07-22,2024-07-24
1730,53,2024-02-28,1,Midwest,1311.01,2024-03-02,2024-03-02
1731,72,2025-01-27,9,West,256.35,2025-01-30,2025-02-03
1732,68,2024-04-28,5,Midwest,1155.68,2024-05-01,2024-05-02
1733,95,2025-02-02,3,Midwest,799.38,2025-02-05,2025-02-04
1734,28,2024-11-26,7,Northeast,699.87,2024-11-29,2024-11-27
1735,75,2024-09-23,10,Northeast,650.69,2024-09-26,2024-10-02
1736,65,2025-04-24,8,Midwest,1860.28,2025-04-27,2025-04-29
1737,49,2024-05-13,10,South,1490.16,2024-05-16,2024-05-18
1738,47,2024-12-20,10,West,285.02,2024-12-23,2024-12-25
1739,52,2025-05-12,3,West,962.49,2025-05-15,2025-05-21
1740,88,2024-04-16,7,South,650.08,2024-04-19,2024-04-21
1741,54,2024-10-16,7,Northeast,1956.32,2024-10-19,2024-10-26
1742,60,2024-05-26,4,Northeast,1956.5,2024-05-29,2024-05-31
1743,57,2024-11-22,10,South,652.68,2024-11-25,2024-11-23
1744,47,2025-02-18,9,South,717.18,2025-02-21,2025-02-27
1745,31,2024-07-28,1,Northeast,1206.84,2024-07-31,2024-08-03
1746,46,2024-10-22,1,Midwest,969.03,2024-10-25,2024-10-25
1747,26,2025-02-01,5,Northeast,441.94,2025-02-04,2025-02-05
1748,5,2024-04-12,3,Midwest,1327.62,2024-04-15,2024-04-16
1749,84,2025-05-22,10,West,681.57,2025-05-25,2025-05-23
1750,52,2024-07-27,9,West,1314.36,2024-07-30,2024-08-04
1751,75,2025-03-03,5,Midwest,779.69,2025-03-06,2025-03-07
1752,54,2025-01-27,7,Midwest,1406.42,2025-01-30,2025-01-29
1753,33,2024-04-18,1,Northeast,1342.24,2024-04-21,2024-05-01
1754,50,2024-12-13,2,South,1027.45,2024-12-16,2024-12-15
1755,38,2024-02-19,4,Midwest,1415.39,2024-02-22,2024-02-24
1756,27,2024-04-14,9,West,932.71,2024-04-17,2024-04-15
1757,98,2025-02-23,5,Northeast,249.95,2025-02-26,2025-03-04
1758,15,2025-01-07,5,West,380.57,2025-01-10,2025-01-11
1759,96,2024-01-27,9,Northeast,507.07,2024-01-30,2024-02-03
1760,61,2024-09-29,8,South,145.19,2024-10-02,2024-10-01
1761,21,2024-12-05,2,South,1428.53,2024-12-08,2024-12-06
1762,46,2024-10-27,7,West,747.43,2024-10-30,2024-10-30
1763,69,2025-04-24,1,Midwest,205.18,2025-04-27,2025-05-03
1764,6,2024-09-21,10,Midwest,1643.52,2024-09-24,2024-09-28
1765,38,2024-06-14,9,West,1373.64,2024-06-17,2024-06-15
1766,62,2024-11-11,3,Midwest,915.4,2024-11-14,2024-11-12
1767,86,2024-01-01,2,Midwest,509.9,2024-01-04,2024-01-05
1768,62,2024-09-17,4,West,320.46,2024-09-20,2024-09-25
1769,82,2024-03-03,4,West,927.58,2024-03-06,2024-03-06
1770,78,2025-04-27,3,South,1772.79,2025-04-30,2025-05-05
1771,74,2024-11-16,2,West,393.02,2024-11-19,2024-11-21
1772,46,2024-07-19,5,South,1145.95,2024-07-22,2024-07-29
1773,13,2024-08-09,4,South,1924.14,2024-08-12,2024-08-12
1774,95,2024-05-31,5,Northeast,1281.49,2024-06-03,2024-06-05
1775,94,2025-04-06,8,Midwest,891.13,2025-04-09,2025-04-09
1776,3,2024-08-04,2,West,1438.42,2024-08-07,2024-08-12
1777,94,2024-07-14,9,Midwest,1652.66,2024-07-17,2024-07-21
1778,6,2024-07-20,10,Northeast,1189.22,2024-07-23,2024-07-21
1779,93,2024-08-21,1,West,1746.23,2024-08-24,2024-08-28
1780,8,2024-05-20,8,West,1038.89,2024-05-23,2024-05-21
1781,44,2025-05-12,5,Northeast,1663.46,2025-05-15,2025-05-14
1782,33,2024-02-26,2,Midwest,1905.0,2024-02-29,2024-03-04
1783,81,2025-05-18,8,South,1012.46,2025-05-21,2025-05-19
1784,75,2024-05-21,5,Northeast,1217.9,2024-05-24,2024-05-25
1785,77,2024-04-15,10,Northeast,1226.75,2024-04-18,2024-04-22
1786,50,2024-06-13,10,West,1567.24,2024-06-16,2024-06-19
1787,11,2024-08-02,3,South,1649.47,2024-08-05,2024-08-08
1788,95,2024-03-11,7,Northeast,73.91,2024-03-14,2024-03-18
1789,28,2024-03-30,4,Midwest,1472.05,2024-04-02,2024-04-08
1790,70,2024-08-15,10,Northeast,1571.95,2024-08-18,2024-08-16
1791,41,2024-03-19,6,Midwest,1406.85,2024-03-22,2024-03-25
1792,16,2024-12-14,10,West,1433.12,2024-12-17,2024-12-22
1793,68,2024-09-02,8,Northeast,101.98,2024-09-05,2024-09-09
1794,99,2024-09-28,1,Midwest,895.24,2024-10-01,2024-10-03
1795,48,2025-02-06,2,West,1640.0,2025-02-09,2025-02-10
1796,56,2024-04-25,8,West,1869.33,2024-04-28,2024-05-02
1797,64,2025-03-10,7,West,474.35,2025-03-13,2025-03-16
1798,59,2025-03-17,10,Northeast,1166.81,2025-03-20,2025-03-25
1799,90,2024-06-20,9,West,1612.57,2024-06-23,2024-06-25
1800,62,2024-01-16,2,West,1509.77,2024-01-19,2024-01-20
1801,76,2024-02-25,8,Midwest,1245.4,2024-02-28,2024-02-26
1802,11,2024-04-12,6,West,57.01,2024-04-15,2024-04-16
1803,89,2024-10-10,1,Northeast,1453.29,2024-10-13,2024-10-11
1804,18,2025-05-31,4,South,1551.02,2025-06-03,2025-06-01
1805,19,2024-10-04,2,West,1451.24,2024-10-07,2024-10-06
1806,87,2024-09-25,7,Northeast,1536.3,2024-09-28,2024-10-02
1807,55,2025-02-03,9,West,873.21,2025-02-06,2025-02-07
1808,82,2025-05-17,6,Northeast,1987.63,2025-05-20,2025-05-23
1809,26,2024-03-26,4,West,1546.16,2024-03-29,2024-04-02
1810,6,2024-11-15,5,Midwest,1165.79,2024-11-18,2024-11-20
1811,4,2024-02-01,1,South,1869.7,2024-02-04,2024-02-04
1812,29,2024-12-01,4,South,1818.23,2024-12-04,2024-12-05
1813,59,2024-02-20,10,Northeast,1632.84,2024-02-23,2024-02-27
1814,98,2024-03-19,3,Northeast,1136.12,2024-03-22,2024-03-24
1815,17,2024-06-22,9,South,1063.66,2024-06-25,2024-06-23
1816,43,2025-05-15,6,Midwest,670.84,2025-05-18,2025-05-19
1817,80,2024-03-16,4,Midwest,516.74,2024-03-19,2024-03-23
1818,66,2024-11-11,3,West,1034.47,2024-11-14,2024-11-17
1819,34,2025-01-07,4,Midwest,1164.01,2025-01-10,2025-01-09
1820,8,2024-03-21,8,South,504.16,2024-03-24,2024-03-24
1821,13,2024-03-11,5,South,1846.75,2024-03-14,2024-03-12
1822,8,2024-03-11,1,Midwest,1123.4,2024-03-14,2024-03-18
1823,94,2024-02-15,5,Midwest,1062.48,2024-02-18,2024-02-22
1824,96,2024-02-16,8,South,882.56,2024-02-19,2024-02-21
1825,100,2025-02-25,4,South,134.98,2025-02-28,2025-03-01
1826,94,2024-05-28,2,South,1767.15,2024-05-31,2024-05-30
1827,65,2024-05-09,3,South,647.65,2024-05-12,2024-05-15
1828,43,2025-03-31,9,South,1292.07,2025-04-03,2025-04-01
1829,39,2025-05-19,7,Midwest,1222.72,2025-05-22,2025-05-26
1830,81,2024-08-31,3,Midwest,1177.28,2024-09-03,2024-09-07
1831,59,2025-04-18,5,West,1060.91,2025-04-21,2025-04-27
1832,84,2025-01-16,3,West,379.25,2025-01-19,2025-01-21
1833,88,2024-04-12,10,Northeast,575.6,2024-04-15,2024-04-15
1834,86,2025-05-03,4,West,1057.89,2025-05-06,2025-05-09
1835,93,2024-02-06,8,Midwest,1582.9,2024-02-09,2024-02-13
1836,86,2024-11-28,3,West,875.34,2024-12-01,2024-11-30
1837,44,2025-01-31,3,West,423.77,2025-02-03,2025-02-05
1838,9,2024-10-22,8,Midwest,194.13,2024-10-25,2024-10-28
1839,37,2024-04-16,10,South,1332.76,2024-04-19,2024-04-22
1840,74,2024-03-23,10,Midwest,858.21,2024-03-26,2024-03-27
1841,36,2024-10-14,7,Midwest,268.23,2024-10-17,2024-10-21
1842,92,2025-04-05,7,Northeast,1355.44,2025-04-08,2025-04-07
1843,28,2024-08-02,10,Northeast,431.01,2024-08-05,2024-08-13
1844,42,2024-10-07,2,Northeast,1027.85,2024-10-10,2024-10-10
1845,43,2025-04-03,7,South,626.25,2025-04-06,2025-04-09
1846,85,2024-12-09,10,West,1864.75,2024-12-12,2024-12-12
1847,88,2024-07-12,10,Northeast,472.01,2024-07-15,2024-07-17
1848,42,2024-06-06,3,Midwest,851.44,2024-06-09,2024-06-08
1849,66,2025-04-09,7,Northeast,1919.8,2025-04-12,2025-04-17
1850,55,2024-04-13,4,Midwest,651.08,2024-04-16,2024-04-16
1851,72,2024-02-03,8,South,1296.29,2024-02-06,2024-02-08
1852,48,2024-04-11,8,Northeast,647.12,2024-04-14,2024-04-16
1853,91,2024-11-20,6,Midwest,239.14,2024-11-23,2024-11-23
1854,22,2024-05-20,3,West,1262.54,2024-05-23,2024-05-21
1855,27,2025-04-18,6,South,1833.74,2025-04-21,2025-04-26
1856,93,2024-01-31,6,Midwest,916.08,2024-02-03,2024-02-05
1857,67,2024-03-03,3,West,1259.83,2024-03-06,2024-03-04
1858,13,2024-03-27,4,West,1225.62,2024-03-30,2024-03-28
1859,45,2024-10-30,2,Midwest,841.88,2024-11-02,2024-11-03
1860,10,2024-03-01,1,Northeast,1237.5,2024-03-04,2024-03-06
1861,100,2025-01-30,2,West,533.45,2025-02-02,2025-02-03
1862,9,2024-11-29,7,South,768.52,2024-12-02,2024-12-08
1863,54,2025-02-14,10,West,895.79,2025-02-17,2025-02-15
1864,27,2024-10-10,5,Northeast,1730.74,2024-10-13,2024-10-16
1865,34,2025-04-10,9,South,709.7,2025-04-13,2025-04-17
1866,1,2024-03-20,3,South,1277.57,2024-03-23,2024-03-27
1867,32,2024-03-17,2,South,442.54,2024-03-20,2024-03-25
1868,89,2024-12-26,4,Midwest,520.09,2024-12-29,2024-12-31
1869,93,2024-03-17,2,West,1303.89,2024-03-20,2024-03-23
1870,71,2025-05-23,7,Northeast,1529.37,2025-05-26,2025-05-27
1871,67,2024-06-12,10,Midwest,934.99,2024-06-15,2024-06-13
1872,84,2024-01-09,6,Midwest,683.5,2024-01-12,2024-01-15
1873,20,2024-06-23,8,South,1822.34,2024-06-26,2024-06-27
1874,94,2025-04-06,5,Midwest,288.9,2025-04-09,2025-04-09
1875,35,2024-11-02,2,West,1447.01,2024-11-05,2024-11-08
1876,99,2024-09-01,4,Midwest,1386.54,2024-09-04,2024-09-07
1877,91,2024-05-01,1,Midwest,1386.69,2024-05-04,2024-05-04
1878,90,2024-07-03,2,South,1872.13,2024-07-06,2024-07-09
1879,78,2024-02-01,4,South,1461.82,2024-02-04,2024-02-06
1880,17,2024-11-05,6,Midwest,617.1,2024-11-08,2024-11-11
1881,18,2025-01-06,4,South,719.75,2025-01-09,2025-01-15
1882,45,2024-02-25,4,Northeast,794.4,2024-02-28,2024-03-02
1883,93,2024-09-29,10,Northeast,81.0,2024-10-02,2024-10-05
1884,84,2025-04-08,10,Northeast,1828.75,2025-04-11,2025-04-10
1885,53,2025-03-31,2,Midwest,165.63,2025-04-03,2025-04-03
1886,91,2024-09-05,9,West,1405.59,2024-09-08,2024-09-11
1887,82,2024-03-18,10,West,1465.72,2024-03-21,2024-03-19
1888,68,2024-04-17,8,South,1690.56,2024-04-20,2024-04-21
1889,65,2024-09-29,8,West,1115.66,2024-10-02,2024-10-02
1890,1,2024-01-15,5,West,1456.02,2024-01-18,2024-01-20
1891,58,2025-01-04,3,Midwest,619.39,2025-01-07,2025-01-08
1892,26,2024-10-30,6,South,1496.26,2024-11-02,2024-11-04
1893,20,2024-07-23,9,West,699.96,2024-07-26,2024-07-29
1894,87,2024-04-22,8,Northeast,1807.62,2024-04-25,2024-04-30
1895,10,2024-09-09,7,South,343.5,2024-09-12,2024-09-17
1896,59,2025-03-16,8,South,645.2,2025-03-19,2025-03-20
1897,75,2024-07-04,4,South,1007.56,2024-07-07,2024-07-07
1898,41,2024-08-14,6,Northeast,1556.18,2024-08-17,2024-08-17
1899,5,2024-12-19,5,West,1502.62,2024-12-22,2024-12-23
1900,65,2024-01-01,2,Northeast,437.22,2024-01-04,2024-01-03
1901,17,2025-02-23,8,South,305.59,2025-02-26,2025-03-01
1902,22,2024-06-09,3,South,621.86,2024-06-12,2024-06-17
1903,98,2024-06-09,5,Midwest,977.83,2024-06-12,2024-06-10
1904,41,2024-05-07,8,Midwest,1087.23,2024-05-10,2024-05-12
1905,93,2024-05-30,9,Midwest,869.69,2024-06-02,2024-06-09
1906,68,2025-03-19,9,Midwest,1332.92,2025-03-22,2025-03-20
1907,69,2025-04-15,5,South,866.57,2025-04-18,2025-04-24
1908,11,2025-04-07,2,Northeast,1893.73,2025-04-10,2025-04-09
1909,56,2024-01-30,7,Midwest,536.72,2024-02-02,2024-02-02
1910,51,2025-04-17,7,Northeast,1262.2,2025-04-20,2025-04-24
1911,21,2024-03-20,8,Midwest,1230.53,2024-03-23,2024-03-27
1912,99,2024-02-08,8,West,577.52,2024-02-11,2024-02-13
1913,76,2024-08-27,5,Midwest,835.14,2024-08-30,2024-08-30
1914,26,2024-12-02,1,Northeast,743.64,2024-12-05,2024-12-03
1915,19,2024-10-06,4,Midwest,361.55,2024-10-09,2024-10-11
1916,60,2024-04-25,4,West,965.04,2024-04-28,2024-04-29
1917,71,2024-09-25,3,Northeast,785.59,2024-09-28,2024-09-28
1918,47,2024-11-30,8,Northeast,373.07,2024-12-03,2024-12-04
1919,71,2024-11-07,3,Northeast,910.76,2024-11-10,2024-11-13
1920,26,2024-02-22,5,South,855.25,2024-02-25,2024-03-01
1921,40,2024-03-08,2,Northeast,280.1,2024-03-11,2024-03-14
1922,5,2024-02-03,6,South,279.75,2024-02-06,2024-02-07
1923,21,2025-01-20,6,West,1302.06,2025-01-23,2025-01-23
1924,78,2024-09-05,8,Northeast,1419.03,2024-09-08,2024-09-08
1925,4,2024-04-20,8,Northeast,1883.54,2024-04-23,2024-04-26
1926,23,2024-04-03,1,Northeast,192.27,2024-04-06,2024-04-09
1927,84,2025-02-13,5,West,253.37,2025-02-16,2025-02-17
1928,15,2024-06-27,2,South,122.6,2024-06-30,2024-07-05
1929,93,2024-02-16,10,Midwest,1073.81,2024-02-19,2024-02-21
1930,8,2025-01-10,5,West,1253.04,2025-01-13,2025-01-14
1931,41,2024-07-20,10,West,818.98,2024-07-23,2024-07-23
1932,19,2025-03-20,9,West,1599.85,2025-03-23,2025-03-23
1933,46,2024-10-23,4,South,1379.66,2024-10-26,2024-10-29
1934,28,2024-11-03,8,South,1971.96,2024-11-06,2024-11-06
1935,91,2025-05-07,1,South,293.03,2025-05-10,2025-05-12
1936,68,2024-12-03,8,South,135.47,2024-12-06,2024-12-05
1937,15,2024-03-06,6,South,564.11,2024-03-09,2024-03-10
1938,99,2025-02-25,8,Northeast,57.72,2025-02-28,2025-03-02
1939,37,2025-05-07,6,Midwest,1866.57,2025-05-10,2025-05-19
1940,1,2024-11-12,3,Midwest,621.82,2024-11-15,2024-11-13
1941,67,2024-03-15,8,South,1113.81,2024-03-18,2024-03-22
1942,24,2024-02-28,5,South,649.78,2024-03-02,2024-03-02
1943,27,2025-01-20,10,Northeast,506.7,2025-01-23,2025-01-29
1944,40,2024-01-15,5,South,321.68,2024-01-18,2024-01-18
1945,63,2024-08-18,7,Northeast,654.32,2024-08-21,2024-08-26
1946,61,2024-07-17,6,Northeast,1238.53,2024-07-20,2024-07-23
1947,36,2024-12-19,9,West,1943.81,2024-12-22,2024-12-20
1948,98,2024-02-04,7,West,1125.02,2024-02-07,2024-02-10
1949,93,2024-06-10,3,South,1074.76,2024-06-13,2024-06-17
1950,24,2025-04-15,5,Northeast,89.82,2025-04-18,2025-04-22
1951,24,2025-02-26,9,South,1683.4,2025-03-01,2025-03-02
1952,4,2024-12-13,10,West,108.79,2024-12-16,2024-12-26
1953,67,2024-05-26,2,West,1814.34,2024-05-29,2024-06-06
1954,34,2025-01-08,1,West,1086.57,2025-01-11,2025-01-14
1955,57,2025-02-19,8,West,353.56,2025-02-22,2025-02-20
1956,49,2025-05-08,8,West,914.38,2025-05-11,2025-05-10
1957,87,2024-09-12,2,South,1990.07,2024-09-15,2024-09-16
1958,53,2024-04-12,8,South,624.06,2024-04-15,2024-04-17
1959,23,2024-04-30,5,West,553.53,2024-05-03,2024-05-03
1960,69,2025-02-22,2,South,253.65,2025-02-25,2025-02-25
1961,95,2024-12-15,7,West,1202.34,2024-12-18,2024-12-16
1962,53,2024-02-11,7,West,196.67,2024-02-14,2024-02-12
1963,62,2025-01-01,3,West,1536.7,2025-01-04,2025-01-06
1964,41,2024-01-29,1,South,1840.06,2024-02-01,2024-02-08
1965,57,2024-01-14,4,South,1865.1,2024-01-17,2024-01-15
1966,60,2025-04-29,2,Northeast,233.67,2025-05-02,2025-05-03
1967,54,2024-07-07,4,South,1125.36,2024-07-10,2024-07-12
1968,70,2024-10-21,8,South,212.28,2024-10-24,2024-10-27
1969,57,2024-07-01,2,Midwest,1152.59,2024-07-04,2024-07-04
1970,10,2024-02-06,1,West,1633.66,2024-02-09,2024-02-08
1971,40,2024-01-14,3,West,1084.82,2024-01-17,2024-01-21
1972,7,2024-06-07,10,South,1746.67,2024-06-10,2024-06-08
1973,38,2025-05-08,7,South,1607.32,2025-05-11,2025-05-14
1974,85,2024-11-24,6,Northeast,567.57,2024-11-27,2024-11-27
1975,61,2024-03-23,6,Midwest,1267.6,2024-03-26,2024-03-29
1976,84,2024-01-22,7,West,34.68,2024-01-25,2024-01-30
1977,3,2024-05-11,8,West,804.16,2024-05-14,2024-05-14
1978,51,2025-04-09,3,South,491.16,2025-04-12,2025-04-13
1979,86,2025-03-31,3,South,1875.49,2025-04-03,2025-04-04
1980,47,2024-10-28,10,Midwest,822.67,2024-10-31,2024-11-09
1981,68,2024-09-23,8,West,1315.05,2024-09-26,2024-09-28
1982,92,2025-01-29,7,Midwest,1469.32,2025-02-01,2025-02-02
1983,76,2024-04-29,10,West,1550.96,2024-05-02,2024-05-04
1984,38,2024-09-02,5,South,1476.83,2024-09-05,2024-09-11
1985,36,2024-02-07,4,Midwest,592.55,2024-02-10,2024-02-10
1986,41,2024-09-01,6,Northeast,1378.41,2024-09-04,2024-09-08
1987,69,2024-01-21,9,South,1107.04,2024-01-24,2024-01-24
1988,13,2024-04-19,6,Northeast,1202.8,2024-04-22,2024-04-22
1989,87,2025-01-28,8,Northeast,21.61,2025-01-31,2025-02-03
1990,58,2025-02-13,1,Northeast,531.35,2025-02-16,2025-02-22
1991,50,2024-01-08,6,West,1862.75,2024-01-11,2024-01-12
1992,30,2025-03-19,2,Northeast,594.35,2025-03-22,2025-03-23
1993,62,2024-11-23,3,West,887.27,2024-11-26,2024-11-30
1994,25,2024-10-16,6,Midwest,389.61,2024-10-19,2024-10-21
1995,27,2025-05-25,2,South,294.43,2025-05-28,2025-06-01
1996,51,2024-12-26,4,West,433.16,2024-12-29,2024-12-27
1997,78,2024-08-06,6,West,1116.22,2024-08-09,2024-08-08
1998,57,2025-02-09,5,Midwest,1839.68,2025-02-12,2025-02-14
1999,47,2024-08-07,6,Midwest,665.87,2024-08-10,2024-08-13
2000,100,2024-04-16,6,South,660.35,2024-04-19,2024-04-21
2001,39,2024-10-12,8,Midwest,1137.0,2024-10-15,2024-10-17
2002,16,2024-01-08,9,West,726.35,2024-01-11,2024-01-15
2003,22,2024-07-07,5,South,1822.62,2024-07-10,2024-07-08
2004,85,2024-03-21,6,South,768.14,2024-03-24,2024-03-28
2005,54,2024-04-17,6,South,991.08,2024-04-20,2024-04-25
2006,21,2024-11-16,6,Northeast,1076.11,2024-11-19,2024-11-20
2007,72,2024-12-11,2,Northeast,1568.49,2024-12-14,2024-12-13
2008,16,2024-11-23,4,West,1136.53,2024-11-26,2024-12-01
2009,59,2024-10-28,1,Northeast,493.53,2024-10-31,2024-11-07
2010,31,2024-07-18,1,Midwest,265.49,2024-07-21,2024-07-23
2011,42,2025-02-22,1,South,1876.79,2025-02-25,2025-02-24
2012,74,2024-02-08,7,West,1607.09,2024-02-11,2024-02-13
2013,32,2024-11-02,1,Midwest,65.47,2024-11-05,2024-11-04
2014,59,2024-01-04,6,South,1646.63,2024-01-07,2024-01-11
2015,34,2024-03-17,2,Midwest,1189.38,2024-03-20,2024-03-22
2016,9,2025-04-12,6,Northeast,1047.41,2025-04-15,2025-04-14
2017,81,2024-06-27,6,Midwest,44.21,2024-06-30,2024-07-03
2018,11,2024-10-02,3,Northeast,1566.11,2024-10-05,2024-10-05
2019,96,2024-05-31,8,Midwest,412.17,2024-06-03,2024-06-01
2020,10,2024-06-12,4,West,1461.4,2024-06-15,2024-06-19
2021,86,2024-10-16,7,Northeast,51.42,2024-10-19,2024-10-22
2022,17,2025-01-12,4,Northeast,1596.78,2025-01-15,2025-01-16
2023,68,2024-11-05,1,South,65.62,2024-11-08,2024-11-14
2024,48,2025-01-23,6,Northeast,487.07,2025-01-26,2025-01-26
2025,52,2024-07-01,5,South,551.19,2024-07-04,2024-07-05
2026,25,2024-11-01,9,Northeast,331.87,2024-11-04,2024-11-07
2027,21,2024-03-12,9,Northeast,972.5,2024-03-15,2024-03-20
2028,65,2024-08-06,8,Northeast,581.7,2024-08-09,2024-08-12
2029,63,2024-06-21,7,Northeast,1986.71,2024-06-24,2024-06-24
2030,89,2024-09-28,2,South,1168.34,2024-10-01,2024-10-02
2031,51,2025-04-12,8,West,1141.63,2025-04-15,2025-04-15
2032,36,2024-09-25,3,Midwest,457.32,2024-09-28,2024-09-29
2033,81,2024-01-20,6,Northeast,829.21,2024-01-23,2024-01-24
2034,88,2025-05-17,10,Northeast,265.48,2025-05-20,2025-05-23
2035,66,2024-05-26,7,West,1529.81,2024-05-29,2024-05-29
2036,15,2025-03-04,6,South,675.7,2025-03-07,2025-03-12
2037,96,2024-06-13,5,Midwest,1508.89,2024-06-16,2024-06-18
2038,39,2024-11-05,4,West,755.96,2024-11-08,2024-11-07
2039,70,2025-06-01,2,West,1977.74,2025-06-04,2025-06-07
2040,1,2024-01-14,9,West,358.82,2024-01-17,2024-01-19
2041,23,2024-05-11,7,West,23.02,2024-05-14,2024-05-15
2042,39,2025-03-14,7,Northeast,1197.75,2025-03-17,2025-03-23
2043,57,2024-09-19,4,Midwest,1906.85,2024-09-22,2024-09-23
2044,81,2024-08-12,5,Northeast,1301.17,2024-08-15,2024-08-16
2045,34,2024-09-14,6,West,189.73,2024-09-17,2024-09-22
2046,41,2024-08-21,2,Midwest,1090.15,2024-08-24,2024-08-28
2047,93,2024-12-01,4,West,1820.78,2024-12-04,2024-12-08
2048,73,2025-02-12,4,South,32.88,2025-02-15,2025-02-15
2049,13,2024-01-24,4,West,350.49,2024-01-27,2024-01-30
2050,70,2024-09-27,7,West,1632.83,2024-09-30,2024-09-28
2051,6,2024-04-04,7,South,1789.94,2024-04-07,2024-04-05
2052,84,2024-05-21,7,Northeast,1420.18,2024-05-24,2024-05-24
2053,52,2024-03-21,7,Midwest,1983.29,2024-03-24,2024-03-26
2054,3,2024-09-30,2,West,198.63,2024-10-03,2024-10-12
2055,81,2024-10-02,5,West,1100.44,2024-10-05,2024-10-11
2056,63,2025-04-09,10,South,1376.29,2025-04-12,2025-04-11
2057,49,2024-07-26,2,Midwest,1411.24,2024-07-29,2024-08-03
2058,76,2024-10-22,5,South,1591.1,2024-10-25,2024-10-23
2059,47,2024-02-08,6,West,1836.9,2024-02-11,2024-02-18
2060,55,2024-10-14,3,Northeast,736.05,2024-10-17,2024-10-17
2061,64,2024-05-03,6,Northeast,105.07,2024-05-06,2024-05-06
2062,65,2024-10-09,5,Midwest,737.63,2024-10-12,2024-10-17
2063,81,2024-06-28,4,West,1349.8,2024-07-01,2024-07-01
2064,67,2024-04-06,10,South,442.64,2024-04-09,2024-04-16
2065,90,2024-07-09,9,West,1623.75,2024-07-12,2024-07-12
2066,15,2024-03-14,8,South,455.13,2024-03-17,2024-03-22
2067,100,2025-03-22,7,South,39.93,2025-03-25,2025-03-27
2068,32,2025-05-11,1,Midwest,1026.0,2025-05-14,2025-05-18
2069,96,2025-04-28,9,South,1458.39,2025-05-01,2025-04-30
2070,68,2024-04-25,9,Midwest,712.32,2024-04-28,2024-04-26
2071,18,2024-04-07,6,Northeast,1502.81,2024-04-10,2024-04-09
2072,83,2024-11-23,7,Midwest,888.04,2024-11-26,2024-11-27
2073,43,2025-02-10,3,Midwest,359.99,2025-02-13,2025-02-14
2074,35,2024-11-08,5,Midwest,199.31,2024-11-11,2024-11-12
2075,78,2024-05-27,7,Northeast,1426.96,2024-05-30,2024-05-28
2076,58,2024-12-07,1,Midwest,783.72,2024-12-10,2024-12-10
2077,33,2025-05-09,1,South,1827.29,2025-05-12,2025-05-14
2078,14,2024-01-23,5,South,1089.71,2024-01-26,2024-01-27
2079,34,2024-04-14,9,Midwest,709.9,2024-04-17,2024-04-18
2080,61,2024-08-09,7,South,711.0,2024-08-12,2024-08-13
2081,4,2024-01-15,1,Midwest,280.25,2024-01-18,2024-01-20
2082,88,2024-03-18,5,Northeast,1195.7,2024-03-21,2024-03-20
2083,59,2024-11-17,8,South,1172.69,2024-11-20,2024-11-21
2084,29,2024-08-28,8,Midwest,1603.99,2024-08-31,2024-09-01
2085,83,2024-01-18,2,West,418.37,2024-01-21,2024-01-19
2086,6,2025-03-29,7,Northeast,595.76,2025-04-01,2025-04-02
2087,97,2025-03-18,10,West,212.53,2025-03-21,2025-03-19
2088,49,2024-10-03,5,Midwest,604.78,2024-10-06,2024-10-06
2089,40,2025-02-27,9,South,867.64,2025-03-02,2025-03-05
2090,83,2025-04-20,3,Midwest,1928.78,2025-04-23,2025-04-26
2091,65,2024-01-27,1,South,1313.07,2024-01-30,2024-02-01
2092,69,2025-05-28,4,Midwest,1570.09,2025-05-31,2025-06-03
2093,27,2025-04-08,7,Midwest,664.51,2025-04-11,2025-04-15
2094,80,2024-12-28,1,South,306.14,2024-12-31,2025-01-02
2095,6,2025-01-17,2,South,528.31,2025-01-20,2025-01-26
2096,13,2025-01-16,5,Midwest,527.81,2025-01-19,2025-01-17
2097,64,2024-07-02,9,West,1174.57,2024-07-05,2024-07-09
2098,62,2024-07-12,1,Northeast,696.11,2024-07-15,2024-07-13
2099,99,2025-04-06,4,West,1717.65,2025-04-09,2025-04-09
2100,19,2024-02-25,3,West,1977.32,2024-02-28,2024-03-03
2101,76,2024-08-17,5,West,699.73,2024-08-20,2024-08-24
2102,80,2025-05-03,5,West,1416.02,2025-05-06,2025-05-05
2103,43,2024-01-28,10,South,1321.82,2024-01-31,2024-02-02
2104,74,2024-07-02,2,West,405.04,2024-07-05,2024-07-05
2105,89,2025-02-28,5,Northeast,1837.66,2025-03-03,2025-03-08
2106,20,2025-01-09,9,South,414.9,2025-01-12,2025-01-14
2107,95,2024-02-10,5,West,1479.18,2024-02-13,2024-02-13
2108,68,2025-04-28,10,South,708.27,2025-05-01,2025-05-04
2109,44,2024-09-16,2,West,746.82,2024-09-19,2024-09-23
2110,23,2025-03-16,7,West,921.79,2025-03-19,2025-03-20
2111,2,2024-03-24,6,Northeast,1731.73,2024-03-27,2024-03-31
2112,22,2024-02-15,7,South,297.7,2024-02-18,2024-02-25
2113,57,2025-03-15,8,South,128.05,2025-03-18,2025-03-16
2114,72,2025-03-13,10,Midwest,816.04,2025-03-16,2025-03-22
2115,7,2024-05-15,5,West,130.06,2024-05-18,2024-05-24
2116,78,2024-07-01,2,West,1381.45,2024-07-04,2024-07-07
2117,56,2024-06-20,7,Northeast,1525.44,2024-06-23,2024-06-24
2118,67,2024-04-29,7,Northeast,1712.33,2024-05-02,2024-04-30
2119,16,2024-10-07,8,South,1492.81,2024-10-10,2024-10-12
2120,83,2024-11-03,7,Northeast,1834.38,2024-11-06,2024-11-07
2121,51,2024-10-03,10,South,1501.64,2024-10-06,2024-10-04
2122,82,2024-10-21,7,West,1873.43,2024-10-24,2024-10-24
2123,80,2024-02-22,9,West,402.36,2024-02-25,2024-02-27
2124,72,2025-03-07,8,South,1009.73,2025-03-10,2025-03-13
2125,97,2024-02-21,2,Northeast,1987.98,2024-02-24,2024-02-23
2126,12,2024-03-12,2,Northeast,1369.52,2024-03-15,2024-03-13
2127,53,2024-01-28,7,South,1759.71,2024-01-31,2024-02-01
2128,75,2025-04-13,10,West,80.18,2025-04-16,2025-04-15
2129,5,2025-02-04,10,South,1746.08,2025-02-07,2025-02-08
2130,27,2024-07-19,3,Northeast,1401.47,2024-07-22,2024-07-20
2131,12,2025-04-10,1,South,358.1,2025-04-13,2025-04-14
2132,17,2025-01-13,9,West,70.85,2025-01-16,2025-01-19
2133,6,2024-06-25,3,Midwest,534.65,2024-06-28,2024-06-29
2134,97,2024-02-21,1,South,1833.23,2024-02-24,2024-02-26
2135,5,2024-03-19,6,Midwest,1342.9,2024-03-22,2024-03-23
2136,57,2025-01-19,4,South,1840.55,2025-01-22,2025-01-20
2137,28,2024-01-08,1,Northeast,903.38,2024-01-11,2024-01-13
2138,78,2024-08-01,4,Northeast,1874.52,2024-08-04,2024-08-04
2139,69,2024-01-25,8,Midwest,936.66,2024-01-28,2024-01-26
2140,59,2025-03-25,7,South,424.42,2025-03-28,2025-04-01
2141,33,2025-04-01,1,Northeast,319.76,2025-04-04,2025-04-07
2142,62,2025-04-05,10,Midwest,1987.75,2025-04-08,2025-04-08
2143,50,2024-07-16,9,Midwest,681.05,2024-07-19,2024-07-21
2144,19,2024-04-03,6,South,336.9,2024-04-06,2024-04-08
2145,86,2025-03-12,2,Northeast,36.65,2025-03-15,2025-03-13
2146,69,2025-01-12,3,Midwest,585.43,2025-01-15,2025-01-14
2147,66,2024-04-13,7,West,1780.45,2024-04-16,2024-04-15
2148,94,2024-02-08,3,West,1077.34,2024-02-11,2024-02-14
2149,47,2025-04-02,3,Northeast,1272.22,2025-04-05,2025-04-12
2150,39,2024-12-29,5,Northeast,1846.33,2025-01-01,2025-01-05
2151,68,2024-05-14,3,West,1035.42,2024-05-17,2024-05-19
2152,33,2025-01-08,3,Midwest,1679.79,2025-01-11,2025-01-10
2153,13,2024-08-19,5,South,661.19,2024-08-22,2024-08-26
2154,84,2024-02-08,5,Midwest,1954.66,2024-02-11,2024-02-12
2155,54,2024-02-16,9,Northeast,176.05,2024-02-19,2024-02-18
2156,7,2024-02-05,1,Northeast,1455.16,2024-02-08,2024-02-12
2157,79,2024-04-04,1,South,1327.92,2024-04-07,2024-04-13
2158,87,2024-12-26,9,Midwest,399.51,2024-12-29,2025-01-02
2159,14,2024-05-25,5,South,789.91,2024-05-28,2024-06-06
2160,87,2025-01-02,4,Midwest,639.4,2025-01-05,2025-01-05
2161,19,2024-03-05,2,Midwest,207.1,2024-03-08,2024-03-09
2162,54,2024-08-15,9,West,1177.88,2024-08-18,2024-08-17
2163,93,2024-06-29,6,Midwest,1987.47,2024-07-02,2024-07-01
2164,20,2025-05-15,9,Northeast,1127.98,2025-05-18,2025-05-24
2165,29,2024-06-03,5,Northeast,1099.61,2024-06-06,2024-06-05
2166,24,2025-03-10,4,Northeast,99.82,2025-03-13,2025-03-13
2167,82,2024-04-08,7,West,295.66,2024-04-11,2024-04-17
2168,63,2025-01-06,5,South,1036.17,2025-01-09,2025-01-12
2169,74,2024-12-27,8,Northeast,1970.65,2024-12-30,2024-12-29
2170,57,2024-04-21,8,Northeast,1755.68,2024-04-24,2024-04-26
2171,8,2025-03-28,2,South,693.61,2025-03-31,2025-03-29
2172,90,2024-06-17,5,West,1095.15,2024-06-20,2024-06-21
2173,62,2024-05-18,10,Midwest,1114.35,2024-05-21,2024-05-23
2174,29,2024-08-18,8,South,1377.01,2024-08-21,2024-08-23
2175,74,2024-08-26,3,Midwest,1381.81,2024-08-29,2024-09-06
2176,17,2024-09-09,7,Midwest,1583.79,2024-09-12,2024-09-16
2177,66,2025-03-11,3,Midwest,69.44,2025-03-14,2025-03-12
2178,6,2025-02-25,6,South,1888.49,2025-02-28,2025-03-02
2179,58,2024-10-29,2,South,158.72,2024-11-01,2024-11-03
2180,69,2024-03-12,6,Midwest,962.8,2024-03-15,2024-03-23
2181,28,2024-09-19,6,West,1840.77,2024-09-22,2024-09-23
2182,62,2024-08-09,8,West,985.58,2024-08-12,2024-08-14
2183,41,2024-03-17,5,West,146.0,2024-03-20,2024-03-23
2184,69,2024-03-02,1,Northeast,473.9,2024-03-05,2024-03-04
2185,82,2025-04-15,8,Midwest,1165.76,2025-04-18,2025-04-16
2186,90,2024-06-05,9,Northeast,193.97,2024-06-08,2024-06-09
2187,84,2024-05-04,1,West,858.88,2024-05-07,2024-05-11
2188,41,2024-06-09,5,South,671.6,2024-06-12,2024-06-10
2189,49,2024-04-15,6,West,1634.11,2024-04-18,2024-04-20
2190,91,2024-05-10,4,Northeast,238.06,2024-05-13,2024-05-13
2191,49,2024-12-22,2,Northeast,1371.94,2024-12-25,2024-12-23
2192,76,2024-01-02,5,West,825.05,2024-01-05,2024-01-08
2193,71,2024-08-20,4,Midwest,1183.75,2024-08-23,2024-08-26
2194,3,2025-01-03,7,South,426.95,2025-01-06,2025-01-10
2195,10,2024-09-07,6,South,1227.21,2024-09-10,2024-09-14
2196,98,2024-04-17,3,West,1354.48,2024-04-20,2024-04-22
2197,89,2024-10-02,9,Midwest,159.06,2024-10-05,2024-10-08
2198,35,2024-06-28,4,Midwest,1652.2,2024-07-01,2024-07-04
2199,80,2024-10-19,5,West,1725.28,2024-10-22,2024-10-20
2200,2,2024-06-23,3,South,145.84,2024-06-26,2024-06-24
2201,24,2024-05-02,8,South,1214.31,2024-05-05,2024-05-05
2202,74,2024-08-14,7,South,1196.14,2024-08-17,2024-08-19
2203,38,2025-03-19,7,Midwest,44.67,2025-03-22,2025-03-25
2204,22,2025-03-03,8,West,697.85,2025-03-06,2025-03-10
2205,26,2024-03-23,7,Midwest,1938.47,2024-03-26,2024-03-30
2206,43,2024-03-05,3,South,1119.79,2024-03-08,2024-03-11
2207,55,2024-10-07,3,Midwest,1867.76,2024-10-10,2024-10-13
2208,39,2025-01-25,2,South,1357.78,2025-01-28,2025-02-04
2209,91,2025-03-03,1,West,76.21,2025-03-06,2025-03-09
2210,29,2024-04-16,5,South,173.87,2024-04-19,2024-04-21
2211,20,2024-09-18,4,Northeast,1449.91,2024-09-21,2024-09-24
2212,91,2024-06-07,2,Northeast,1118.04,2024-06-10,2024-06-14
2213,41,2024-09-21,1,West,271.76,2024-09-24,2024-10-01
2214,54,2025-04-12,3,Midwest,1235.84,2025-04-15,2025-04-14
2215,20,2024-07-20,6,Midwest,1624.37,2024-07-23,2024-07-21
2216,19,2024-06-03,2,Midwest,1510.91,2024-06-06,2024-06-09
2217,84,2024-01-13,10,South,507.4,2024-01-16,2024-01-14
2218,99,2024-10-23,7,Northeast,531.23,2024-10-26,2024-10-27
2219,66,2025-05-12,7,West,1936.32,2025-05-15,2025-05-22
2220,30,2024-09-01,3,Midwest,1777.06,2024-09-04,2024-09-06
2221,53,2024-10-26,1,Midwest,650.31,2024-10-29,2024-10-31
2222,34,2024-12-27,9,West,1651.63,2024-12-30,2024-12-31
2223,22,2024-12-19,5,South,340.24,2024-12-22,2024-12-29
2224,67,2025-01-20,2,Midwest,409.75,2025-01-23,2025-01-26
2225,6,2024-11-07,8,South,378.77,2024-11-10,2024-11-11
2226,79,2025-02-17,10,South,193.69,2025-02-20,2025-02-26
2227,27,2024-10-04,10,South,1712.26,2024-10-07,2024-10-10
2228,10,2024-12-21,4,Midwest,1166.04,2024-12-24,2024-12-25
2229,73,2024-01-16,10,Midwest,532.73,2024-01-19,2024-01-17
2230,97,2024-02-14,7,West,1700.34,2024-02-17,2024-02-19
2231,96,2024-11-16,5,West,1609.24,2024-11-19,2024-11-20
2232,48,2024-11-21,3,South,219.88,2024-11-24,2024-11-25
2233,70,2024-05-27,10,Midwest,1295.4,2024-05-30,2024-05-31
2234,59,2024-12-20,8,South,1449.23,2024-12-23,2024-12-21
2235,100,2024-08-23,2,West,1437.34,2024-08-26,2024-09-05
2236,59,2024-04-14,1,South,1451.82,2024-04-17,2024-04-17
2237,2,2025-04-18,5,Northeast,355.53,2025-04-21,2025-04-25
2238,29,2025-01-30,4,South,643.87,2025-02-02,2025-02-03
2239,68,2025-03-21,10,Midwest,1691.47,2025-03-24,2025-03-22
2240,65,2024-08-07,7,South,1798.82,2024-08-10,2024-08-12
2241,83,2025-03-17,9,South,572.79,2025-03-20,2025-03-22
2242,26,2024-01-28,6,Midwest,65.58,2024-01-31,2024-01-31
2243,89,2025-04-19,1,Northeast,1722.34,2025-04-22,2025-04-28
2244,10,2024-10-31,8,Midwest,766.64,2024-11-03,2024-11-10
2245,53,2025-02-08,2,West,672.34,2025-02-11,2025-02-14
2246,79,2025-05-27,4,Northeast,707.06,2025-05-30,2025-06-02
2247,59,2025-05-16,3,Northeast,843.08,2025-05-19,2025-05-18
2248,22,2024-12-13,6,Midwest,768.97,2024-12-16,2024-12-15
2249,51,2024-08-27,2,South,1141.53,2024-08-30,2024-08-30
2250,48,2024-12-02,5,West,176.3,2024-12-05,2024-12-13
2251,21,2024-01-26,9,West,1943.65,2024-01-29,2024-01-29
2252,22,2025-02-12,3,Northeast,1874.17,2025-02-15,2025-02-21
2253,100,2024-03-17,2,West,1870.13,2024-03-20,2024-03-20
2254,98,2024-08-04,2,Northeast,1760.97,2024-08-07,2024-08-06
2255,30,2024-11-23,9,Northeast,1327.45,2024-11-26,2024-11-26
2256,25,2024-01-23,6,West,457.79,2024-01-26,2024-01-26
2257,28,2024-11-05,2,Northeast,117.98,2024-11-08,2024-11-08
2258,65,2024-09-23,3,South,216.66,2024-09-26,2024-10-03
2259,45,2025-02-18,1,Northeast,661.51,2025-02-21,2025-02-23
2260,68,2024-09-23,2,South,1017.69,2024-09-26,2024-09-27
2261,7,2024-11-28,2,South,1986.64,2024-12-01,2024-12-03
2262,49,2025-03-25,2,South,882.18,2025-03-28,2025-04-02
2263,9,2024-09-03,7,West,1058.8,2024-09-06,2024-09-08
2264,36,2024-02-05,3,South,1396.41,2024-02-08,2024-02-11
2265,83,2025-02-04,4,West,377.85,2025-02-07,2025-02-12
2266,1,2024-01-28,2,Midwest,1867.0,2024-01-31,2024-01-30
2267,10,2024-08-07,5,South,1067.49,2024-08-10,2024-08-09
2268,36,2025-02-09,9,Northeast,566.99,2025-02-12,2025-02-14
2269,73,2024-09-27,9,Midwest,1871.52,2024-09-30,2024-09-30
2270,46,2025-05-25,7,Midwest,1258.39,2025-05-28,2025-05-29
2271,32,2024-10-12,8,South,977.71,2024-10-15,2024-10-14
2272,32,2025-03-29,5,West,1168.71,2025-04-01,2025-03-31
2273,6,2024-11-12,5,Midwest,1501.64,2024-11-15,2024-11-20
2274,48,2024-10-23,3,South,325.99,2024-10-26,2024-10-27
2275,38,2024-12-03,6,Midwest,1732.36,2024-12-06,2024-12-07
2276,17,2024-11-02,1,Midwest,1919.82,2024-11-05,2024-11-05
2277,74,2025-03-03,3,South,1142.66,2025-03-06,2025-03-05
2278,27,2024-12-16,2,Northeast,1370.9,2024-12-19,2024-12-18
2279,54,2025-05-25,7,Northeast,1722.47,2025-05-28,2025-05-26
2280,50,2025-05-06,9,Northeast,762.13,2025-05-09,2025-05-09
2281,35,2024-01-09,4,Midwest,1985.81,2024-01-12,2024-01-14
2282,85,2025-05-11,7,West,1367.39,2025-05-14,2025-05-18
2283,25,2025-03-15,8,West,859.52,2025-03-18,2025-03-20
2284,28,2024-04-17,10,Midwest,1361.13,2024-04-20,2024-04-19
2285,15,2024-09-01,2,Midwest,1052.93,2024-09-04,2024-09-04
2286,4,2024-09-11,7,South,241.05,2024-09-14,2024-09-14
2287,93,2024-02-02,3,West,1595.81,2024-02-05,2024-02-05
2288,73,2024-01-23,8,Midwest,1137.46,2024-01-26,2024-01-27
2289,27,2024-02-18,6,Northeast,1595.77,2024-02-21,2024-02-26
2290,26,2025-04-06,3,West,326.73,2025-04-09,2025-04-13
2291,19,2024-12-01,8,Midwest,1085.95,2024-12-04,2024-12-11
2292,92,2024-12-23,3,South,1537.92,2024-12-26,2024-12-25
2293,17,2024-05-01,9,South,1976.84,2024-05-04,2024-05-03
2294,43,2025-03-19,3,West,1771.11,2025-03-22,2025-03-23
2295,41,2024-12-24,1,Northeast,1731.41,2024-12-27,2025-01-01
2296,42,2024-12-11,2,West,509.97,2024-12-14,2024-12-12
2297,50,2024-07-11,4,Midwest,1679.21,2024-07-14,2024-07-16
2298,84,2025-02-19,2,Northeast,355.18,2025-02-22,2025-02-23
2299,40,2025-01-11,4,Midwest,412.25,2025-01-14,2025-01-18
2300,39,2025-04-07,4,Northeast,238.03,2025-04-10,2025-04-13
2301,23,2024-05-25,4,Northeast,1718.04,2024-05-28,2024-06-01
2302,96,2025-04-22,1,Midwest,234.34,2025-04-25,2025-04-28
2303,52,2025-02-11,9,West,293.46,2025-02-14,2025-02-24
2304,47,2024-10-12,10,South,506.86,2024-10-15,2024-10-22
2305,63,2024-04-20,7,Northeast,1153.87,2024-04-23,2024-04-27
2306,97,2024-02-19,2,Northeast,1762.76,2024-02-22,2024-02-23
2307,69,2024-01-14,3,South,848.09,2024-01-17,2024-01-18
2308,43,2024-05-13,8,West,1101.65,2024-05-16,2024-05-21
2309,48,2024-12-08,7,South,349.65,2024-12-11,2024-12-17
2310,34,2024-10-12,4,West,546.57,2024-10-15,2024-10-14
2311,40,2024-11-09,4,Northeast,285.17,2024-11-12,2024-11-10
2312,75,2024-10-23,9,Northeast,831.64,2024-10-26,2024-10-24
2313,61,2024-06-12,5,Midwest,1188.86,2024-06-15,2024-06-21
2314,50,2025-05-11,5,West,582.36,2025-05-14,2025-05-20
2315,67,2024-01-16,7,South,1695.07,2024-01-19,2024-01-21
2316,62,2024-12-09,1,West,1962.85,2024-12-12,2024-12-15
2317,58,2024-03-18,3,West,257.91,2024-03-21,2024-03-28
2318,33,2024-12-11,2,West,55.36,2024-12-14,2024-12-22
2319,75,2024-03-12,10,West,1583.76,2024-03-15,2024-03-19
2320,16,2024-09-26,6,South,397.47,2024-09-29,2024-10-01
2321,82,2024-10-13,6,Midwest,719.23,2024-10-16,2024-10-17
2322,94,2024-03-06,10,Northeast,800.58,2024-03-09,2024-03-10
2323,48,2024-03-08,1,South,1834.87,2024-03-11,2024-03-11
2324,10,2024-07-11,6,South,1324.5,2024-07-14,2024-07-18
2325,82,2024-02-24,10,Northeast,100.41,2024-02-27,2024-02-29
2326,38,2025-01-13,2,Midwest,49.32,2025-01-16,2025-01-16
2327,19,2024-06-16,4,South,415.14,2024-06-19,2024-06-24
2328,36,2025-02-12,6,Northeast,649.98,2025-02-15,2025-02-19
2329,59,2025-05-22,3,Midwest,979.36,2025-05-25,2025-05-28
2330,63,2024-04-11,3,Midwest,1678.92,2024-04-14,2024-04-16
2331,77,2025-02-25,3,West,643.34,2025-02-28,2025-03-03
2332,46,2025-04-22,4,South,765.54,2025-04-25,2025-04-26
2333,3,2024-04-29,9,Midwest,672.09,2024-05-02,2024-05-12
2334,74,2024-10-17,4,South,37.75,2024-10-20,2024-10-29
2335,65,2025-05-02,4,Northeast,1911.3,2025-05-05,2025-05-05
2336,91,2024-06-09,4,South,295.21,2024-06-12,2024-06-13
2337,8,2024-03-18,7,Midwest,589.58,2024-03-21,2024-03-20
2338,51,2024-02-07,5,Northeast,276.02,2024-02-10,2024-02-08
2339,81,2025-01-28,2,Northeast,991.28,2025-01-31,2025-02-07
2340,73,2025-03-16,7,West,1865.69,2025-03-19,2025-03-21
2341,6,2025-04-06,3,Northeast,219.39,2025-04-09,2025-04-08
2342,89,2024-10-20,1,Midwest,892.98,2024-10-23,2024-10-21
2343,39,2025-02-03,9,West,64.3,2025-02-06,2025-02-09
2344,60,2024-04-01,5,Midwest,1546.38,2024-04-04,2024-04-07
2345,28,2024-01-06,10,Midwest,1289.63,2024-01-09,2024-01-12
2346,97,2024-09-27,1,West,1405.4,2024-09-30,2024-10-05
2347,54,2024-04-08,1,West,955.23,2024-04-11,2024-04-16
2348,37,2024-07-12,1,South,1817.11,2024-07-15,2024-07-13
2349,9,2024-06-05,9,Midwest,830.92,2024-06-08,2024-06-07
2350,82,2024-04-24,8,South,1037.89,2024-04-27,2024-05-02
2351,56,2025-01-30,6,Northeast,1396.67,2025-02-02,2025-02-02
2352,59,2024-08-01,10,Northeast,1050.71,2024-08-04,2024-08-02
2353,85,2024-01-15,6,South,394.88,2024-01-18,2024-01-16
2354,2,2025-02-22,6,West,647.8,2025-02-25,2025-03-02
2355,61,2025-01-02,4,Northeast,202.74,2025-01-05,2025-01-10
2356,58,2024-07-31,5,West,876.57,2024-08-03,2024-08-05
2357,60,2024-01-05,10,South,1226.6,2024-01-08,2024-01-07
2358,40,2024-08-18,3,West,254.69,2024-08-21,2024-08-23
2359,36,2024-07-19,3,Midwest,1268.56,2024-07-22,2024-07-24
2360,37,2025-02-05,10,Northeast,1787.89,2025-02-08,2025-02-09
2361,79,2024-05-28,7,West,688.69,2024-05-31,2024-06-04
2362,92,2025-05-06,5,West,459.63,2025-05-09,2025-05-10
2363,18,2024-08-13,8,Midwest,1788.15,2024-08-16,2024-08-20
2364,98,2024-06-17,5,West,1390.05,2024-06-20,2024-06-23
2365,63,2024-05-31,4,South,228.68,2024-06-03,2024-06-01
2366,22,2024-08-11,3,South,828.06,2024-08-14,2024-08-22
2367,11,2025-05-18,2,South,1354.7,2025-05-21,2025-05-25
2368,58,2024-02-13,3,Northeast,1157.28,2024-02-16,2024-02-14
2369,57,2025-05-18,7,West,1244.72,2025-05-21,2025-05-19
2370,77,2024-08-28,8,Northeast,1142.93,2024-08-31,2024-09-07
2371,4,2024-12-16,5,Northeast,1600.16,2024-12-19,2024-12-22
2372,86,2024-01-23,1,West,654.45,2024-01-26,2024-01-30
2373,7,2024-02-12,3,West,1422.76,2024-02-15,2024-02-18
2374,61,2025-04-10,4,South,1982.34,2025-04-13,2025-04-18
2375,54,2024-02-09,10,Northeast,792.12,2024-02-12,2024-02-17
2376,88,2024-10-29,4,Northeast,1586.28,2024-11-01,2024-10-31
2377,68,2024-06-23,1,West,507.3,2024-06-26,2024-06-30
2378,92,2025-04-05,10,Northeast,578.16,2025-04-08,2025-04-06
2379,79,2024-07-11,9,Midwest,1871.03,2024-07-14,2024-07-13
2380,1,2024-08-31,10,West,71.36,2024-09-03,2024-09-04
2381,55,2024-10-06,4,South,450.51,2024-10-09,2024-10-07
2382,3,2024-02-05,2,Midwest,976.18,2024-02-08,2024-02-08
2383,78,2024-06-02,9,Midwest,815.66,2024-06-05,2024-06-03
2384,38,2024-01-23,4,South,1265.76,2024-01-26,2024-01-28
2385,1,2024-03-31,4,Midwest,401.59,2024-04-03,2024-04-10
2386,38,2025-01-24,6,Midwest,159.68,2025-01-27,2025-01-29
2387,85,2024-12-24,8,Midwest,751.28,2024-12-27,2024-12-29
2388,29,2024-08-15,5,Northeast,1058.22,2024-08-18,2024-08-19
2389,5,2024-07-20,8,Midwest,1132.76,2024-07-23,2024-07-28
2390,74,2024-12-15,1,Midwest,1210.96,2024-12-18,2024-12-20
2391,92,2024-02-07,4,West,1106.35,2024-02-10,2024-02-09
2392,21,2025-05-14,1,South,506.59,2025-05-17,2025-05-20
2393,71,2024-02-12,3,Northeast,1533.81,2024-02-15,2024-02-22
2394,67,2025-05-31,7,Northeast,193.8,2025-06-03,2025-06-01
2395,47,2024-03-08,1,South,412.74,2024-03-11,2024-03-10
2396,84,2024-05-02,5,Northeast,1483.97,2024-05-05,2024-05-07
2397,83,2024-12-01,1,Northeast,573.86,2024-12-04,2024-12-05
2398,35,2024-06-01,6,Northeast,997.08,2024-06-04,2024-06-07
2399,68,2024-06-10,9,West,667.85,2024-06-13,2024-06-12
2400,69,2024-08-01,3,West,1023.82,2024-08-04,2024-08-04
2401,1,2025-01-10,6,Northeast,706.38,2025-01-13,2025-01-15
2402,68,2025-03-18,4,South,1988.53,2025-03-21,2025-03-23
2403,12,2025-02-26,6,South,727.81,2025-03-01,2025-03-11
2404,60,2024-08-17,2,West,1261.56,2024-08-20,2024-08-24
2405,27,2024-02-28,4,West,1778.92,2024-03-02,2024-02-29
2406,56,2024-04-05,7,Midwest,1283.11,2024-04-08,2024-04-07
2407,23,2024-09-18,6,West,1140.4,2024-09-21,2024-09-19
2408,25,2024-12-19,9,Northeast,1147.07,2024-12-22,2024-12-29
2409,21,2024-11-07,7,West,1002.99,2024-11-10,2024-11-09
2410,61,2024-05-15,1,Midwest,1619.01,2024-05-18,2024-05-22
2411,63,2025-04-17,6,Midwest,119.84,2025-04-20,2025-04-23
2412,52,2025-03-05,3,South,1772.56,2025-03-08,2025-03-06
2413,88,2024-05-25,8,South,1180.86,2024-05-28,2024-05-29
2414,25,2024-03-27,1,Northeast,1700.77,2024-03-30,2024-03-31
2415,55,2024-04-18,10,West,40.58,2024-04-21,2024-04-19
2416,46,2025-02-26,2,Midwest,1741.17,2025-03-01,2025-03-08
2417,32,2024-12-10,3,Midwest,257.87,2024-12-13,2024-12-16
2418,55,2024-09-22,3,South,1448.01,2024-09-25,2024-10-02
2419,96,2025-05-08,7,South,844.71,2025-05-11,2025-05-20
2420,5,2024-11-28,8,West,1368.52,2024-12-01,2024-12-03
2421,36,2025-02-16,9,Midwest,1263.82,2025-02-19,2025-02-22
2422,49,2024-07-09,7,South,343.53,2024-07-12,2024-07-12
2423,58,2024-05-21,8,West,1038.94,2024-05-24,2024-05-30
2424,39,2024-03-13,6,West,568.92,2024-03-16,2024-03-18
2425,80,2024-06-15,2,West,1129.66,2024-06-18,2024-06-19
2426,97,2024-06-16,1,South,1481.25,2024-06-19,2024-06-19
2427,85,2024-09-15,3,South,180.89,2024-09-18,2024-09-20
2428,61,2025-03-14,9,South,1041.21,2025-03-17,2025-03-21
2429,9,2024-04-20,7,Northeast,1242.91,2024-04-23,2024-04-26
2430,6,2024-10-16,2,Northeast,604.83,2024-10-19,2024-10-22
2431,35,2025-05-24,1,Northeast,1906.95,2025-05-27,2025-05-28
2432,39,2024-06-23,2,South,1050.2,2024-06-26,2024-06-30
2433,22,2024-10-28,3,South,381.38,2024-10-31,2024-11-03
2434,41,2024-07-03,6,Northeast,233.42,2024-07-06,2024-07-12
2435,5,2024-12-04,9,Midwest,1092.49,2024-12-07,2024-12-11
2436,42,2025-05-24,8,Midwest,762.97,2025-05-27,2025-05-29
2437,87,2024-11-05,10,Midwest,401.24,2024-11-08,2024-11-11
2438,81,2025-05-21,9,Midwest,80.78,2025-05-24,2025-05-23
2439,76,2024-12-11,8,Northeast,1141.87,2024-12-14,2024-12-20
2440,87,2024-03-21,7,West,1205.23,2024-03-24,2024-03-25
2441,80,2025-01-08,6,West,300.77,2025-01-11,2025-01-13
2442,67,2024-06-04,8,Midwest,1211.44,2024-06-07,2024-06-08
2443,30,2025-03-07,6,South,1904.91,2025-03-10,2025-03-09
2444,57,2025-05-14,2,Midwest,1957.03,2025-05-17,2025-05-17
2445,86,2024-05-26,9,Midwest,1779.22,2024-05-29,2024-05-28
2446,73,2025-04-25,9,West,1618.02,2025-04-28,2025-04-29
2447,29,2025-03-10,3,South,434.55,2025-03-13,2025-03-18
2448,37,2024-03-09,9,West,329.74,2024-03-12,2024-03-14
2449,87,2024-07-04,2,South,901.0,2024-07-07,2024-07-11
2450,13,2024-07-22,3,Northeast,1246.87,2024-07-25,2024-07-28
2451,32,2024-01-13,6,West,1704.34,2024-01-16,2024-01-17
2452,46,2024-09-30,4,Northeast,479.29,2024-10-03,2024-10-09
2453,23,2024-10-24,8,Northeast,969.7,2024-10-27,2024-11-01
2454,45,2024-02-20,1,Midwest,1301.93,2024-02-23,2024-02-27
2455,17,2025-05-14,6,South,902.28,2025-05-17,2025-05-20
2456,85,2025-01-03,2,West,919.3,2025-01-06,2025-01-07
2457,66,2024-12-22,6,Midwest,465.73,2024-12-25,2024-12-26
2458,6,2024-01-03,1,West,1973.59,2024-01-06,2024-01-08
2459,18,2024-09-10,2,Northeast,960.88,2024-09-13,2024-09-19
2460,94,2025-04-19,9,West,1074.83,2025-04-22,2025-04-27
2461,22,2025-05-20,6,West,452.75,2025-05-23,2025-05-21
2462,33,2024-09-12,8,Midwest,1037.99,2024-09-15,2024-09-18
2463,30,2024-05-29,7,South,525.59,2024-06-01,2024-05-30
2464,81,2025-05-02,9,West,420.63,2025-05-05,2025-05-06
2465,32,2024-10-05,9,Northeast,565.93,2024-10-08,2024-10-08
2466,42,2024-02-28,4,Northeast,25.46,2024-03-02,2024-03-06
2467,78,2025-03-21,7,Midwest,1148.9,2025-03-24,2025-03-23
2468,10,2024-04-22,5,Northeast,787.21,2024-04-25,2024-04-23
2469,36,2025-05-03,7,West,1799.4,2025-05-06,2025-05-07
2470,34,2025-02-10,4,South,100.6,2025-02-13,2025-02-15
2471,73,2025-01-01,10,West,105.54,2025-01-04,2025-01-02
2472,28,2024-02-29,1,Midwest,1774.03,2024-03-03,2024-03-08
2473,11,2024-11-24,4,Northeast,270.76,2024-11-27,2024-11-28
2474,78,2025-04-13,10,West,24.28,2025-04-16,2025-04-18
2475,39,2024-03-03,3,West,374.25,2024-03-06,2024-03-11
2476,47,2024-07-02,9,Northeast,1651.27,2024-07-05,2024-07-05
2477,19,2024-11-06,5,South,1609.37,2024-11-09,2024-11-15
2478,15,2024-06-25,4,South,693.46,2024-06-28,2024-06-30
2479,28,2025-03-04,8,South,1342.7,2025-03-07,2025-03-11
2480,24,2024-03-13,5,Northeast,1024.35,2024-03-16,2024-03-19
2481,72,2024-06-15,3,West,1811.38,2024-06-18,2024-06-22
2482,9,2024-08-12,2,Midwest,131.72,2024-08-15,2024-08-17
2483,47,2024-01-09,8,West,1630.09,2024-01-12,2024-01-13
2484,33,2024-08-23,2,Northeast,357.79,2024-08-26,2024-09-03
2485,62,2024-01-28,8,Northeast,795.41,2024-01-31,2024-02-02
2486,97,2024-01-27,5,West,400.08,2024-01-30,2024-01-29
2487,19,2024-07-14,8,Northeast,1411.18,2024-07-17,2024-07-23
2488,67,2024-07-21,5,West,1363.09,2024-07-24,2024-07-25
2489,74,2024-03-25,1,West,1104.84,2024-03-28,2024-03-26
2490,40,2024-01-30,2,South,1402.36,2024-02-02,2024-02-02
2491,47,2025-04-10,6,Northeast,1286.34,2025-04-13,2025-04-11
2492,65,2024-04-08,3,Northeast,1557.36,2024-04-11,2024-04-11
2493,29,2024-07-08,8,South,494.03,2024-07-11,2024-07-18
2494,50,2024-01-12,5,South,869.25,2024-01-15,2024-01-18
2495,98,2024-01-30,3,South,320.22,2024-02-02,2024-02-04
2496,13,2024-02-07,10,Midwest,870.6,2024-02-10,2024-02-10
2497,1,2024-10-20,7,Northeast,1409.35,2024-10-23,2024-10-25
2498,34,2024-12-25,8,West,1388.95,2024-12-28,2025-01-02
2499,93,2024-06-28,4,West,1424.67,2024-07-01,2024-06-29
2500,48,2024-04-21,9,West,631.36,2024-04-24,2024-05-04
2501,77,2025-03-19,6,Northeast,1331.18,2025-03-22,2025-03-21
2502,48,2024-01-21,1,Midwest,747.58,2024-01-24,2024-01-25
2503,49,2024-05-24,5,Northeast,1890.09,2024-05-27,2024-05-29
2504,64,2025-05-13,5,Northeast,699.87,2025-05-16,2025-05-17
2505,61,2024-05-25,7,Northeast,1213.98,2024-05-28,2024-05-28
2506,29,2025-03-16,7,Northeast,1505.29,2025-03-19,2025-03-24
2507,39,2025-02-24,6,Northeast,1814.69,2025-02-27,2025-03-04
2508,88,2024-11-11,8,Midwest,887.1,2024-11-14,2024-11-19
2509,26,2024-06-14,2,South,733.76,2024-06-17,2024-06-19
2510,17,2024-07-21,7,West,871.46,2024-07-24,2024-07-24
2511,71,2025-05-10,10,Northeast,660.92,2025-05-13,2025-05-14
2512,13,2025-04-12,7,Northeast,1314.77,2025-04-15,2025-04-17
2513,69,2025-01-19,4,Northeast,1866.78,2025-01-22,2025-01-21
2514,26,2024-11-09,10,West,269.62,2024-11-12,2024-11-15
2515,49,2024-09-11,2,Midwest,1130.63,2024-09-14,2024-09-21
2516,67,2024-01-23,4,West,1797.34,2024-01-26,2024-01-27
2517,7,2024-12-04,4,Midwest,218.23,2024-12-07,2024-12-10
2518,58,2025-05-07,6,South,997.85,2025-05-10,2025-05-10
2519,49,2025-05-25,7,Northeast,1733.15,2025-05-28,2025-06-02
2520,53,2024-12-31,3,Midwest,1802.9,2025-01-03,2025-01-03
2521,65,2025-01-06,10,West,1038.42,2025-01-09,2025-01-10
2522,62,2024-08-06,1,Midwest,69.4,2024-08-09,2024-08-13
2523,17,2025-04-19,3,Midwest,229.17,2025-04-22,2025-04-21
2524,43,2025-02-26,9,South,1181.7,2025-03-01,2025-03-04
2525,25,2024-12-21,1,Northeast,265.24,2024-12-24,2024-12-29
2526,3,2025-04-04,8,Northeast,315.85,2025-04-07,2025-04-09
2527,79,2025-05-17,2,West,1548.79,2025-05-20,2025-05-25
2528,29,2024-01-27,6,West,1506.37,2024-01-30,2024-01-28
2529,32,2024-08-10,3,South,1688.69,2024-08-13,2024-08-16
2530,26,2024-05-27,7,Midwest,229.36,2024-05-30,2024-05-31
2531,16,2025-02-27,2,Midwest,412.33,2025-03-02,2025-03-05
2532,25,2024-12-16,4,West,1669.26,2024-12-19,2024-12-26
2533,54,2024-07-04,10,Northeast,1447.75,2024-07-07,2024-07-05
2534,28,2025-02-18,9,Midwest,1615.79,2025-02-21,2025-02-21
2535,73,2025-03-04,6,South,1979.7,2025-03-07,2025-03-05
2536,56,2024-02-10,4,West,1731.57,2024-02-13,2024-02-11
2537,65,2025-01-27,2,Midwest,1050.52,2025-01-30,2025-01-31
2538,93,2024-03-19,10,Northeast,635.32,2024-03-22,2024-03-27
2539,86,2025-03-25,9,Northeast,1147.96,2025-03-28,2025-04-01
2540,80,2025-04-18,4,South,1284.4,2025-04-21,2025-04-25
2541,41,2024-05-21,9,South,683.92,2024-05-24,2024-05-28
2542,51,2024-09-07,2,West,1546.46,2024-09-10,2024-09-08
2543,71,2024-10-20,7,West,203.65,2024-10-23,2024-10-27
2544,78,2024-05-15,5,Northeast,1563.2,2024-05-18,2024-05-18
2545,29,2025-04-28,8,Northeast,83.36,2025-05-01,2025-05-04
2546,83,2024-11-07,8,Midwest,1005.97,2024-11-10,2024-11-09
2547,19,2024-02-15,4,Midwest,1725.64,2024-02-18,2024-02-19
2548,66,2024-08-23,4,Midwest,191.26,2024-08-26,2024-08-28
2549,41,2024-02-17,8,South,1045.12,2024-02-20,2024-02-23
2550,45,2024-07-16,3,South,335.6,2024-07-19,2024-07-18
2551,15,2024-03-24,7,Midwest,1791.74,2024-03-27,2024-03-31
2552,3,2024-06-09,8,Northeast,1668.04,2024-06-12,2024-06-10
2553,11,2025-03-03,8,West,1869.16,2025-03-06,2025-03-13
2554,53,2024-03-11,10,South,1752.47,2024-03-14,2024-03-14
2555,46,2024-02-21,4,South,1478.38,2024-02-24,2024-02-22
2556,30,2024-02-14,9,Midwest,386.08,2024-02-17,2024-02-19
2557,57,2024-10-19,10,West,618.96,2024-10-22,2024-10-23
2558,18,2025-04-09,4,South,1003.77,2025-04-12,2025-04-11
2559,51,2025-01-14,8,West,1186.02,2025-01-17,2025-01-23
2560,48,2025-04-22,6,South,1568.72,2025-04-25,2025-04-29
2561,66,2024-09-18,5,West,469.38,2024-09-21,2024-09-24
2562,96,2024-06-27,4,West,273.99,2024-06-30,2024-06-29
2563,8,2024-12-22,5,South,975.57,2024-12-25,2024-12-25
2564,22,2025-02-22,1,West,332.53,2025-02-25,2025-02-25
2565,6,2024-07-19,7,Northeast,1393.6,2024-07-22,2024-07-20
2566,76,2024-01-13,8,South,1159.75,2024-01-16,2024-01-19
2567,57,2025-03-18,9,South,1487.39,2025-03-21,2025-03-24
2568,36,2024-10-12,3,Northeast,145.6,2024-10-15,2024-10-17
2569,79,2024-09-14,9,West,1930.1,2024-09-17,2024-09-20
2570,92,2025-05-04,10,Northeast,20.01,2025-05-07,2025-05-06
2571,57,2025-05-12,5,South,664.38,2025-05-15,2025-05-14
2572,49,2024-11-28,10,Northeast,1365.68,2024-12-01,2024-12-02
2573,45,2024-02-01,6,West,109.38,2024-02-04,2024-02-10
2574,82,2024-02-12,1,Northeast,185.03,2024-02-15,2024-02-20
2575,66,2024-12-16,9,South,171.83,2024-12-19,2024-12-23
2576,77,2024-11-29,9,West,1171.39,2024-12-02,2024-12-10
2577,45,2024-09-26,6,South,1793.93,2024-09-29,2024-10-03
2578,79,2025-02-16,8,South,1119.77,2025-02-19,2025-02-23
2579,20,2024-01-19,4,Midwest,1215.07,2024-01-22,2024-01-28
2580,64,2024-12-12,5,South,705.08,2024-12-15,2024-12-19
2581,93,2024-02-06,5,South,57.11,2024-02-09,2024-02-16
2582,93,2024-04-01,7,West,62.8,2024-04-04,2024-04-06
2583,67,2024-07-03,7,West,1778.85,2024-07-06,2024-07-06
2584,83,2024-01-28,7,West,223.09,2024-01-31,2024-02-02
2585,3,2025-01-06,5,Northeast,1999.58,2025-01-09,2025-01-12
2586,54,2024-12-10,4,Northeast,345.56,2024-12-13,2024-12-12
2587,78,2025-02-22,8,West,1355.78,2025-02-25,2025-02-25
2588,64,2024-07-14,1,Northeast,1898.93,2024-07-17,2024-07-18
2589,40,2024-03-18,1,Midwest,737.33,2024-03-21,2024-03-20
2590,59,2024-06-15,6,Northeast,1474.18,2024-06-18,2024-06-18
2591,55,2024-03-30,2,Midwest,714.7,2024-04-02,2024-04-06
2592,62,2024-09-20,3,West,623.78,2024-09-23,2024-09-27
2593,4,2025-04-16,4,West,419.57,2025-04-19,2025-04-17
2594,60,2024-07-26,2,Northeast,1645.45,2024-07-29,2024-08-01
2595,75,2024-09-27,10,West,529.63,2024-09-30,2024-10-02
2596,95,2024-09-19,7,West,580.65,2024-09-22,2024-09-27
2597,96,2025-05-20,10,South,1997.96,2025-05-23,2025-05-24
2598,91,2025-05-26,1,West,668.07,2025-05-29,2025-05-27
2599,30,2024-11-07,3,South,857.09,2024-11-10,2024-11-11
2600,2,2024-06-22,2,West,1980.31,2024-06-25,2024-06-23
2601,62,2025-03-06,9,Midwest,751.21,2025-03-09,2025-03-07
2602,49,2025-04-07,8,Midwest,744.98,2025-04-10,2025-04-12
2603,9,2024-04-10,3,West,1658.87,2024-04-13,2024-04-17
2604,92,2024-01-16,5,Midwest,637.62,2024-01-19,2024-01-22
2605,31,2024-09-14,3,Midwest,482.9,2024-09-17,2024-09-15
2606,98,2024-08-31,6,Midwest,857.96,2024-09-03,2024-09-01
2607,61,2024-12-13,5,Northeast,1407.27,2024-12-16,2024-12-19
2608,79,2024-09-05,2,Midwest,105.62,2024-09-08,2024-09-15
2609,48,2024-04-14,10,South,760.35,2024-04-17,2024-04-23
2610,25,2024-10-13,8,Northeast,705.56,2024-10-16,2024-10-17
2611,36,2024-06-17,6,South,504.74,2024-06-20,2024-06-23
2612,8,2025-02-23,3,South,1315.49,2025-02-26,2025-03-03
2613,73,2024-02-16,1,South,594.18,2024-02-19,2024-02-21
2614,58,2024-02-12,5,Northeast,1221.33,2024-02-15,2024-02-13
2615,45,2024-11-16,2,West,1018.59,2024-11-19,2024-11-17
2616,62,2024-08-08,2,Midwest,450.04,2024-08-11,2024-08-14
2617,39,2025-05-27,9,Midwest,547.8,2025-05-30,2025-05-31
2618,96,2025-03-16,10,West,357.79,2025-03-19,2025-03-17
2619,58,2024-05-23,7,West,132.13,2024-05-26,2024-05-24
2620,81,2024-01-28,6,South,1245.99,2024-01-31,2024-02-01
2621,99,2024-06-15,1,Northeast,1352.12,2024-06-18,2024-06-18
2622,83,2024-09-05,10,South,348.68,2024-09-08,2024-09-14
2623,64,2024-12-22,2,Midwest,1238.48,2024-12-25,2024-12-31
2624,44,2024-04-20,7,West,1964.53,2024-04-23,2024-04-22
2625,29,2024-08-21,3,Midwest,167.32,2024-08-24,2024-08-31
2626,59,2024-01-24,2,West,990.93,2024-01-27,2024-02-03
2627,71,2024-01-26,6,Northeast,1471.42,2024-01-29,2024-02-01
2628,92,2025-01-15,8,South,111.1,2025-01-18,2025-01-17
2629,9,2024-12-11,8,Midwest,1560.98,2024-12-14,2024-12-16
2630,92,2025-01-12,2,Northeast,1959.43,2025-01-15,2025-01-13
2631,6,2024-01-17,6,Midwest,195.21,2024-01-20,2024-01-20
2632,29,2024-09-01,5,West,1648.02,2024-09-04,2024-09-07
2633,58,2024-07-20,7,Midwest,769.59,2024-07-23,2024-07-26
2634,17,2024-09-04,4,Northeast,305.35,2024-09-07,2024-09-08
2635,16,2024-04-27,2,Northeast,996.52,2024-04-30,2024-05-02
2636,87,2024-01-09,10,South,161.61,2024-01-12,2024-01-11
2637,95,2024-01-23,3,Midwest,1053.76,2024-01-26,2024-02-01
2638,3,2024-08-27,9,West,58.33,2024-08-30,2024-09-05
2639,21,2024-01-27,10,Midwest,1462.65,2024-01-30,2024-02-03
2640,64,2024-03-21,8,South,986.18,2024-03-24,2024-03-25
2641,90,2024-07-17,9,West,928.7,2024-07-20,2024-07-20
2642,36,2024-04-01,5,West,408.46,2024-04-04,2024-04-09
2643,86,2024-03-24,5,South,735.3,2024-03-27,2024-03-30
2644,62,2024-10-26,7,West,380.1,2024-10-29,2024-10-28
2645,42,2024-10-22,7,Northeast,1476.07,2024-10-25,2024-10-30
2646,76,2025-03-29,1,Northeast,414.07,2025-04-01,2025-04-02
2647,42,2024-10-07,5,West,1241.17,2024-10-10,2024-10-09
2648,61,2024-02-28,8,Midwest,573.62,2024-03-02,2024-03-07
2649,13,2024-12-07,7,West,1320.82,2024-12-10,2024-12-10
2650,11,2025-04-09,2,Midwest,1090.1,2025-04-12,2025-04-14
2651,54,2024-12-07,8,South,858.41,2024-12-10,2024-12-16
2652,16,2024-03-02,2,Northeast,1352.54,2024-03-05,2024-03-11
2653,8,2025-03-04,10,Northeast,843.13,2025-03-07,2025-03-10
2654,59,2024-09-12,1,South,1646.31,2024-09-15,2024-09-13
2655,57,2024-12-12,3,South,1464.6,2024-12-15,2024-12-16
2656,40,2024-10-30,3,Northeast,1090.47,2024-11-02,2024-11-11
2657,59,2024-09-01,6,South,1756.58,2024-09-04,2024-09-09
2658,2,2025-02-15,3,West,1661.15,2025-02-18,2025-02-19
2659,94,2024-08-04,7,West,1073.04,2024-08-07,2024-08-05
2660,94,2025-05-30,8,Midwest,155.53,2025-06-02,2025-05-31
2661,76,2025-04-18,3,Midwest,1140.67,2025-04-21,2025-04-27
2662,10,2024-02-05,9,Midwest,723.41,2024-02-08,2024-02-14
2663,44,2024-06-26,1,West,1089.42,2024-06-29,2024-07-01
2664,11,2025-01-21,3,Northeast,1301.32,2025-01-24,2025-01-25
2665,79,2024-01-17,3,Midwest,1296.78,2024-01-20,2024-01-25
2666,80,2024-02-17,7,West,1353.58,2024-02-20,2024-02-18
2667,81,2024-03-02,5,Northeast,1364.95,2024-03-05,2024-03-13
2668,90,2024-03-09,4,South,236.38,2024-03-12,2024-03-16
2669,2,2024-12-31,2,West,399.59,2025-01-03,2025-01-01
2670,50,2024-06-10,7,South,1268.47,2024-06-13,2024-06-17
2671,12,2025-05-02,3,Midwest,828.18,2025-05-05,2025-05-05
2672,90,2025-03-06,7,Northeast,1530.45,2025-03-09,2025-03-07
2673,23,2025-05-03,10,West,267.32,2025-05-06,2025-05-10
2674,18,2024-08-17,7,Midwest,399.22,2024-08-20,2024-08-19
2675,62,2025-01-04,2,Midwest,1125.76,2025-01-07,2025-01-05
2676,96,2024-06-26,7,Northeast,1011.48,2024-06-29,2024-07-02
2677,62,2025-02-13,6,South,547.47,2025-02-16,2025-02-18
2678,38,2024-09-26,10,Midwest,828.52,2024-09-29,2024-10-04
2679,67,2024-07-24,4,Northeast,89.26,2024-07-27,2024-07-28
2680,38,2024-03-22,5,Northeast,93.34,2024-03-25,2024-03-26
2681,67,2024-07-11,8,West,207.96,2024-07-14,2024-07-12
2682,94,2024-07-07,5,Midwest,1162.05,2024-07-10,2024-07-14
2683,61,2024-10-02,3,South,1730.16,2024-10-05,2024-10-07
2684,1,2024-03-14,2,South,535.24,2024-03-17,2024-03-23
2685,94,2024-01-10,6,Midwest,87.2,2024-01-13,2024-01-17
2686,45,2024-08-03,6,South,1423.08,2024-08-06,2024-08-09
2687,96,2024-10-16,7,Northeast,1713.6,2024-10-19,2024-10-19
2688,28,2025-03-20,8,Northeast,293.58,2025-03-23,2025-03-24
2689,21,2024-07-11,4,Midwest,783.78,2024-07-14,2024-07-18
2690,13,2024-10-15,8,South,334.3,2024-10-18,2024-10-20
2691,27,2024-05-23,1,Northeast,230.59,2024-05-26,2024-06-01
2692,100,2025-01-23,6,Midwest,1303.37,2025-01-26,2025-02-01
2693,7,2025-02-10,6,Northeast,1935.72,2025-02-13,2025-02-14
2694,22,2025-01-04,3,Midwest,1362.77,2025-01-07,2025-01-09
2695,74,2025-03-16,9,West,1969.93,2025-03-19,2025-03-19
2696,53,2024-01-13,5,West,880.1,2024-01-16,2024-01-18
2697,79,2024-12-05,1,Midwest,1797.78,2024-12-08,2024-12-13
2698,79,2024-11-07,7,West,426.07,2024-11-10,2024-11-10
2699,4,2024-04-13,10,West,253.45,2024-04-16,2024-04-17
2700,96,2024-12-04,3,South,1410.99,2024-12-07,2024-12-05
2701,23,2024-07-16,10,West,755.39,2024-07-19,2024-07-19
2702,70,2024-10-26,10,South,649.02,2024-10-29,2024-11-02
2703,88,2025-03-19,4,West,1349.14,2025-03-22,2025-03-23
2704,84,2024-12-24,6,West,680.3,2024-12-27,2024-12-26
2705,84,2025-01-02,8,Northeast,1153.67,2025-01-05,2025-01-08
2706,76,2024-06-17,4,Midwest,612.92,2024-06-20,2024-06-22
2707,33,2024-05-28,9,West,1571.84,2024-05-31,2024-06-05
2708,28,2024-02-11,8,Midwest,638.53,2024-02-14,2024-02-16
2709,8,2024-07-20,10,Midwest,1079.29,2024-07-23,2024-07-22
2710,1,2024-08-31,10,Northeast,65.89,2024-09-03,2024-09-08
2711,37,2025-04-08,6,Midwest,1587.63,2025-04-11,2025-04-10
2712,63,2025-03-24,7,Midwest,1248.27,2025-03-27,2025-03-25
2713,22,2025-03-12,8,West,400.63,2025-03-15,2025-03-14
2714,70,2024-09-29,2,Northeast,446.44,2024-10-02,2024-10-02
2715,21,2025-03-05,5,Midwest,539.74,2025-03-08,2025-03-06
2716,96,2024-07-31,7,West,1161.53,2024-08-03,2024-08-01
2717,35,2024-04-13,8,Northeast,1105.67,2024-04-16,2024-04-20
2718,79,2024-07-10,5,West,562.25,2024-07-13,2024-07-14
2719,5,2025-01-14,3,Northeast,1394.24,2025-01-17,2025-01-19
2720,60,2024-03-21,6,Northeast,1780.3,2024-03-24,2024-03-26
2721,46,2025-01-11,5,South,106.16,2025-01-14,2025-01-18
2722,50,2024-06-02,8,South,846.05,2024-06-05,2024-06-05
2723,48,2024-08-27,9,South,1195.17,2024-08-30,2024-09-03
2724,6,2025-01-08,9,Midwest,1181.14,2025-01-11,2025-01-13
2725,89,2024-07-22,6,West,58.68,2024-07-25,2024-07-24
2726,56,2024-12-15,4,Northeast,436.92,2024-12-18,2024-12-22
2727,59,2024-05-22,4,West,142.42,2024-05-25,2024-05-27
2728,29,2024-07-07,9,Midwest,1146.55,2024-07-10,2024-07-09
2729,71,2024-09-28,4,South,1297.87,2024-10-01,2024-09-30
2730,77,2024-10-26,8,South,336.29,2024-10-29,2024-11-01
2731,18,2025-03-01,9,West,679.36,2025-03-04,2025-03-09
2732,2,2024-02-15,5,West,673.01,2024-02-18,2024-02-21
2733,8,2024-04-04,6,Northeast,1643.21,2024-04-07,2024-04-12
2734,75,2024-03-04,3,West,405.43,2024-03-07,2024-03-13
2735,97,2025-02-16,5,Northeast,1105.66,2025-02-19,2025-02-20
2736,54,2024-01-09,5,Northeast,1570.21,2024-01-12,2024-01-14
2737,38,2025-04-03,2,South,1662.56,2025-04-06,2025-04-10
2738,48,2025-02-12,10,West,1339.8,2025-02-15,2025-02-14
2739,27,2025-04-14,6,South,613.06,2025-04-17,2025-04-22
2740,20,2025-05-20,9,Northeast,1649.63,2025-05-23,2025-05-29
2741,12,2024-03-13,7,South,1489.49,2024-03-16,2024-03-16
2742,43,2024-03-24,8,South,1414.85,2024-03-27,2024-04-06
2743,61,2024-02-28,2,Northeast,153.32,2024-03-02,2024-03-06
2744,31,2024-01-21,9,Midwest,105.66,2024-01-24,2024-01-26
2745,91,2025-04-02,3,Midwest,1396.82,2025-04-05,2025-04-03
2746,96,2024-06-05,10,West,1890.69,2024-06-08,2024-06-10
2747,61,2024-11-24,5,South,1551.97,2024-11-27,2024-11-30
2748,74,2024-07-21,7,West,1666.32,2024-07-24,2024-07-27
2749,67,2024-04-15,4,South,1099.06,2024-04-18,2024-04-16
2750,91,2024-05-01,7,West,623.08,2024-05-04,2024-05-04
2751,35,2024-11-13,8,West,1361.92,2024-11-16,2024-11-20
2752,95,2024-06-30,10,Northeast,1429.7,2024-07-03,2024-07-07
2753,15,2024-11-11,10,Midwest,1357.21,2024-11-14,2024-11-19
2754,16,2025-02-09,4,Midwest,1894.48,2025-02-12,2025-02-14
2755,13,2024-03-10,5,Midwest,747.01,2024-03-13,2024-03-15
2756,35,2024-06-08,3,Northeast,98.52,2024-06-11,2024-06-15
2757,75,2024-08-27,5,Midwest,1818.72,2024-08-30,2024-09-01
2758,59,2024-05-17,8,Northeast,337.79,2024-05-20,2024-05-18
2759,21,2025-05-09,3,South,1400.69,2025-05-12,2025-05-19
2760,54,2024-09-03,5,Northeast,1748.94,2024-09-06,2024-09-11
2761,75,2024-08-30,10,West,634.08,2024-09-02,2024-09-05
2762,30,2024-12-01,1,West,1664.22,2024-12-04,2024-12-02
2763,48,2025-02-25,2,South,677.48,2025-02-28,2025-03-05
2764,35,2024-07-12,3,South,1592.63,2024-07-15,2024-07-16
2765,86,2024-11-03,1,West,158.26,2024-11-06,2024-11-10
2766,38,2025-05-20,9,Midwest,1317.38,2025-05-23,2025-05-27
2767,31,2024-10-07,9,Midwest,1360.73,2024-10-10,2024-10-11
2768,78,2025-03-14,5,Midwest,993.02,2025-03-17,2025-03-22
2769,24,2025-04-27,4,South,1380.44,2025-04-30,2025-04-28
2770,49,2024-08-10,5,West,1847.9,2024-08-13,2024-08-15
2771,96,2024-04-26,4,Northeast,1473.03,2024-04-29,2024-05-06
2772,100,2024-07-10,5,South,1923.37,2024-07-13,2024-07-16
2773,32,2025-05-30,7,West,908.25,2025-06-02,2025-06-07
2774,55,2024-11-02,8,Midwest,1066.02,2024-11-05,2024-11-07
2775,79,2024-05-01,2,Midwest,542.2,2024-05-04,2024-05-06
2776,58,2024-06-02,4,Midwest,1971.49,2024-06-05,2024-06-03
2777,99,2025-03-27,8,West,129.17,2025-03-30,2025-04-01
2778,3,2024-06-17,7,Midwest,730.07,2024-06-20,2024-06-24
2779,80,2024-02-28,9,West,609.44,2024-03-02,2024-03-01
2780,69,2024-10-27,5,South,785.29,2024-10-30,2024-10-29
2781,85,2024-04-26,6,Northeast,1837.08,2024-04-29,2024-05-02
2782,10,2024-05-06,8,Midwest,748.71,2024-05-09,2024-05-13
2783,83,2025-02-08,5,South,1835.61,2025-02-11,2025-02-19
2784,25,2025-02-02,9,South,858.21,2025-02-05,2025-02-06
2785,68,2025-05-29,4,West,1712.44,2025-06-01,2025-06-02
2786,61,2025-05-12,8,South,1053.07,2025-05-15,2025-05-19
2787,29,2025-02-01,3,West,636.48,2025-02-04,2025-02-08
2788,19,2024-09-21,5,West,909.71,2024-09-24,2024-09-25
2789,43,2024-09-19,8,South,860.27,2024-09-22,2024-09-24
2790,66,2025-02-01,10,West,534.63,2025-02-04,2025-02-04
2791,74,2025-03-11,7,West,593.48,2025-03-14,2025-03-13
2792,61,2024-12-25,1,West,389.18,2024-12-28,2024-12-30
2793,43,2024-05-08,4,South,685.28,2024-05-11,2024-05-18
2794,25,2024-08-28,2,Northeast,1256.32,2024-08-31,2024-08-31
2795,20,2024-08-09,2,West,785.39,2024-08-12,2024-08-10
2796,48,2024-08-01,7,Midwest,1430.4,2024-08-04,2024-08-03
2797,83,2024-05-14,3,South,1974.22,2024-05-17,2024-05-21
2798,87,2025-01-20,3,South,766.66,2025-01-23,2025-01-26
2799,24,2024-10-29,6,West,936.03,2024-11-01,2024-11-07
2800,11,2024-10-13,6,South,344.94,2024-10-16,2024-10-21
2801,98,2024-07-07,1,Midwest,796.59,2024-07-10,2024-07-13
2802,55,2024-10-23,1,Northeast,1459.13,2024-10-26,2024-10-30
2803,28,2025-01-23,6,South,450.46,2025-01-26,2025-01-26
2804,69,2025-04-03,7,South,380.47,2025-04-06,2025-04-10
2805,63,2024-09-17,9,South,765.22,2024-09-20,2024-09-22
2806,59,2024-04-22,4,West,1640.93,2024-04-25,2024-04-30
2807,5,2024-02-05,10,Midwest,1254.84,2024-02-08,2024-02-11
2808,51,2024-03-19,6,Northeast,1916.01,2024-03-22,2024-03-23
2809,21,2024-10-01,3,Midwest,1810.99,2024-10-04,2024-10-03
2810,12,2024-10-04,4,Midwest,319.25,2024-10-07,2024-10-07
2811,50,2024-11-07,9,South,104.25,2024-11-10,2024-11-13
2812,4,2024-07-22,1,Northeast,810.21,2024-07-25,2024-07-25
2813,42,2024-01-17,5,Midwest,1053.72,2024-01-20,2024-01-22
2814,84,2025-04-20,7,Northeast,1040.83,2025-04-23,2025-04-28
2815,38,2025-05-25,3,West,285.53,2025-05-28,2025-06-03
2816,25,2024-07-28,2,South,267.14,2024-07-31,2024-08-03
2817,14,2025-05-13,2,West,112.78,2025-05-16,2025-05-22
2818,75,2025-02-05,1,Northeast,1704.7,2025-02-08,2025-02-06
2819,32,2025-03-04,5,South,1896.53,2025-03-07,2025-03-13
2820,11,2024-03-18,3,West,249.06,2024-03-21,2024-03-19
2821,61,2024-03-20,7,South,441.98,2024-03-23,2024-03-25
2822,18,2024-11-01,1,West,197.93,2024-11-04,2024-11-04
2823,27,2024-02-27,9,Midwest,1757.45,2024-03-01,2024-03-05
2824,55,2024-07-26,2,South,1918.24,2024-07-29,2024-07-27
2825,54,2025-05-25,8,Northeast,538.36,2025-05-28,2025-05-26
2826,82,2024-05-14,10,South,621.1,2024-05-17,2024-05-17
2827,87,2024-03-23,4,Northeast,738.09,2024-03-26,2024-03-26
2828,75,2024-02-13,6,West,1014.88,2024-02-16,2024-02-16
2829,21,2025-04-27,9,West,1371.27,2025-04-30,2025-04-30
2830,44,2025-05-07,7,Northeast,1018.69,2025-05-10,2025-05-14
2831,5,2025-05-13,8,West,1902.98,2025-05-16,2025-05-18
2832,87,2024-01-18,7,South,217.79,2024-01-21,2024-01-28
2833,41,2024-10-20,2,West,1601.24,2024-10-23,2024-10-26
2834,59,2024-05-27,9,Northeast,682.28,2024-05-30,2024-06-04
2835,89,2025-04-16,1,Northeast,767.54,2025-04-19,2025-04-23
2836,54,2024-06-20,2,Midwest,1423.48,2024-06-23,2024-06-22
2837,74,2024-04-29,3,Northeast,1860.17,2024-05-02,2024-05-02
2838,22,2024-03-06,3,West,1438.08,2024-03-09,2024-03-14
2839,83,2024-05-20,10,Northeast,1556.2,2024-05-23,2024-05-21
2840,65,2025-03-21,4,West,1506.54,2025-03-24,2025-03-27
2841,64,2025-05-20,5,West,655.54,2025-05-23,2025-05-24
2842,71,2024-07-07,6,Midwest,1518.72,2024-07-10,2024-07-10
2843,4,2024-06-06,1,West,1573.35,2024-06-09,2024-06-10
2844,65,2024-09-02,8,Northeast,1076.13,2024-09-05,2024-09-12
2845,15,2024-02-02,6,Northeast,1082.78,2024-02-05,2024-02-03
2846,76,2024-12-26,10,Northeast,1524.25,2024-12-29,2024-12-27
2847,22,2024-11-25,9,West,1637.72,2024-11-28,2024-11-26
2848,86,2025-05-26,5,Northeast,687.65,2025-05-29,2025-05-30
2849,47,2024-03-11,7,South,1607.09,2024-03-14,2024-03-14
2850,81,2024-11-08,4,South,1632.13,2024-11-11,2024-11-13
2851,93,2024-03-19,6,Northeast,483.57,2024-03-22,2024-03-23
2852,46,2024-06-17,6,West,1439.56,2024-06-20,2024-06-23
2853,14,2024-06-28,4,Northeast,389.34,2024-07-01,2024-07-01
2854,50,2024-09-16,6,South,204.24,2024-09-19,2024-09-27
2855,20,2025-04-30,8,West,1157.6,2025-05-03,2025-05-07
2856,50,2024-01-05,5,Northeast,1819.13,2024-01-08,2024-01-12
2857,33,2024-10-23,2,West,90.21,2024-10-26,2024-10-30
2858,59,2024-12-25,9,Northeast,1656.47,2024-12-28,2024-12-27
2859,43,2024-04-26,4,Midwest,1022.81,2024-04-29,2024-04-30
2860,79,2024-12-22,4,West,1724.57,2024-12-25,2024-12-26
2861,12,2025-03-14,7,South,1690.08,2025-03-17,2025-03-18
2862,40,2024-11-26,10,South,1753.07,2024-11-29,2024-11-30
2863,20,2024-07-06,10,South,1542.37,2024-07-09,2024-07-13
2864,94,2024-10-07,6,South,1689.12,2024-10-10,2024-10-12
2865,38,2025-05-25,4,Northeast,368.53,2025-05-28,2025-05-31
2866,3,2025-04-10,6,Northeast,621.63,2025-04-13,2025-04-11
2867,28,2024-04-24,3,West,500.12,2024-04-27,2024-04-25
2868,56,2024-08-23,7,Midwest,1490.01,2024-08-26,2024-08-25
2869,90,2024-12-03,6,Midwest,324.21,2024-12-06,2024-12-13
2870,94,2024-07-17,3,West,380.81,2024-07-20,2024-07-28
2871,13,2024-02-19,1,South,1760.35,2024-02-22,2024-02-27
2872,77,2024-05-21,10,Midwest,1417.65,2024-05-24,2024-05-25
2873,66,2025-05-28,5,Midwest,1753.25,2025-05-31,2025-06-03
2874,37,2024-01-30,10,West,295.92,2024-02-02,2024-02-08
2875,49,2024-03-22,2,South,809.98,2024-03-25,2024-04-02
2876,66,2024-01-31,7,Northeast,580.64,2024-02-03,2024-02-02
2877,36,2024-11-28,7,Northeast,39.17,2024-12-01,2024-12-04
2878,54,2024-06-25,4,Midwest,583.36,2024-06-28,2024-06-29
2879,26,2025-01-04,6,Northeast,771.57,2025-01-07,2025-01-11
2880,75,2024-04-15,1,West,202.59,2024-04-18,2024-04-20
2881,72,2024-04-06,2,Midwest,1141.65,2024-04-09,2024-04-08
2882,40,2024-08-17,6,Midwest,778.68,2024-08-20,2024-08-23
2883,43,2024-08-14,2,South,111.99,2024-08-17,2024-08-17
2884,22,2025-01-05,4,Northeast,1413.88,2025-01-08,2025-01-10
2885,20,2024-04-09,4,South,1463.97,2024-04-12,2024-04-14
2886,8,2025-03-20,10,Midwest,1672.25,2025-03-23,2025-03-30
2887,29,2025-04-12,9,Northeast,981.37,2025-04-15,2025-04-18
2888,40,2024-02-24,10,South,1937.94,2024-02-27,2024-02-29
2889,90,2024-07-13,7,Northeast,1829.85,2024-07-16,2024-07-20
2890,30,2025-02-27,7,Midwest,1111.68,2025-03-02,2025-03-01
2891,81,2024-11-10,1,Midwest,901.0,2024-11-13,2024-11-15
2892,84,2024-05-07,5,Midwest,26.01,2024-05-10,2024-05-14
2893,55,2024-02-01,3,West,1427.77,2024-02-04,2024-02-08
2894,16,2024-04-02,3,South,1138.61,2024-04-05,2024-04-05
2895,46,2024-09-14,6,South,1876.34,2024-09-17,2024-09-20
2896,62,2024-08-07,4,Midwest,1196.58,2024-08-10,2024-08-14
2897,7,2024-04-15,8,South,1985.86,2024-04-18,2024-04-17
2898,80,2025-02-19,4,Midwest,1710.56,2025-02-22,2025-02-22
2899,45,2024-11-04,8,South,1908.12,2024-11-07,2024-11-08
2900,59,2024-12-31,4,Northeast,668.77,2025-01-03,2025-01-12
2901,56,2025-04-03,3,South,315.69,2025-04-06,2025-04-06
2902,48,2025-01-04,5,Midwest,1597.81,2025-01-07,2025-01-10
2903,27,2024-11-26,5,South,1576.67,2024-11-29,2024-11-30
2904,53,2024-01-11,10,Northeast,438.67,2024-01-14,2024-01-13
2905,87,2025-05-21,10,Northeast,1534.19,2025-05-24,2025-05-28
2906,88,2025-02-22,1,Northeast,1172.31,2025-02-25,2025-02-23
2907,73,2024-05-01,8,Midwest,236.86,2024-05-04,2024-05-10
2908,35,2024-08-22,8,West,1013.53,2024-08-25,2024-08-24
2909,51,2024-11-26,8,Midwest,1863.65,2024-11-29,2024-11-29
2910,84,2024-12-13,10,Northeast,1022.79,2024-12-16,2024-12-20
2911,37,2025-02-15,4,South,1581.62,2025-02-18,2025-02-22
2912,81,2024-08-11,9,Northeast,77.24,2024-08-14,2024-08-17
2913,95,2024-06-01,10,West,1461.6,2024-06-04,2024-06-04
2914,57,2024-07-30,3,West,1894.74,2024-08-02,2024-07-31
2915,8,2024-04-01,7,Northeast,1009.07,2024-04-04,2024-04-06
2916,79,2024-11-26,6,Midwest,688.67,2024-11-29,2024-11-28
2917,95,2025-04-11,9,West,1300.37,2025-04-14,2025-04-23
2918,94,2024-08-15,4,Northeast,1834.2,2024-08-18,2024-08-20
2919,20,2024-07-12,4,Midwest,370.0,2024-07-15,2024-07-13
2920,53,2024-08-30,6,South,819.31,2024-09-02,2024-09-03
2921,12,2025-01-23,8,Midwest,329.45,2025-01-26,2025-01-30
2922,49,2024-10-02,3,West,1003.38,2024-10-05,2024-10-10
2923,17,2025-03-25,8,Midwest,1090.04,2025-03-28,2025-03-29
2924,64,2025-04-22,8,Midwest,1889.52,2025-04-25,2025-04-27
2925,42,2025-04-24,7,South,836.78,2025-04-27,2025-05-01
2926,94,2024-10-14,7,Northeast,1142.57,2024-10-17,2024-10-16
2927,29,2024-11-25,5,Midwest,1772.82,2024-11-28,2024-12-01
2928,19,2025-04-14,2,South,656.38,2025-04-17,2025-04-20
2929,11,2025-04-11,2,West,1354.84,2025-04-14,2025-04-18
2930,98,2025-02-23,10,Northeast,1519.18,2025-02-26,2025-02-28
2931,50,2024-05-01,8,West,674.45,2024-05-04,2024-05-02
2932,71,2024-11-03,6,Northeast,345.4,2024-11-06,2024-11-09
2933,58,2024-11-29,8,Midwest,1015.76,2024-12-02,2024-12-01
2934,34,2025-02-23,3,Midwest,726.47,2025-02-26,2025-03-05
2935,20,2024-11-21,1,Northeast,547.6,2024-11-24,2024-12-01
2936,50,2024-09-06,6,West,1947.37,2024-09-09,2024-09-08
2937,88,2024-04-04,2,West,1014.26,2024-04-07,2024-04-06
2938,10,2024-10-22,9,West,1715.83,2024-10-25,2024-10-23
2939,32,2024-07-02,5,Midwest,406.73,2024-07-05,2024-07-09
2940,52,2024-09-16,5,Northeast,1880.1,2024-09-19,2024-09-19
2941,15,2024-07-04,10,Northeast,1592.97,2024-07-07,2024-07-10
2942,84,2025-02-12,8,West,1621.21,2025-02-15,2025-02-15
2943,3,2024-03-09,6,Midwest,791.73,2024-03-12,2024-03-10
2944,37,2024-01-08,3,Northeast,981.56,2024-01-11,2024-01-14
2945,40,2024-09-21,9,Northeast,1194.84,2024-09-24,2024-09-30
2946,72,2025-04-28,10,West,1583.74,2025-05-01,2025-05-03
2947,40,2025-01-05,4,West,1701.13,2025-01-08,2025-01-07
2948,56,2024-03-23,10,Northeast,174.53,2024-03-26,2024-03-28
2949,23,2024-07-29,4,Midwest,1810.04,2024-08-01,2024-08-05
2950,11,2024-11-08,2,South,1876.24,2024-11-11,2024-11-12
2951,64,2024-12-02,3,Northeast,1193.92,2024-12-05,2024-12-04
2952,8,2025-05-04,4,Northeast,389.77,2025-05-07,2025-05-15
2953,93,2025-02-06,7,Midwest,1640.46,2025-02-09,2025-02-07
2954,94,2024-07-09,3,Northeast,1106.2,2024-07-12,2024-07-21
2955,56,2024-11-30,8,South,1638.05,2024-12-03,2024-12-05
2956,60,2024-03-27,8,Midwest,1633.32,2024-03-30,2024-04-04
2957,10,2024-03-02,10,South,191.72,2024-03-05,2024-03-08
2958,39,2025-01-21,2,South,1221.9,2025-01-24,2025-01-23
2959,28,2024-05-25,4,Northeast,976.63,2024-05-28,2024-06-03
2960,49,2024-06-01,8,South,1893.32,2024-06-04,2024-06-08
2961,36,2024-12-14,1,Northeast,607.35,2024-12-17,2024-12-19
2962,13,2024-06-26,1,Northeast,427.88,2024-06-29,2024-07-03
2963,96,2025-05-01,4,Midwest,1796.23,2025-05-04,2025-05-06
2964,36,2024-09-03,2,Midwest,314.46,2024-09-06,2024-09-04
2965,26,2024-09-10,1,Midwest,1379.31,2024-09-13,2024-09-11
2966,86,2025-05-14,8,Northeast,614.04,2025-05-17,2025-05-19
2967,4,2024-12-17,2,South,1144.33,2024-12-20,2024-12-21
2968,95,2025-05-26,4,South,1240.11,2025-05-29,2025-05-31
2969,82,2024-01-13,3,Midwest,846.39,2024-01-16,2024-01-17
2970,64,2024-05-30,2,Midwest,1950.43,2024-06-02,2024-06-01
2971,38,2024-02-19,8,Northeast,281.03,2024-02-22,2024-02-20
2972,88,2024-08-02,3,West,794.97,2024-08-05,2024-08-04
2973,87,2025-01-06,9,West,872.18,2025-01-09,2025-01-13
2974,22,2024-04-22,10,Northeast,1269.47,2024-04-25,2024-04-25
2975,2,2024-09-08,5,West,826.37,2024-09-11,2024-09-16
2976,31,2024-12-06,9,West,212.13,2024-12-09,2024-12-08
2977,11,2024-02-22,3,West,1895.91,2024-02-25,2024-03-02
2978,92,2024-05-09,5,Midwest,843.84,2024-05-12,2024-05-12
2979,46,2024-07-11,10,South,698.49,2024-07-14,2024-07-15
2980,96,2024-02-26,6,South,904.51,2024-02-29,2024-03-01
2981,62,2024-04-06,9,Midwest,448.86,2024-04-09,2024-04-13
2982,69,2024-07-16,8,Midwest,218.44,2024-07-19,2024-07-22
2983,64,2024-05-26,2,Midwest,314.19,2024-05-29,2024-05-31
2984,10,2024-10-21,2,West,349.98,2024-10-24,2024-10-26
2985,40,2024-01-12,5,Northeast,411.39,2024-01-15,2024-01-15
2986,24,2024-11-28,5,Northeast,851.52,2024-12-01,2024-12-06
2987,99,2024-08-07,5,West,1255.32,2024-08-10,2024-08-12
2988,44,2025-02-01,4,West,1265.2,2025-02-04,2025-02-08
2989,60,2024-12-07,8,Midwest,20.19,2024-12-10,2024-12-13
2990,62,2025-05-26,5,Midwest,1843.5,2025-05-29,2025-05-30
2991,87,2024-06-20,1,South,1649.24,2024-06-23,2024-07-02
2992,17,2025-04-12,10,Midwest,1928.6,2025-04-15,2025-04-21
2993,65,2024-06-14,5,West,732.77,2024-06-17,2024-06-17
2994,95,2024-06-18,1,South,1336.3,2024-06-21,2024-06-29
2995,95,2025-05-26,4,Midwest,352.68,2025-05-29,2025-06-03
2996,57,2024-07-07,1,South,1637.73,2024-07-10,2024-07-09
2997,55,2024-04-29,6,South,339.51,2024-05-02,2024-05-07
2998,53,2024-04-14,6,Midwest,665.45,2024-04-17,2024-04-20
2999,56,2024-02-10,1,Northeast,991.85,2024-02-13,2024-02-15
3000,98,2024-11-16,8,West,1197.17,2024-11-19,2024-11-24
3001,9,2024-11-30,4,West,1128.07,2024-12-03,2024-12-06
3002,22,2024-06-08,2,South,222.15,2024-06-11,2024-06-09
3003,13,2024-09-20,1,Northeast,854.92,2024-09-23,2024-09-21
3004,89,2025-04-21,3,Northeast,1847.36,2025-04-24,2025-04-23
3005,48,2024-12-17,7,Midwest,1747.29,2024-12-20,2024-12-28
3006,18,2024-07-28,10,Midwest,1189.75,2024-07-31,2024-08-04
3007,76,2025-05-10,10,West,1153.2,2025-05-13,2025-05-17
3008,40,2025-01-16,8,Midwest,241.12,2025-01-19,2025-01-21
3009,17,2025-04-25,5,Midwest,416.51,2025-04-28,2025-04-27
3010,15,2024-01-05,7,South,520.23,2024-01-08,2024-01-06
3011,15,2024-02-03,2,Northeast,986.63,2024-02-06,2024-02-11
3012,79,2024-05-24,4,Northeast,1468.08,2024-05-27,2024-06-03
3013,63,2024-12-16,6,Midwest,932.24,2024-12-19,2024-12-23
3014,39,2025-04-09,5,Midwest,269.6,2025-04-12,2025-04-13
3015,13,2024-12-13,6,Midwest,889.91,2024-12-16,2024-12-17
3016,81,2024-05-04,2,West,342.01,2024-05-07,2024-05-11
3017,32,2024-09-27,7,West,1507.27,2024-09-30,2024-10-02
3018,9,2024-12-22,8,South,349.67,2024-12-25,2024-12-27
3019,40,2025-05-12,9,West,975.42,2025-05-15,2025-05-15
3020,20,2024-06-01,6,Northeast,1392.96,2024-06-04,2024-06-04
3021,90,2024-02-22,7,West,471.83,2024-02-25,2024-02-27
3022,91,2024-05-28,1,Northeast,170.54,2024-05-31,2024-05-29
3023,85,2025-05-17,9,West,1135.33,2025-05-20,2025-05-24
3024,82,2025-03-25,6,West,127.32,2025-03-28,2025-03-26
3025,77,2024-08-06,4,South,1183.78,2024-08-09,2024-08-14
3026,80,2024-10-03,10,Midwest,1511.93,2024-10-06,2024-10-06
3027,73,2025-03-27,9,Midwest,672.05,2025-03-30,2025-04-01
3028,63,2025-03-03,1,Midwest,986.93,2025-03-06,2025-03-10
3029,76,2024-03-23,2,South,1858.95,2024-03-26,2024-03-27
3030,44,2024-08-05,3,Northeast,952.8,2024-08-08,2024-08-08
3031,38,2025-02-07,1,West,1993.18,2025-02-10,2025-02-13
3032,83,2024-10-16,2,South,330.86,2024-10-19,2024-10-28
3033,60,2025-02-23,2,Northeast,1423.69,2025-02-26,2025-03-02
3034,71,2024-12-04,7,South,1312.18,2024-12-07,2024-12-07
3035,99,2025-02-22,10,South,1747.16,2025-02-25,2025-02-26
3036,48,2024-07-25,6,Northeast,203.04,2024-07-28,2024-07-29
3037,18,2024-09-21,9,Midwest,574.81,2024-09-24,2024-09-23
3038,16,2024-02-05,5,West,281.71,2024-02-08,2024-02-12
3039,55,2025-01-07,9,Midwest,1867.53,2025-01-10,2025-01-11
3040,39,2025-05-02,10,South,864.74,2025-05-05,2025-05-08
3041,68,2024-09-15,9,Northeast,1821.93,2024-09-18,2024-09-16
3042,59,2024-01-23,2,South,602.93,2024-01-26,2024-01-30
3043,89,2024-04-13,9,Midwest,270.21,2024-04-16,2024-04-16
3044,96,2024-08-28,3,Midwest,607.14,2024-08-31,2024-08-30
3045,62,2024-09-09,3,Midwest,1202.41,2024-09-12,2024-09-10
3046,13,2024-05-21,9,West,1693.56,2024-05-24,2024-05-23
3047,81,2025-03-26,7,Midwest,783.07,2025-03-29,2025-03-30
3048,6,2024-11-02,8,West,1831.32,2024-11-05,2024-11-10
3049,83,2025-05-14,7,West,503.58,2025-05-17,2025-05-18
3050,77,2024-01-08,9,Midwest,1393.21,2024-01-11,2024-01-16
3051,60,2024-03-09,8,Northeast,1476.71,2024-03-12,2024-03-15
3052,90,2024-03-08,4,South,562.45,2024-03-11,2024-03-18
3053,14,2025-02-11,2,South,73.4,2025-02-14,2025-02-14
3054,95,2025-06-01,5,West,743.17,2025-06-04,2025-06-07
3055,54,2024-04-28,2,West,109.49,2024-05-01,2024-05-07
3056,4,2024-01-31,4,West,1803.49,2024-02-03,2024-02-07
3057,39,2025-06-01,2,South,1907.98,2025-06-04,2025-06-05
3058,72,2025-04-27,5,West,1476.05,2025-04-30,2025-05-01
3059,25,2024-07-25,6,Northeast,1458.84,2024-07-28,2024-07-26
3060,77,2025-01-21,1,Northeast,496.97,2025-01-24,2025-01-25
3061,32,2025-02-15,8,West,166.37,2025-02-18,2025-02-17
3062,59,2025-01-04,2,South,1608.17,2025-01-07,2025-01-07
3063,63,2024-12-18,5,Midwest,1127.14,2024-12-21,2024-12-23
3064,38,2024-12-01,8,South,1369.62,2024-12-04,2024-12-02
3065,92,2024-10-15,5,Midwest,1563.69,2024-10-18,2024-10-17
3066,53,2024-05-19,3,Midwest,830.68,2024-05-22,2024-05-25
3067,94,2024-10-26,6,West,306.2,2024-10-29,2024-10-27
3068,67,2024-01-13,1,Northeast,1594.17,2024-01-16,2024-01-18
3069,28,2025-03-03,1,West,918.46,2025-03-06,2025-03-04
3070,3,2025-02-03,8,Midwest,1657.31,2025-02-06,2025-02-10
3071,98,2024-04-18,7,West,886.64,2024-04-21,2024-04-25
3072,80,2025-04-29,10,Midwest,449.69,2025-05-02,2025-05-08
3073,22,2024-12-21,10,West,358.59,2024-12-24,2024-12-30
3074,96,2024-05-28,3,Northeast,1492.97,2024-05-31,2024-06-03
3075,38,2024-11-02,8,Northeast,1158.28,2024-11-05,2024-11-03
3076,72,2024-02-29,8,South,821.11,2024-03-03,2024-03-05
3077,72,2025-03-10,1,Midwest,994.39,2025-03-13,2025-03-16
3078,62,2024-01-21,10,Midwest,1108.28,2024-01-24,2024-01-26
3079,57,2025-01-16,7,West,494.04,2025-01-19,2025-01-26
3080,6,2024-09-01,2,South,768.77,2024-09-04,2024-09-10
3081,78,2024-03-13,2,Northeast,598.97,2024-03-16,2024-03-18
3082,32,2025-03-24,2,West,789.08,2025-03-27,2025-03-31
3083,99,2024-03-16,5,South,1011.11,2024-03-19,2024-03-17
3084,10,2025-01-24,7,Northeast,363.25,2025-01-27,2025-01-30
3085,3,2024-12-07,4,West,799.16,2024-12-10,2024-12-08
3086,59,2024-10-16,4,Northeast,783.28,2024-10-19,2024-10-20
3087,76,2024-11-26,9,Midwest,586.29,2024-11-29,2024-11-29
3088,49,2024-09-15,10,South,1997.02,2024-09-18,2024-09-18
3089,59,2025-03-01,9,Northeast,165.78,2025-03-04,2025-03-04
3090,31,2024-01-06,7,South,1293.04,2024-01-09,2024-01-10
3091,93,2024-01-06,10,West,365.39,2024-01-09,2024-01-09
3092,69,2024-07-09,4,South,1682.26,2024-07-12,2024-07-16
3093,62,2024-05-27,8,West,1830.11,2024-05-30,2024-05-31
3094,52,2025-02-08,10,South,814.93,2025-02-11,2025-02-13
3095,89,2024-09-14,3,West,1650.49,2024-09-17,2024-09-20
3096,41,2025-04-23,3,West,514.82,2025-04-26,2025-04-29
3097,31,2024-03-30,7,West,297.34,2024-04-02,2024-04-01
3098,85,2024-01-10,9,Northeast,645.44,2024-01-13,2024-01-14
3099,84,2024-03-27,4,Midwest,696.51,2024-03-30,2024-04-02
3100,22,2024-05-30,4,South,806.77,2024-06-02,2024-06-01
3101,4,2024-01-30,1,Midwest,758.46,2024-02-02,2024-02-01
3102,13,2024-05-07,1,Midwest,834.07,2024-05-10,2024-05-08
3103,45,2024-03-18,3,Midwest,1425.87,2024-03-21,2024-03-24
3104,42,2025-02-24,7,Midwest,506.25,2025-02-27,2025-02-28
3105,49,2024-02-24,9,South,56.78,2024-02-27,2024-02-29
3106,20,2025-04-24,4,South,989.57,2025-04-27,2025-04-25
3107,77,2024-10-31,2,Midwest,907.62,2024-11-03,2024-11-05
3108,81,2024-04-14,6,South,138.93,2024-04-17,2024-04-19
3109,54,2024-06-20,6,South,284.93,2024-06-23,2024-06-26
3110,36,2025-05-13,9,West,1029.64,2025-05-16,2025-05-22
3111,97,2024-01-22,4,South,484.81,2024-01-25,2024-01-25
3112,1,2024-10-13,8,Northeast,1757.64,2024-10-16,2024-10-19
3113,15,2025-01-25,3,Midwest,363.12,2025-01-28,2025-01-31
3114,77,2024-05-28,2,South,59.84,2024-05-31,2024-06-03
3115,17,2024-09-28,9,Midwest,906.18,2024-10-01,2024-10-02
3116,24,2024-10-25,6,South,1972.6,2024-10-28,2024-11-01
3117,58,2024-06-20,8,Midwest,1275.07,2024-06-23,2024-06-23
3118,72,2024-02-16,10,Northeast,720.98,2024-02-19,2024-02-20
3119,91,2024-07-25,9,South,53.4,2024-07-28,2024-07-29
3120,23,2025-03-28,1,South,980.2,2025-03-31,2025-04-01
3121,46,2025-01-29,1,Northeast,428.8,2025-02-01,2025-02-04
3122,72,2024-10-27,5,South,1302.55,2024-10-30,2024-11-02
3123,8,2024-06-24,9,Midwest,1174.36,2024-06-27,2024-06-30
3124,59,2024-04-19,7,Northeast,545.12,2024-04-22,2024-04-28
3125,90,2024-07-20,7,West,156.39,2024-07-23,2024-07-24
3126,59,2024-06-16,2,Midwest,1514.94,2024-06-19,2024-06-24
3127,13,2024-03-26,3,South,1179.22,2024-03-29,2024-03-28
3128,39,2024-02-20,4,Midwest,1687.41,2024-02-23,2024-02-25
3129,28,2024-04-21,2,Northeast,534.4,2024-04-24,2024-04-26
3130,89,2025-04-07,10,South,1312.67,2025-04-10,2025-04-08
3131,61,2025-03-17,9,South,254.99,2025-03-20,2025-03-22
3132,16,2024-09-27,5,Northeast,597.78,2024-09-30,2024-10-02
3133,2,2024-12-09,7,West,1319.95,2024-12-12,2024-12-16
3134,82,2024-07-01,9,South,1654.65,2024-07-04,2024-07-07
3135,17,2025-05-17,5,South,655.43,2025-05-20,2025-05-18
3136,30,2024-01-10,6,South,1601.73,2024-01-13,2024-01-19
3137,13,2025-05-08,4,West,1361.95,2025-05-11,2025-05-12
3138,96,2024-08-21,8,Midwest,710.38,2024-08-24,2024-08-24
3139,93,2024-10-24,1,West,1755.27,2024-10-27,2024-10-30
3140,94,2024-08-31,1,Midwest,1028.27,2024-09-03,2024-09-08
3141,82,2025-05-23,5,South,1303.53,2025-05-26,2025-05-27
3142,13,2024-12-16,10,Midwest,1001.35,2024-12-19,2024-12-21
3143,43,2024-09-23,9,Midwest,916.39,2024-09-26,2024-10-01
3144,85,2024-07-19,2,Midwest,1699.0,2024-07-22,2024-07-21
3145,94,2024-08-26,3,Midwest,603.51,2024-08-29,2024-08-27
3146,21,2024-11-29,8,South,92.53,2024-12-02,2024-12-06
3147,55,2025-02-18,5,Northeast,1761.97,2025-02-21,2025-02-26
3148,81,2025-04-28,3,West,1653.55,2025-05-01,2025-04-29
3149,40,2025-03-12,6,Midwest,745.79,2025-03-15,2025-03-17
3150,83,2024-09-02,6,South,387.19,2024-09-05,2024-09-06
3151,15,2024-01-08,5,South,1357.56,2024-01-11,2024-01-13
3152,73,2024-05-31,5,South,175.95,2024-06-03,2024-06-01
3153,52,2025-01-26,6,South,859.03,2025-01-29,2025-01-27
3154,74,2024-07-29,2,Midwest,190.01,2024-08-01,2024-08-04
3155,95,2025-01-01,6,West,1203.86,2025-01-04,2025-01-06
3156,53,2024-03-26,2,South,73.87,2024-03-29,2024-04-05
3157,87,2024-02-24,3,West,1265.89,2024-02-27,2024-03-02
3158,52,2025-03-21,2,West,1352.95,2025-03-24,2025-03-23
3159,30,2024-10-30,1,West,984.55,2024-11-02,2024-11-06
3160,33,2024-05-11,1,Northeast,366.51,2024-05-14,2024-05-21
3161,57,2025-02-24,9,South,220.76,2025-02-27,2025-03-01
3162,52,2025-01-19,4,South,640.32,2025-01-22,2025-01-25
3163,9,2024-07-16,5,South,941.11,2024-07-19,2024-07-23
3164,54,2024-02-16,10,West,1291.57,2024-02-19,2024-02-20
3165,1,2024-07-21,7,South,22.48,2024-07-24,2024-07-22
3166,44,2024-09-17,2,South,1427.91,2024-09-20,2024-09-24
3167,99,2024-01-24,10,West,1431.17,2024-01-27,2024-01-31
3168,75,2024-12-05,9,South,900.18,2024-12-08,2024-12-14
3169,98,2025-02-15,4,Midwest,699.94,2025-02-18,2025-02-17
3170,80,2024-09-17,10,Northeast,1687.77,2024-09-20,2024-09-19
3171,9,2024-10-12,10,Midwest,1573.48,2024-10-15,2024-10-15
3172,32,2025-05-27,1,Midwest,1966.89,2025-05-30,2025-05-31
3173,15,2024-03-26,8,Midwest,756.42,2024-03-29,2024-04-02
3174,12,2025-03-05,4,West,1815.53,2025-03-08,2025-03-07
3175,97,2024-01-31,7,South,193.06,2024-02-03,2024-02-08
3176,78,2025-03-15,3,Midwest,834.7,2025-03-18,2025-03-23
3177,57,2024-12-14,9,Midwest,941.44,2024-12-17,2024-12-22
3178,8,2025-02-15,5,South,892.93,2025-02-18,2025-02-19
3179,72,2024-11-05,5,West,1257.69,2024-11-08,2024-11-06
3180,27,2025-01-30,3,Midwest,357.01,2025-02-02,2025-02-09
3181,62,2024-12-03,9,South,1735.58,2024-12-06,2024-12-06
3182,12,2025-03-12,3,South,1112.49,2025-03-15,2025-03-19
3183,65,2024-12-30,2,Northeast,1810.33,2025-01-02,2025-01-04
3184,42,2024-04-22,9,Midwest,25.21,2024-04-25,2024-04-30
3185,62,2024-06-24,9,Midwest,1267.38,2024-06-27,2024-06-29
3186,11,2024-05-28,10,Northeast,836.67,2024-05-31,2024-06-02
3187,43,2024-06-26,4,South,1020.1,2024-06-29,2024-07-02
3188,95,2025-01-16,4,South,1492.73,2025-01-19,2025-01-22
3189,17,2024-08-10,10,Midwest,469.76,2024-08-13,2024-08-11
3190,97,2024-09-15,6,Midwest,425.7,2024-09-18,2024-09-26
3191,32,2024-07-07,9,Northeast,1411.96,2024-07-10,2024-07-12
3192,93,2024-11-01,8,Midwest,1052.3,2024-11-04,2024-11-08
3193,85,2025-01-12,10,Midwest,482.61,2025-01-15,2025-01-22
3194,85,2024-12-08,3,West,978.36,2024-12-11,2024-12-13
3195,40,2024-06-04,6,Northeast,929.93,2024-06-07,2024-06-06
3196,23,2024-02-24,7,South,1389.06,2024-02-27,2024-02-26
3197,56,2025-03-17,6,Midwest,25.27,2025-03-20,2025-03-21
3198,6,2024-07-18,3,South,1181.79,2024-07-21,2024-07-24
3199,86,2025-02-06,9,Midwest,1219.24,2025-02-09,2025-02-12
3200,50,2024-06-25,4,West,1496.11,2024-06-28,2024-07-03
3201,37,2025-03-24,2,Northeast,1780.68,2025-03-27,2025-03-25
3202,64,2024-10-27,9,Northeast,891.58,2024-10-30,2024-11-02
3203,54,2024-11-02,3,South,698.19,2024-11-05,2024-11-09
3204,72,2024-09-23,6,West,222.59,2024-09-26,2024-09-30
3205,49,2024-08-01,5,South,686.93,2024-08-04,2024-08-02
3206,99,2025-04-27,2,West,155.6,2025-04-30,2025-05-01
3207,11,2024-09-18,1,Midwest,1609.58,2024-09-21,2024-09-25
3208,88,2024-03-07,9,Midwest,1617.87,2024-03-10,2024-03-10
3209,49,2024-05-12,3,West,846.13,2024-05-15,2024-05-13
3210,21,2025-05-26,7,Midwest,534.09,2025-05-29,2025-06-02
3211,66,2024-07-29,9,Northeast,253.68,2024-08-01,2024-08-04
3212,63,2024-09-09,9,West,1705.45,2024-09-12,2024-09-15
3213,83,2024-02-07,10,West,1757.44,2024-02-10,2024-02-10
3214,28,2024-02-12,6,South,547.25,2024-02-15,2024-02-13
3215,17,2025-02-08,8,West,1251.09,2025-02-11,2025-02-16
3216,6,2024-02-15,9,South,532.13,2024-02-18,2024-02-28
3217,19,2025-03-29,3,West,465.75,2025-04-01,2025-03-30
3218,56,2024-10-31,6,Northeast,61.99,2024-11-03,2024-11-08
3219,28,2024-08-20,5,Northeast,1162.78,2024-08-23,2024-08-24
3220,66,2024-09-01,7,Northeast,316.88,2024-09-04,2024-09-07
3221,38,2024-10-21,7,South,44.49,2024-10-24,2024-10-26
3222,37,2025-01-17,9,South,227.61,2025-01-20,2025-01-29
3223,68,2024-06-06,1,Midwest,641.26,2024-06-09,2024-06-09
3224,86,2025-02-08,6,South,1344.94,2025-02-11,2025-02-11
3225,90,2024-01-01,5,South,421.19,2024-01-04,2024-01-06
3226,49,2024-08-04,4,Northeast,1777.43,2024-08-07,2024-08-11
3227,43,2025-05-21,10,West,591.21,2025-05-24,2025-05-30
3228,36,2024-01-30,1,South,675.83,2024-02-02,2024-02-05
3229,58,2024-10-01,4,Midwest,451.59,2024-10-04,2024-10-07
3230,13,2025-05-06,10,West,522.53,2025-05-09,2025-05-10
3231,52,2024-02-05,7,South,166.79,2024-02-08,2024-02-12
3232,58,2024-11-06,4,West,603.65,2024-11-09,2024-11-09
3233,32,2024-02-13,1,West,1722.04,2024-02-16,2024-02-19
3234,81,2024-06-03,10,West,1383.08,2024-06-06,2024-06-07
3235,100,2024-03-17,1,West,1753.03,2024-03-20,2024-03-19
3236,60,2025-03-13,1,West,227.62,2025-03-16,2025-03-23
3237,83,2025-03-07,10,South,922.12,2025-03-10,2025-03-09
3238,58,2024-02-08,5,West,473.92,2024-02-11,2024-02-12
3239,99,2024-08-26,7,West,1448.01,2024-08-29,2024-08-27
3240,56,2024-01-13,9,Midwest,1941.07,2024-01-16,2024-01-17
3241,28,2024-05-01,8,Midwest,1634.41,2024-05-04,2024-05-07
3242,1,2024-05-23,2,West,89.85,2024-05-26,2024-05-25
3243,42,2025-03-30,9,South,646.99,2025-04-02,2025-03-31
3244,82,2025-01-02,4,Midwest,76.59,2025-01-05,2025-01-06
3245,48,2024-09-03,10,Midwest,99.53,2024-09-06,2024-09-08
3246,40,2024-02-14,5,West,177.44,2024-02-17,2024-02-18
3247,97,2025-01-09,5,South,567.13,2025-01-12,2025-01-19
3248,63,2024-10-17,4,Northeast,622.32,2024-10-20,2024-10-23
3249,76,2024-07-25,6,South,812.9,2024-07-28,2024-07-31
3250,72,2024-08-29,1,Midwest,821.76,2024-09-01,2024-09-04
3251,88,2024-04-23,2,Midwest,1547.39,2024-04-26,2024-04-29
3252,80,2024-10-28,4,Midwest,299.98,2024-10-31,2024-11-01
3253,4,2024-10-02,4,Midwest,332.33,2024-10-05,2024-10-04
3254,38,2024-04-05,8,Midwest,1260.65,2024-04-08,2024-04-17
3255,27,2024-10-20,9,West,1152.05,2024-10-23,2024-10-25
3256,9,2024-12-25,4,West,324.93,2024-12-28,2024-12-30
3257,16,2024-10-14,6,West,1707.48,2024-10-17,2024-10-19
3258,56,2024-06-02,4,Midwest,671.54,2024-06-05,2024-06-05
3259,76,2025-02-26,4,West,746.6,2025-03-01,2025-03-04
3260,31,2024-02-19,9,Midwest,852.51,2024-02-22,2024-02-20
3261,88,2024-07-25,4,South,658.95,2024-07-28,2024-08-01
3262,14,2024-07-31,6,Northeast,1123.76,2024-08-03,2024-08-04
3263,25,2024-03-06,9,South,789.52,2024-03-09,2024-03-14
3264,34,2024-08-19,3,Northeast,533.68,2024-08-22,2024-08-26
3265,67,2024-11-15,7,West,1810.86,2024-11-18,2024-11-21
3266,24,2024-05-16,7,Northeast,630.53,2024-05-19,2024-05-19
3267,73,2024-03-05,1,South,1403.01,2024-03-08,2024-03-10
3268,26,2025-05-28,2,South,707.51,2025-05-31,2025-06-04
3269,20,2024-05-11,5,Northeast,881.74,2024-05-14,2024-05-16
3270,64,2024-11-29,8,South,487.17,2024-12-02,2024-11-30
3271,10,2024-02-01,6,West,1509.61,2024-02-04,2024-02-09
3272,83,2025-05-12,7,South,1479.66,2025-05-15,2025-05-19
3273,67,2024-08-30,3,Northeast,64.04,2024-09-02,2024-08-31
3274,24,2024-07-10,6,West,139.18,2024-07-13,2024-07-15
3275,5,2024-05-21,9,Northeast,1846.31,2024-05-24,2024-05-28
3276,67,2024-07-09,3,Midwest,1779.88,2024-07-12,2024-07-12
3277,58,2024-05-28,6,Midwest,1022.05,2024-05-31,2024-05-29
3278,27,2025-02-19,7,West,996.85,2025-02-22,2025-02-21
3279,80,2024-01-16,5,West,1628.6,2024-01-19,2024-01-21
3280,15,2024-04-15,10,South,294.13,2024-04-18,2024-04-23
3281,35,2024-10-09,8,Northeast,1314.32,2024-10-12,2024-10-11
3282,76,2024-04-13,8,Midwest,962.45,2024-04-16,2024-04-15
3283,53,2024-12-26,6,South,1491.8,2024-12-29,2024-12-30
3284,44,2024-02-04,7,Midwest,79.6,2024-02-07,2024-02-11
3285,26,2024-04-22,3,South,1193.6,2024-04-25,2024-05-02
3286,47,2024-11-03,7,South,1122.32,2024-11-06,2024-11-08
3287,34,2024-02-22,7,Midwest,1684.88,2024-02-25,2024-02-25
3288,87,2024-03-21,4,South,1360.14,2024-03-24,2024-03-24
3289,95,2025-01-03,10,Midwest,1762.72,2025-01-06,2025-01-12
3290,50,2024-08-29,4,West,1776.8,2024-09-01,2024-08-30
3291,84,2024-01-31,3,Northeast,828.16,2024-02-03,2024-02-06
3292,12,2024-12-26,10,South,292.12,2024-12-29,2025-01-04
3293,87,2024-08-20,7,Midwest,1267.96,2024-08-23,2024-08-25
3294,4,2024-02-03,5,Midwest,1750.02,2024-02-06,2024-02-05
3295,87,2024-08-30,3,Northeast,168.41,2024-09-02,2024-09-06
3296,48,2024-02-28,6,Northeast,1124.69,2024-03-02,2024-03-04
3297,55,2024-03-18,6,Northeast,247.7,2024-03-21,2024-03-24
3298,1,2024-10-28,6,South,73.45,2024-10-31,2024-11-04
3299,89,2024-04-21,2,Midwest,1365.68,2024-04-24,2024-04-28
3300,66,2025-02-16,10,South,1370.06,2025-02-19,2025-02-22
3301,30,2024-11-12,7,South,1209.3,2024-11-15,2024-11-19
3302,3,2024-05-24,7,West,1721.26,2024-05-27,2024-06-02
3303,21,2024-01-18,10,Northeast,180.14,2024-01-21,2024-01-21
3304,89,2024-12-16,4,West,228.42,2024-12-19,2024-12-20
3305,84,2024-06-03,6,West,1731.78,2024-06-06,2024-06-10
3306,49,2025-05-20,4,South,1016.49,2025-05-23,2025-05-25
3307,86,2024-12-25,4,South,560.64,2024-12-28,2024-12-26
3308,85,2024-11-27,6,Midwest,1481.55,2024-11-30,2024-12-03
3309,62,2024-01-12,9,West,1790.92,2024-01-15,2024-01-16
3310,97,2024-03-15,7,Northeast,1385.41,2024-03-18,2024-03-26
3311,38,2024-07-30,2,West,1588.03,2024-08-02,2024-08-07
3312,15,2024-10-09,6,Midwest,579.34,2024-10-12,2024-10-17
3313,52,2024-07-13,5,West,591.78,2024-07-16,2024-07-18
3314,79,2024-01-30,6,West,1730.97,2024-02-02,2024-02-05
3315,46,2024-01-09,8,West,1237.43,2024-01-12,2024-01-13
3316,25,2024-11-04,8,Midwest,483.64,2024-11-07,2024-11-06
3317,21,2025-03-20,3,West,1057.84,2025-03-23,2025-03-22
3318,88,2024-11-05,9,South,1378.0,2024-11-08,2024-11-16
3319,5,2025-03-01,6,West,452.73,2025-03-04,2025-03-07
3320,70,2024-03-31,7,South,1316.71,2024-04-03,2024-04-01
3321,47,2025-03-31,9,West,103.45,2025-04-03,2025-04-08
3322,87,2025-03-19,7,South,621.31,2025-03-22,2025-04-01
3323,68,2024-03-19,10,West,1354.46,2024-03-22,2024-03-20
3324,91,2025-04-19,9,Northeast,315.71,2025-04-22,2025-04-26
3325,18,2024-04-12,1,South,459.95,2024-04-15,2024-04-14
3326,21,2025-03-31,1,Northeast,1760.6,2025-04-03,2025-04-08
3327,92,2024-11-09,3,South,1355.16,2024-11-12,2024-11-10
3328,99,2024-09-03,9,West,1007.86,2024-09-06,2024-09-08
3329,86,2024-08-21,1,Midwest,437.57,2024-08-24,2024-08-27
3330,23,2024-08-22,1,West,695.99,2024-08-25,2024-08-23
3331,64,2025-01-21,5,Midwest,1157.17,2025-01-24,2025-01-27
3332,67,2024-02-07,8,Northeast,327.52,2024-02-10,2024-02-11
3333,40,2024-06-09,2,Midwest,973.85,2024-06-12,2024-06-19
3334,10,2025-04-06,4,Midwest,829.77,2025-04-09,2025-04-07
3335,89,2025-03-24,6,Midwest,963.84,2025-03-27,2025-04-01
3336,52,2024-04-26,1,Midwest,229.01,2024-04-29,2024-05-01
3337,72,2024-08-28,4,Northeast,230.86,2024-08-31,2024-09-06
3338,75,2024-01-26,4,Midwest,1928.94,2024-01-29,2024-02-04
3339,61,2024-10-24,9,West,1959.15,2024-10-27,2024-10-28
3340,64,2024-06-02,9,South,863.81,2024-06-05,2024-06-07
3341,5,2025-04-12,6,South,1582.21,2025-04-15,2025-04-20
3342,53,2024-02-18,8,West,1318.47,2024-02-21,2024-02-25
3343,55,2024-02-15,10,Northeast,251.5,2024-02-18,2024-02-20
3344,37,2024-10-11,4,West,607.42,2024-10-14,2024-10-13
3345,56,2024-03-22,10,West,641.03,2024-03-25,2024-03-28
3346,59,2024-02-13,8,Midwest,1199.63,2024-02-16,2024-02-15
3347,93,2024-09-29,3,Midwest,1168.35,2024-10-02,2024-10-06
3348,69,2025-01-28,2,Northeast,1848.55,2025-01-31,2025-02-05
3349,73,2024-02-27,6,Northeast,1584.27,2024-03-01,2024-03-01
3350,59,2024-01-01,5,South,1716.56,2024-01-04,2024-01-05
3351,2,2024-08-03,8,Northeast,1784.63,2024-08-06,2024-08-06
3352,65,2024-11-12,1,West,1606.53,2024-11-15,2024-11-20
3353,60,2024-08-15,10,South,679.1,2024-08-18,2024-08-20
3354,51,2025-04-17,3,South,445.73,2025-04-20,2025-04-21
3355,30,2025-04-28,7,Midwest,1152.1,2025-05-01,2025-05-05
3356,11,2024-10-13,10,Midwest,1385.35,2024-10-16,2024-10-17
3357,92,2025-05-25,4,South,785.4,2025-05-28,2025-05-29
3358,76,2025-04-02,10,Midwest,1699.71,2025-04-05,2025-04-04
3359,39,2024-04-04,5,Midwest,1921.92,2024-04-07,2024-04-12
3360,90,2025-05-07,8,Midwest,1147.4,2025-05-10,2025-05-09
3361,77,2024-05-29,1,South,924.05,2024-06-01,2024-06-07
3362,72,2024-01-23,1,South,1688.92,2024-01-26,2024-01-29
3363,63,2024-08-02,7,South,68.05,2024-08-05,2024-08-07
3364,64,2025-02-02,9,West,275.44,2025-02-05,2025-02-07
3365,61,2025-02-13,4,South,1694.4,2025-02-16,2025-02-23
3366,54,2024-05-10,8,Midwest,1469.42,2024-05-13,2024-05-11
3367,92,2024-05-27,10,South,843.95,2024-05-30,2024-05-28
3368,94,2025-01-15,7,West,1779.93,2025-01-18,2025-01-23
3369,73,2024-04-18,2,Midwest,715.89,2024-04-21,2024-04-20
3370,95,2024-04-30,5,Northeast,1275.01,2024-05-03,2024-05-03
3371,58,2024-10-21,9,South,1275.98,2024-10-24,2024-10-25
3372,85,2024-04-29,9,South,384.98,2024-05-02,2024-05-07
3373,56,2025-03-31,3,Northeast,584.01,2025-04-03,2025-04-07
3374,34,2024-06-17,3,Midwest,1833.69,2024-06-20,2024-06-22
3375,31,2024-05-22,2,South,383.16,2024-05-25,2024-05-28
3376,52,2024-02-06,7,West,363.68,2024-02-09,2024-02-12
3377,89,2024-09-17,6,Midwest,969.64,2024-09-20,2024-09-19
3378,76,2024-08-18,5,South,202.55,2024-08-21,2024-08-20
3379,1,2024-09-10,7,Midwest,1791.36,2024-09-13,2024-09-11
3380,55,2024-11-24,4,South,218.3,2024-11-27,2024-12-03
3381,22,2024-10-23,5,Northeast,1240.78,2024-10-26,2024-10-26
3382,40,2024-01-10,9,South,692.77,2024-01-13,2024-01-15
3383,1,2025-03-21,9,Midwest,1612.46,2025-03-24,2025-03-28
3384,65,2024-08-17,4,South,1187.83,2024-08-20,2024-08-19
3385,63,2024-03-18,6,South,788.85,2024-03-21,2024-03-20
3386,54,2025-02-28,2,Midwest,1968.07,2025-03-03,2025-03-02
3387,42,2024-07-11,3,South,151.14,2024-07-14,2024-07-12
3388,21,2025-02-04,9,South,1164.02,2025-02-07,2025-02-09
3389,79,2024-04-18,6,Midwest,1979.35,2024-04-21,2024-04-30
3390,81,2024-09-19,8,Northeast,1388.09,2024-09-22,2024-09-22
3391,22,2024-11-24,5,West,1484.74,2024-11-27,2024-11-27
3392,38,2024-12-28,2,West,83.54,2024-12-31,2025-01-01
3393,99,2025-01-12,7,West,62.3,2025-01-15,2025-01-18
3394,80,2024-12-06,6,West,91.5,2024-12-09,2024-12-14
3395,8,2024-09-15,2,West,1983.61,2024-09-18,2024-09-17
3396,62,2024-11-30,6,West,1959.45,2024-12-03,2024-12-06
3397,47,2024-03-25,8,Midwest,682.33,2024-03-28,2024-03-30
3398,17,2024-11-03,1,Midwest,596.14,2024-11-06,2024-11-09
3399,17,2024-09-18,4,Midwest,309.0,2024-09-21,2024-09-24
3400,90,2025-03-27,1,South,671.7,2025-03-30,2025-03-29
3401,13,2024-09-07,2,Northeast,752.9,2024-09-10,2024-09-10
3402,17,2024-11-19,1,Northeast,1501.6,2024-11-22,2024-11-25
3403,38,2024-08-16,6,West,1735.26,2024-08-19,2024-08-21
3404,81,2024-10-23,6,West,1498.54,2024-10-26,2024-10-30
3405,78,2024-08-24,1,Midwest,1300.02,2024-08-27,2024-08-28
3406,45,2024-08-04,4,Northeast,1536.48,2024-08-07,2024-08-12
3407,6,2024-09-02,4,South,1482.23,2024-09-05,2024-09-03
3408,35,2025-03-23,8,South,961.98,2025-03-26,2025-03-29
3409,14,2024-11-14,6,Midwest,684.99,2024-11-17,2024-11-15
3410,72,2025-03-07,2,West,579.91,2025-03-10,2025-03-15
3411,61,2025-02-07,5,Northeast,1365.12,2025-02-10,2025-02-12
3412,15,2024-02-06,4,South,1919.42,2024-02-09,2024-02-10
3413,54,2024-12-07,10,West,1170.49,2024-12-10,2024-12-10
3414,27,2025-01-23,4,Northeast,1826.8,2025-01-26,2025-01-30
3415,13,2024-02-03,8,South,48.17,2024-02-06,2024-02-10
3416,31,2024-02-08,5,West,1593.05,2024-02-11,2024-02-12
3417,35,2024-07-27,3,South,1710.13,2024-07-30,2024-08-03
3418,60,2024-05-31,10,West,1269.37,2024-06-03,2024-06-06
3419,6,2024-12-30,4,West,1869.44,2025-01-02,2025-01-04
3420,69,2024-07-17,1,West,1188.03,2024-07-20,2024-07-24
3421,86,2024-03-19,6,Northeast,496.26,2024-03-22,2024-03-29
3422,58,2025-04-21,10,Midwest,447.12,2025-04-24,2025-04-27
3423,49,2025-03-09,4,West,1120.56,2025-03-12,2025-03-15
3424,23,2024-02-01,6,West,1814.84,2024-02-04,2024-02-09
3425,89,2024-03-27,2,South,163.29,2024-03-30,2024-03-29
3426,34,2025-01-27,5,South,1216.69,2025-01-30,2025-01-31
3427,26,2024-08-31,9,Northeast,1544.21,2024-09-03,2024-09-04
3428,47,2024-08-19,8,Midwest,248.5,2024-08-22,2024-08-25
3429,5,2024-07-10,3,South,251.2,2024-07-13,2024-07-16
3430,90,2024-09-26,1,Northeast,744.93,2024-09-29,2024-10-06
3431,20,2024-03-17,10,Northeast,562.28,2024-03-20,2024-03-26
3432,6,2024-06-15,3,Northeast,412.66,2024-06-18,2024-06-16
3433,70,2024-10-10,8,West,413.41,2024-10-13,2024-10-16
3434,59,2024-03-29,3,Midwest,278.72,2024-04-01,2024-04-05
3435,64,2024-06-04,5,Midwest,1229.49,2024-06-07,2024-06-09
3436,18,2024-09-06,2,Midwest,1382.49,2024-09-09,2024-09-09
3437,4,2024-04-04,1,West,1411.81,2024-04-07,2024-04-13
3438,17,2024-01-17,10,West,1074.06,2024-01-20,2024-01-23
3439,14,2024-04-26,5,South,1906.75,2024-04-29,2024-04-28
3440,78,2024-11-28,5,South,1763.45,2024-12-01,2024-12-06
3441,13,2024-03-20,6,South,1916.11,2024-03-23,2024-03-26
3442,7,2025-03-07,2,Northeast,789.82,2025-03-10,2025-03-10
3443,44,2024-07-21,9,Midwest,1758.01,2024-07-24,2024-07-24
3444,15,2024-04-25,2,West,1530.49,2024-04-28,2024-04-28
3445,19,2024-08-07,2,South,693.15,2024-08-10,2024-08-16
3446,63,2024-09-09,5,Northeast,231.05,2024-09-12,2024-09-16
3447,35,2024-06-17,9,West,1371.59,2024-06-20,2024-06-25
3448,81,2024-11-11,4,Northeast,290.18,2024-11-14,2024-11-17
3449,35,2025-01-06,6,Northeast,601.68,2025-01-09,2025-01-09
3450,19,2024-06-04,2,Northeast,1010.72,2024-06-07,2024-06-07
3451,20,2024-01-13,4,Midwest,1366.17,2024-01-16,2024-01-21
3452,100,2025-05-22,9,West,1853.93,2025-05-25,2025-05-28
3453,35,2025-04-09,2,West,1194.62,2025-04-12,2025-04-13
3454,32,2024-08-07,1,Northeast,1349.4,2024-08-10,2024-08-12
3455,48,2024-01-15,4,Midwest,633.83,2024-01-18,2024-01-23
3456,44,2024-04-26,4,Northeast,1380.84,2024-04-29,2024-05-03
3457,24,2024-11-26,1,South,886.82,2024-11-29,2024-12-01
3458,61,2024-02-25,4,West,1716.72,2024-02-28,2024-03-01
3459,17,2024-12-16,3,West,797.05,2024-12-19,2024-12-19
3460,71,2024-05-11,2,Midwest,947.18,2024-05-14,2024-05-16
3461,50,2024-08-13,10,West,876.52,2024-08-16,2024-08-17
3462,65,2024-11-03,4,West,1626.02,2024-11-06,2024-11-08
3463,99,2025-04-19,8,West,1908.32,2025-04-22,2025-04-22
3464,32,2024-08-09,7,Midwest,668.01,2024-08-12,2024-08-10
3465,36,2024-06-21,9,Northeast,960.56,2024-06-24,2024-06-29
3466,13,2024-12-05,8,West,1417.73,2024-12-08,2024-12-12
3467,70,2025-05-20,1,Northeast,1792.86,2025-05-23,2025-05-24
3468,58,2024-06-05,2,Midwest,997.53,2024-06-08,2024-06-09
3469,14,2024-05-30,2,Northeast,235.61,2024-06-02,2024-05-31
3470,37,2024-06-26,8,South,749.97,2024-06-29,2024-07-04
3471,79,2024-04-21,4,West,1109.72,2024-04-24,2024-04-30
3472,68,2024-05-17,9,Midwest,846.7,2024-05-20,2024-05-22
3473,40,2024-08-20,2,Midwest,389.38,2024-08-23,2024-08-26
3474,59,2024-11-27,4,Northeast,93.24,2024-11-30,2024-11-29
3475,80,2024-11-02,1,West,1381.07,2024-11-05,2024-11-07
3476,92,2024-06-09,3,Midwest,1985.62,2024-06-12,2024-06-12
3477,16,2025-02-05,6,South,1840.03,2025-02-08,2025-02-08
3478,62,2024-10-04,9,Northeast,1372.88,2024-10-07,2024-10-08
3479,4,2024-11-15,1,South,1686.23,2024-11-18,2024-11-19
3480,45,2025-05-11,5,South,526.34,2025-05-14,2025-05-16
3481,90,2024-12-28,2,Northeast,1252.42,2024-12-31,2025-01-05
3482,28,2025-01-06,7,South,140.0,2025-01-09,2025-01-07
3483,96,2024-02-05,4,Northeast,1420.22,2024-02-08,2024-02-08
3484,66,2024-10-29,5,Northeast,1940.35,2024-11-01,2024-11-05
3485,31,2025-03-13,8,Midwest,1724.38,2025-03-16,2025-03-19
3486,3,2024-02-01,2,Midwest,1078.19,2024-02-04,2024-02-04
3487,8,2024-07-04,3,South,1581.71,2024-07-07,2024-07-15
3488,24,2024-06-22,5,South,1888.92,2024-06-25,2024-07-05
3489,15,2024-09-06,10,South,447.71,2024-09-09,2024-09-11
3490,43,2024-10-05,4,South,1590.65,2024-10-08,2024-10-07
3491,31,2024-01-02,5,South,554.3,2024-01-05,2024-01-06
3492,73,2024-07-12,3,Midwest,1756.36,2024-07-15,2024-07-14
3493,45,2024-06-14,9,South,214.74,2024-06-17,2024-06-20
3494,66,2024-04-19,8,South,372.87,2024-04-22,2024-04-26
3495,8,2025-01-14,6,West,1446.82,2025-01-17,2025-01-22
3496,71,2024-10-11,1,Northeast,366.06,2024-10-14,2024-10-17
3497,57,2025-02-24,4,Northeast,332.95,2025-02-27,2025-03-02
3498,80,2024-04-22,7,Midwest,1119.82,2024-04-25,2024-04-24
3499,99,2024-08-15,10,Northeast,1673.27,2024-08-18,2024-08-16
3500,30,2025-04-15,5,South,551.57,2025-04-18,2025-04-16
3501,74,2025-05-10,4,Northeast,1685.45,2025-05-13,2025-05-15
3502,18,2024-01-31,9,Midwest,1619.75,2024-02-03,2024-02-08
3503,69,2024-06-10,8,Northeast,1166.63,2024-06-13,2024-06-18
3504,93,2025-01-12,3,Northeast,1300.19,2025-01-15,2025-01-20
3505,39,2025-03-21,6,West,100.07,2025-03-24,2025-03-25
3506,60,2025-03-02,4,West,746.93,2025-03-05,2025-03-13
3507,98,2025-05-18,7,South,541.52,2025-05-21,2025-05-20
3508,43,2024-02-03,1,Northeast,317.01,2024-02-06,2024-02-05
3509,45,2025-05-04,1,South,791.53,2025-05-07,2025-05-11
3510,23,2025-02-26,6,Northeast,722.71,2025-03-01,2025-03-07
3511,69,2025-04-12,10,South,1463.21,2025-04-15,2025-04-22
3512,94,2024-01-24,7,South,1204.23,2024-01-27,2024-02-01
3513,6,2024-08-03,9,Northeast,1827.94,2024-08-06,2024-08-10
3514,56,2024-02-24,7,West,307.91,2024-02-27,2024-03-02
3515,4,2024-01-26,9,Midwest,138.3,2024-01-29,2024-01-30
3516,93,2024-10-07,10,South,1078.52,2024-10-10,2024-10-10
3517,23,2024-11-22,9,Midwest,22.03,2024-11-25,2024-11-28
3518,6,2024-07-04,8,Northeast,1579.68,2024-07-07,2024-07-05
3519,32,2025-05-09,7,South,1021.83,2025-05-12,2025-05-13
3520,18,2024-01-12,3,Northeast,986.37,2024-01-15,2024-01-15
3521,15,2025-03-09,3,South,737.74,2025-03-12,2025-03-16
3522,40,2024-07-26,5,West,762.45,2024-07-29,2024-08-01
3523,96,2024-05-12,7,South,873.64,2024-05-15,2024-05-21
3524,73,2024-12-04,10,South,51.74,2024-12-07,2024-12-11
3525,74,2024-07-14,7,South,185.42,2024-07-17,2024-07-17
3526,84,2024-09-18,1,Northeast,1020.0,2024-09-21,2024-09-25
3527,6,2024-10-08,8,West,317.24,2024-10-11,2024-10-09
3528,63,2025-01-03,1,Northeast,1561.95,2025-01-06,2025-01-10
3529,67,2024-04-12,4,Midwest,563.48,2024-04-15,2024-04-15
3530,11,2024-07-01,2,West,213.84,2024-07-04,2024-07-04
3531,43,2025-02-26,5,South,485.72,2025-03-01,2025-03-07
3532,17,2024-01-09,6,South,727.05,2024-01-12,2024-01-15
3533,96,2024-08-31,4,South,89.93,2024-09-03,2024-09-04
3534,4,2025-01-27,4,Midwest,300.52,2025-01-30,2025-02-04
3535,63,2024-02-06,7,Midwest,661.22,2024-02-09,2024-02-15
3536,68,2024-06-26,4,South,634.75,2024-06-29,2024-06-28
3537,81,2024-03-12,2,South,1604.77,2024-03-15,2024-03-15
3538,41,2024-12-17,4,Midwest,1689.65,2024-12-20,2024-12-24
3539,83,2024-05-28,7,Northeast,402.97,2024-05-31,2024-06-03
3540,5,2024-04-14,1,West,265.4,2024-04-17,2024-04-15
3541,32,2024-08-08,4,West,1275.64,2024-08-11,2024-08-18
3542,86,2025-01-08,6,Midwest,1613.15,2025-01-11,2025-01-12
3543,70,2025-06-01,8,Midwest,1928.17,2025-06-04,2025-06-03
3544,35,2024-09-16,8,Northeast,33.46,2024-09-19,2024-09-21
3545,22,2024-10-25,9,South,839.08,2024-10-28,2024-11-02
3546,65,2024-02-11,5,Midwest,1473.3,2024-02-14,2024-02-19
3547,84,2025-05-06,2,Northeast,1660.55,2025-05-09,2025-05-11
3548,22,2025-03-14,3,Midwest,143.33,2025-03-17,2025-03-27
3549,11,2024-02-16,2,South,1367.62,2024-02-19,2024-02-29
3550,77,2024-03-25,9,Midwest,592.1,2024-03-28,2024-03-31
3551,3,2024-02-27,6,South,167.7,2024-03-01,2024-03-03
3552,9,2024-07-27,1,Northeast,988.42,2024-07-30,2024-07-31
3553,60,2024-09-04,3,West,333.14,2024-09-07,2024-09-09
3554,76,2024-07-29,7,Northeast,1479.27,2024-08-01,2024-08-07
3555,87,2024-02-08,7,West,1487.7,2024-02-11,2024-02-14
3556,14,2024-09-08,5,Northeast,1687.29,2024-09-11,2024-09-16
3557,97,2025-02-16,3,West,767.59,2025-02-19,2025-02-23
3558,18,2025-03-21,7,Northeast,46.35,2025-03-24,2025-03-28
3559,73,2024-02-21,5,South,534.28,2024-02-24,2024-02-29
3560,23,2025-01-08,6,West,946.27,2025-01-11,2025-01-15
3561,74,2024-06-04,3,West,1394.14,2024-06-07,2024-06-10
3562,83,2024-03-30,6,South,776.44,2024-04-02,2024-04-10
3563,47,2024-12-16,7,South,1081.38,2024-12-19,2024-12-17
3564,69,2024-03-09,8,West,1058.04,2024-03-12,2024-03-15
3565,47,2024-06-11,2,West,346.67,2024-06-14,2024-06-14
3566,87,2024-08-29,2,West,1253.64,2024-09-01,2024-09-06
3567,30,2025-05-09,6,Midwest,889.72,2025-05-12,2025-05-10
3568,25,2025-01-17,8,Northeast,1619.68,2025-01-20,2025-01-23
3569,28,2024-02-21,5,South,1387.41,2024-02-24,2024-02-27
3570,98,2024-03-03,1,South,240.71,2024-03-06,2024-03-12
3571,25,2025-05-23,1,Northeast,987.74,2025-05-26,2025-05-27
3572,74,2024-10-18,10,South,1410.94,2024-10-21,2024-10-31
3573,78,2024-03-31,9,South,192.28,2024-04-03,2024-04-03
3574,58,2025-02-27,4,West,1589.14,2025-03-02,2025-03-01
3575,94,2024-12-30,10,South,459.57,2025-01-02,2025-01-06
3576,41,2024-05-29,1,Midwest,1016.11,2024-06-01,2024-06-03
3577,25,2024-09-27,8,Midwest,1882.31,2024-09-30,2024-10-08
3578,78,2024-04-25,2,West,1151.24,2024-04-28,2024-04-26
3579,99,2025-05-30,2,West,859.63,2025-06-02,2025-06-04
3580,48,2024-08-28,1,South,33.45,2024-08-31,2024-09-04
3581,98,2024-01-30,1,West,284.16,2024-02-02,2024-02-02
3582,10,2024-05-22,9,West,1165.75,2024-05-25,2024-05-23
3583,99,2024-11-21,1,Northeast,997.77,2024-11-24,2024-11-30
3584,75,2024-01-16,6,West,740.38,2024-01-19,2024-01-18
3585,11,2024-04-20,7,Midwest,1847.97,2024-04-23,2024-04-28
3586,85,2024-04-16,4,South,678.32,2024-04-19,2024-04-18
3587,21,2025-01-13,5,West,1083.56,2025-01-16,2025-01-17
3588,86,2024-06-10,4,Northeast,1146.05,2024-06-13,2024-06-17
3589,45,2024-10-09,4,South,1064.39,2024-10-12,2024-10-15
3590,7,2024-09-25,10,South,965.62,2024-09-28,2024-09-27
3591,81,2025-04-28,1,South,687.39,2025-05-01,2025-05-05
3592,64,2024-03-13,6,Northeast,1819.35,2024-03-16,2024-03-14
3593,64,2024-07-15,10,Midwest,912.59,2024-07-18,2024-07-16
3594,2,2024-08-30,10,Northeast,1066.33,2024-09-02,2024-09-09
3595,76,2024-09-15,7,Northeast,1319.83,2024-09-18,2024-09-19
3596,42,2024-05-28,7,South,153.96,2024-05-31,2024-06-04
3597,82,2025-01-24,8,Northeast,1566.95,2025-01-27,2025-01-31
3598,54,2025-02-19,7,South,1034.76,2025-02-22,2025-02-23
3599,75,2025-03-01,6,West,1321.21,2025-03-04,2025-03-06
3600,16,2024-08-04,8,West,1548.58,2024-08-07,2024-08-05
3601,18,2024-03-26,3,Northeast,1750.72,2024-03-29,2024-03-31
3602,99,2024-08-03,9,Midwest,796.6,2024-08-06,2024-08-07
3603,59,2025-02-26,3,South,1626.63,2025-03-01,2025-03-09
3604,90,2024-11-15,4,Northeast,532.5,2024-11-18,2024-11-18
3605,16,2024-04-27,10,Northeast,1327.46,2024-04-30,2024-05-04
3606,6,2025-02-18,6,Midwest,223.36,2025-02-21,2025-02-22
3607,57,2024-02-09,8,South,59.66,2024-02-12,2024-02-16
3608,47,2024-06-09,3,Northeast,209.61,2024-06-12,2024-06-10
3609,48,2025-02-23,10,Midwest,652.38,2025-02-26,2025-02-28
3610,42,2024-04-04,6,South,81.57,2024-04-07,2024-04-11
3611,76,2025-03-17,5,West,1268.37,2025-03-20,2025-03-23
3612,60,2025-04-10,5,Midwest,646.76,2025-04-13,2025-04-16
3613,77,2024-10-14,5,Northeast,1478.02,2024-10-17,2024-10-17
3614,4,2025-02-15,9,West,110.91,2025-02-18,2025-02-19
3615,2,2025-02-03,7,South,449.07,2025-02-06,2025-02-08
3616,90,2024-01-18,9,Midwest,827.85,2024-01-21,2024-01-25
3617,59,2024-05-15,9,West,777.65,2024-05-18,2024-05-24
3618,27,2025-04-08,6,West,279.38,2025-04-11,2025-04-09
3619,27,2024-09-04,6,Northeast,1988.39,2024-09-07,2024-09-08
3620,79,2024-01-01,4,West,583.19,2024-01-04,2024-01-04
3621,72,2025-01-15,8,Northeast,1447.64,2025-01-18,2025-01-18
3622,7,2025-05-23,2,South,455.65,2025-05-26,2025-05-29
3623,63,2025-04-04,5,Northeast,1758.15,2025-04-07,2025-04-09
3624,46,2025-05-19,1,Midwest,787.76,2025-05-22,2025-05-21
3625,63,2025-04-20,10,West,1803.79,2025-04-23,2025-04-21
3626,12,2024-02-01,2,South,696.83,2024-02-04,2024-02-07
3627,13,2024-04-27,1,Northeast,37.11,2024-04-30,2024-04-29
3628,43,2024-07-02,6,Northeast,1043.7,2024-07-05,2024-07-05
3629,17,2024-07-09,2,Northeast,1059.08,2024-07-12,2024-07-17
3630,63,2024-03-14,4,South,257.27,2024-03-17,2024-03-20
3631,81,2024-04-12,5,South,485.23,2024-04-15,2024-04-22
3632,36,2025-02-23,7,Midwest,1571.32,2025-02-26,2025-02-28
3633,85,2025-04-17,10,South,92.78,2025-04-20,2025-04-29
3634,8,2024-04-23,1,Northeast,989.26,2024-04-26,2024-04-27
3635,69,2025-01-13,5,South,1070.21,2025-01-16,2025-01-22
3636,90,2024-11-08,4,Northeast,1383.65,2024-11-11,2024-11-10
3637,80,2024-11-25,7,Midwest,94.16,2024-11-28,2024-11-28
3638,36,2024-12-04,10,Midwest,1179.58,2024-12-07,2024-12-14
3639,28,2024-08-25,7,Northeast,26.13,2024-08-28,2024-08-28
3640,93,2024-06-21,8,South,545.05,2024-06-24,2024-06-25
3641,47,2024-03-19,4,South,1009.37,2024-03-22,2024-03-22
3642,76,2025-04-08,4,West,1824.34,2025-04-11,2025-04-16
3643,30,2025-05-15,10,Midwest,270.65,2025-05-18,2025-05-16
3644,23,2024-10-11,5,Midwest,355.19,2024-10-14,2024-10-20
3645,16,2024-08-10,5,Northeast,1345.12,2024-08-13,2024-08-16
3646,14,2024-09-22,3,West,762.23,2024-09-25,2024-09-28
3647,74,2025-01-07,5,South,1254.37,2025-01-10,2025-01-12
3648,71,2024-08-20,5,Northeast,1994.96,2024-08-23,2024-08-29
3649,52,2024-08-23,8,South,1974.01,2024-08-26,2024-08-27
3650,37,2024-11-09,7,South,720.35,2024-11-12,2024-11-12
3651,29,2025-01-14,8,South,1017.77,2025-01-17,2025-01-21
3652,67,2025-02-23,5,West,1811.29,2025-02-26,2025-02-28
3653,15,2024-02-21,2,Midwest,202.49,2024-02-24,2024-03-03
3654,100,2025-05-23,8,Midwest,915.56,2025-05-26,2025-05-31
3655,47,2024-07-23,9,South,767.6,2024-07-26,2024-07-29
3656,46,2024-09-13,2,West,603.87,2024-09-16,2024-09-22
3657,52,2024-07-03,1,South,1988.52,2024-07-06,2024-07-04
3658,19,2024-05-24,6,South,1472.43,2024-05-27,2024-05-31
3659,77,2024-01-14,3,Northeast,789.72,2024-01-17,2024-01-19
3660,21,2024-09-02,1,West,1661.46,2024-09-05,2024-09-06
3661,64,2024-07-05,6,West,989.54,2024-07-08,2024-07-09
3662,37,2024-12-02,8,Midwest,1748.19,2024-12-05,2024-12-10
3663,27,2024-09-15,9,Midwest,547.43,2024-09-18,2024-09-16
3664,55,2024-02-09,6,South,462.73,2024-02-12,2024-02-15
3665,29,2025-02-21,6,Northeast,509.63,2025-02-24,2025-02-22
3666,20,2024-12-16,1,Northeast,1086.19,2024-12-19,2024-12-20
3667,25,2024-01-09,5,Northeast,596.8,2024-01-12,2024-01-14
3668,70,2024-12-15,3,South,311.3,2024-12-18,2024-12-25
3669,63,2024-03-24,7,Midwest,1989.36,2024-03-27,2024-03-27
3670,36,2024-12-23,9,West,1802.86,2024-12-26,2024-12-28
3671,2,2025-01-12,6,South,1277.32,2025-01-15,2025-01-13
3672,22,2024-06-20,5,Northeast,1785.25,2024-06-23,2024-06-27
3673,96,2024-01-25,7,Northeast,1872.22,2024-01-28,2024-01-26
3674,16,2025-01-27,9,South,1358.69,2025-01-30,2025-01-28
3675,18,2024-04-12,5,Northeast,1046.99,2024-04-15,2024-04-13
3676,69,2024-08-23,5,West,1766.36,2024-08-26,2024-08-27
3677,54,2025-02-13,10,South,1144.24,2025-02-16,2025-02-17
3678,100,2024-11-27,4,West,271.07,2024-11-30,2024-12-05
3679,30,2024-01-29,5,Midwest,746.37,2024-02-01,2024-02-08
3680,45,2024-01-19,7,Northeast,902.92,2024-01-22,2024-01-28
3681,19,2024-05-27,3,Northeast,1872.03,2024-05-30,2024-06-04
3682,87,2025-04-15,4,Midwest,1325.19,2025-04-18,2025-04-26
3683,34,2025-05-05,9,Midwest,1753.05,2025-05-08,2025-05-11
3684,13,2024-10-09,2,Midwest,1520.03,2024-10-12,2024-10-15
3685,43,2024-04-22,8,Northeast,633.52,2024-04-25,2024-05-02
3686,62,2025-03-30,9,Midwest,1443.04,2025-04-02,2025-04-01
3687,93,2024-11-25,5,South,406.69,2024-11-28,2024-12-03
3688,100,2024-09-11,7,Midwest,828.13,2024-09-14,2024-09-16
3689,22,2025-02-02,6,South,1616.06,2025-02-05,2025-02-11
3690,52,2025-05-22,1,South,1231.62,2025-05-25,2025-05-31
3691,52,2025-04-10,8,West,1654.32,2025-04-13,2025-04-15
3692,36,2025-02-10,9,South,524.31,2025-02-13,2025-02-11
3693,73,2024-04-07,10,South,1504.5,2024-04-10,2024-04-16
3694,19,2024-10-16,1,Midwest,420.6,2024-10-19,2024-10-20
3695,38,2024-06-04,8,Northeast,1099.7,2024-06-07,2024-06-09
3696,70,2024-06-10,3,Midwest,878.4,2024-06-13,2024-06-12
3697,79,2024-04-06,6,West,1121.82,2024-04-09,2024-04-10
3698,57,2025-01-11,10,West,288.36,2025-01-14,2025-01-19
3699,20,2025-03-25,8,Northeast,735.23,2025-03-28,2025-03-31
3700,9,2024-04-26,5,South,1340.47,2024-04-29,2024-04-29
3701,32,2025-05-20,8,West,1125.89,2025-05-23,2025-05-21
3702,4,2024-07-07,7,Northeast,1106.96,2024-07-10,2024-07-14
3703,50,2025-04-20,7,Midwest,1031.44,2025-04-23,2025-04-24
3704,82,2024-11-18,7,Midwest,1888.89,2024-11-21,2024-11-24
3705,5,2024-06-28,9,Midwest,1870.45,2024-07-01,2024-07-03
3706,20,2024-06-29,6,South,733.09,2024-07-02,2024-07-03
3707,87,2024-10-13,6,South,716.75,2024-10-16,2024-10-20
3708,75,2025-04-19,9,Northeast,1118.7,2025-04-22,2025-04-21
3709,37,2024-09-18,6,West,209.3,2024-09-21,2024-09-23
3710,22,2024-06-10,7,Midwest,619.95,2024-06-13,2024-06-16
3711,58,2025-05-01,7,South,477.12,2025-05-04,2025-05-10
3712,68,2024-06-29,2,South,462.31,2024-07-02,2024-07-04
3713,93,2025-04-13,8,West,1284.24,2025-04-16,2025-04-14
3714,44,2024-01-21,6,Midwest,781.01,2024-01-24,2024-01-28
3715,34,2024-10-01,4,Midwest,358.91,2024-10-04,2024-10-03
3716,77,2024-09-16,7,West,1777.39,2024-09-19,2024-09-19
3717,42,2024-11-28,8,Northeast,1750.81,2024-12-01,2024-12-02
3718,9,2025-04-10,1,Northeast,1727.68,2025-04-13,2025-04-14
3719,95,2024-04-25,10,West,793.67,2024-04-28,2024-05-04
3720,7,2025-02-16,4,West,132.83,2025-02-19,2025-02-23
3721,68,2024-09-13,4,Northeast,231.35,2024-09-16,2024-09-15
3722,19,2024-06-16,10,West,566.58,2024-06-19,2024-06-26
3723,94,2024-01-15,9,Midwest,455.54,2024-01-18,2024-01-23
3724,31,2024-02-19,6,Northeast,1750.49,2024-02-22,2024-02-25
3725,35,2024-10-30,4,Northeast,1972.99,2024-11-02,2024-10-31
3726,57,2025-05-01,1,Northeast,1637.01,2025-05-04,2025-05-03
3727,85,2025-02-19,8,Midwest,1465.1,2025-02-22,2025-02-24
3728,61,2024-10-31,9,West,1185.48,2024-11-03,2024-11-10
3729,31,2024-07-14,5,South,1544.42,2024-07-17,2024-07-23
3730,83,2025-01-22,5,South,1895.13,2025-01-25,2025-01-24
3731,95,2025-03-30,10,Midwest,1210.66,2025-04-02,2025-03-31
3732,53,2024-11-05,8,Midwest,326.13,2024-11-08,2024-11-09
3733,32,2024-05-06,8,West,344.44,2024-05-09,2024-05-11
3734,66,2024-06-23,5,South,1176.05,2024-06-26,2024-06-24
3735,59,2024-05-13,4,Northeast,680.27,2024-05-16,2024-05-15
3736,10,2024-03-06,6,Midwest,1822.29,2024-03-09,2024-03-17
3737,2,2025-01-27,10,South,1231.05,2025-01-30,2025-01-31
3738,66,2024-12-30,5,Northeast,1359.46,2025-01-02,2025-01-03
3739,60,2024-10-05,8,Northeast,31.53,2024-10-08,2024-10-18
3740,88,2024-12-28,9,West,1007.72,2024-12-31,2025-01-01
3741,17,2024-06-19,1,Midwest,873.71,2024-06-22,2024-06-21
3742,96,2024-02-20,9,Northeast,1417.63,2024-02-23,2024-02-23
3743,16,2024-11-23,9,Midwest,777.62,2024-11-26,2024-11-29
3744,16,2024-05-24,6,South,1953.62,2024-05-27,2024-05-28
3745,46,2024-09-30,10,South,1347.0,2024-10-03,2024-10-05
3746,39,2024-06-03,5,Midwest,1326.64,2024-06-06,2024-06-08
3747,31,2025-05-22,7,Northeast,1840.3,2025-05-25,2025-06-04
3748,88,2024-12-28,8,Northeast,1990.51,2024-12-31,2025-01-04
3749,1,2024-11-20,9,South,411.68,2024-11-23,2024-11-22
3750,11,2024-10-24,9,Northeast,1624.86,2024-10-27,2024-10-28
3751,85,2025-05-08,10,Northeast,341.39,2025-05-11,2025-05-15
3752,4,2024-10-30,3,South,924.95,2024-11-02,2024-11-07
3753,71,2025-04-11,8,West,218.37,2025-04-14,2025-04-12
3754,26,2024-08-26,1,South,1254.27,2024-08-29,2024-08-27
3755,50,2025-05-31,7,Midwest,947.67,2025-06-03,2025-06-06
3756,12,2024-06-24,5,West,1264.82,2024-06-27,2024-06-27
3757,95,2025-02-13,2,Midwest,1362.36,2025-02-16,2025-02-16
3758,81,2024-12-29,2,West,1246.48,2025-01-01,2025-01-04
3759,97,2024-01-23,8,West,602.18,2024-01-26,2024-01-30
3760,75,2024-11-13,5,South,1677.18,2024-11-16,2024-11-17
3761,92,2024-10-02,3,South,1112.34,2024-10-05,2024-10-03
3762,96,2024-08-16,1,Midwest,989.91,2024-08-19,2024-08-19
3763,65,2024-04-17,7,South,1974.39,2024-04-20,2024-04-19
3764,47,2024-06-24,3,West,581.35,2024-06-27,2024-07-01
3765,92,2024-11-15,7,South,1065.5,2024-11-18,2024-11-26
3766,53,2024-10-12,2,Midwest,1371.0,2024-10-15,2024-10-18
3767,71,2024-11-24,4,West,267.95,2024-11-27,2024-11-30
3768,2,2024-12-21,2,Midwest,721.39,2024-12-24,2024-12-28
3769,24,2024-01-14,4,Northeast,1607.34,2024-01-17,2024-01-23
3770,4,2024-10-01,5,South,488.78,2024-10-04,2024-10-04
3771,19,2024-03-11,8,West,996.71,2024-03-14,2024-03-16
3772,26,2024-07-13,2,Midwest,1268.65,2024-07-16,2024-07-21
3773,75,2024-04-15,10,South,1348.9,2024-04-18,2024-04-17
3774,40,2024-07-14,3,South,1462.05,2024-07-17,2024-07-15
3775,50,2024-05-24,10,Midwest,1734.64,2024-05-27,2024-05-28
3776,43,2024-12-15,5,West,797.86,2024-12-18,2024-12-24
3777,75,2025-02-27,9,Midwest,1419.13,2025-03-02,2025-03-04
3778,67,2025-04-15,10,South,1469.71,2025-04-18,2025-04-19
3779,12,2024-08-03,5,Midwest,614.54,2024-08-06,2024-08-11
3780,67,2024-04-02,9,Northeast,1936.95,2024-04-05,2024-04-09
3781,27,2024-09-16,4,South,1733.13,2024-09-19,2024-09-19
3782,54,2024-10-11,10,West,593.93,2024-10-14,2024-10-15
3783,66,2025-04-28,5,Northeast,1356.64,2025-05-01,2025-04-30
3784,49,2025-01-06,9,Midwest,1441.25,2025-01-09,2025-01-11
3785,16,2024-03-10,4,West,874.34,2024-03-13,2024-03-17
3786,2,2025-01-13,5,Northeast,1730.21,2025-01-16,2025-01-14
3787,60,2024-10-05,5,Midwest,1386.65,2024-10-08,2024-10-07
3788,54,2024-10-28,4,Northeast,1323.15,2024-10-31,2024-11-07
3789,30,2024-09-11,4,South,457.26,2024-09-14,2024-09-15
3790,84,2024-09-20,5,West,827.53,2024-09-23,2024-09-30
3791,38,2025-02-27,6,Northeast,879.17,2025-03-02,2025-02-28
3792,28,2024-07-31,7,South,1472.65,2024-08-03,2024-08-03
3793,25,2024-04-09,6,Midwest,1244.42,2024-04-12,2024-04-15
3794,96,2024-04-21,1,South,190.0,2024-04-24,2024-04-25
3795,10,2024-11-03,2,Midwest,629.24,2024-11-06,2024-11-12
3796,60,2025-04-19,7,West,956.63,2025-04-22,2025-04-24
3797,42,2024-04-21,3,South,1478.73,2024-04-24,2024-04-28
3798,40,2024-03-27,10,South,1492.27,2024-03-30,2024-03-29
3799,97,2024-07-01,2,Midwest,991.28,2024-07-04,2024-07-07
3800,77,2024-06-13,6,Northeast,251.53,2024-06-16,2024-06-17
3801,42,2024-03-30,4,Midwest,599.95,2024-04-02,2024-04-01
3802,47,2025-03-30,5,Northeast,524.29,2025-04-02,2025-04-05
3803,37,2024-08-25,6,Midwest,1566.43,2024-08-28,2024-09-03
3804,80,2024-02-27,3,West,376.37,2024-03-01,2024-03-01
3805,22,2025-02-05,1,Northeast,940.54,2025-02-08,2025-02-11
3806,57,2024-07-15,3,South,1348.02,2024-07-18,2024-07-19
3807,84,2024-02-15,3,Northeast,1930.28,2024-02-18,2024-02-20
3808,27,2025-01-31,6,Midwest,1998.5,2025-02-03,2025-02-08
3809,41,2024-03-14,4,Midwest,1906.79,2024-03-17,2024-03-23
3810,80,2025-02-19,7,Northeast,1442.12,2025-02-22,2025-02-28
3811,34,2024-11-30,2,South,1497.95,2024-12-03,2024-12-03
3812,32,2024-10-22,4,West,1523.24,2024-10-25,2024-10-23
3813,90,2024-03-24,8,South,1727.96,2024-03-27,2024-03-25
3814,89,2024-01-15,6,Northeast,1904.54,2024-01-18,2024-01-22
3815,66,2024-05-13,10,Midwest,902.5,2024-05-16,2024-05-16
3816,12,2025-04-22,3,South,844.69,2025-04-25,2025-04-30
3817,40,2024-11-14,10,Midwest,931.72,2024-11-17,2024-11-16
3818,73,2025-01-26,2,Midwest,1326.44,2025-01-29,2025-02-01
3819,76,2025-04-23,3,South,1555.38,2025-04-26,2025-04-24
3820,90,2025-01-02,1,Northeast,1743.68,2025-01-05,2025-01-09
3821,73,2025-01-01,1,South,923.3,2025-01-04,2025-01-07
3822,10,2024-10-14,2,West,739.48,2024-10-17,2024-10-16
3823,96,2025-01-12,3,Midwest,1967.04,2025-01-15,2025-01-18
3824,98,2025-04-07,9,Midwest,479.14,2025-04-10,2025-04-18
3825,48,2024-01-13,8,Northeast,459.57,2024-01-16,2024-01-20
3826,20,2024-06-16,9,Midwest,1436.51,2024-06-19,2024-06-29
3827,39,2024-09-26,7,Midwest,375.72,2024-09-29,2024-10-01
3828,60,2024-03-10,7,Midwest,810.83,2024-03-13,2024-03-17
3829,66,2024-11-13,5,South,598.93,2024-11-16,2024-11-17
3830,65,2025-01-10,7,Midwest,354.05,2025-01-13,2025-01-16
3831,51,2024-03-29,4,South,1167.82,2024-04-01,2024-03-31
3832,36,2024-09-13,5,Northeast,759.55,2024-09-16,2024-09-21
3833,24,2024-08-04,1,West,935.22,2024-08-07,2024-08-07
3834,27,2025-03-25,4,Midwest,407.81,2025-03-28,2025-04-04
3835,2,2024-05-20,3,West,1540.38,2024-05-23,2024-05-21
3836,31,2024-06-09,2,South,643.13,2024-06-12,2024-06-13
3837,57,2024-02-01,2,Northeast,698.58,2024-02-04,2024-02-05
3838,78,2024-05-31,8,Northeast,519.26,2024-06-03,2024-06-02
3839,66,2024-09-16,1,South,880.12,2024-09-19,2024-09-22
3840,29,2024-10-05,8,West,937.88,2024-10-08,2024-10-08
3841,15,2024-10-11,9,Midwest,1068.74,2024-10-14,2024-10-20
3842,12,2024-05-27,6,South,1935.79,2024-05-30,2024-05-30
3843,28,2024-03-07,1,South,1811.29,2024-03-10,2024-03-13
3844,84,2024-10-05,10,South,1226.6,2024-10-08,2024-10-10
3845,24,2025-03-18,7,South,97.03,2025-03-21,2025-03-22
3846,21,2025-02-02,5,South,1232.28,2025-02-05,2025-02-07
3847,10,2024-05-07,9,Northeast,197.54,2024-05-10,2024-05-14
3848,78,2024-12-02,7,South,1426.48,2024-12-05,2024-12-03
3849,18,2025-04-26,5,Northeast,792.35,2025-04-29,2025-05-01
3850,88,2024-07-04,2,West,1678.64,2024-07-07,2024-07-07
3851,14,2024-06-17,4,Midwest,1886.21,2024-06-20,2024-06-20
3852,34,2024-09-16,2,Northeast,845.88,2024-09-19,2024-09-22
3853,58,2025-05-21,9,Midwest,931.9,2025-05-24,2025-05-29
3854,76,2025-04-15,2,Midwest,1188.49,2025-04-18,2025-04-25
3855,22,2024-06-09,2,Midwest,410.32,2024-06-12,2024-06-12
3856,70,2024-10-15,2,Northeast,1856.12,2024-10-18,2024-10-16
3857,36,2024-12-05,1,Northeast,877.34,2024-12-08,2024-12-10
3858,45,2025-05-16,9,Northeast,350.3,2025-05-19,2025-05-17
3859,36,2024-04-15,8,West,1530.21,2024-04-18,2024-04-21
3860,22,2025-04-19,2,Northeast,453.92,2025-04-22,2025-04-21
3861,78,2025-04-07,2,West,304.19,2025-04-10,2025-04-13
3862,80,2025-04-27,5,Northeast,1134.49,2025-04-30,2025-04-29
3863,61,2024-06-01,4,Northeast,1349.56,2024-06-04,2024-06-03
3864,100,2024-05-28,2,Midwest,1147.73,2024-05-31,2024-05-30
3865,56,2024-07-06,8,South,1319.89,2024-07-09,2024-07-12
3866,89,2024-05-10,8,Midwest,248.74,2024-05-13,2024-05-11
3867,96,2025-03-27,4,Northeast,962.52,2025-03-30,2025-04-03
3868,33,2025-05-30,4,South,726.9,2025-06-02,2025-06-09
3869,45,2025-05-05,9,South,1947.27,2025-05-08,2025-05-15
3870,36,2025-04-20,4,West,118.26,2025-04-23,2025-04-21
3871,20,2024-09-19,10,South,610.62,2024-09-22,2024-09-20
3872,18,2025-04-03,9,West,1884.89,2025-04-06,2025-04-09
3873,38,2024-10-21,3,Midwest,1967.32,2024-10-24,2024-10-23
3874,67,2025-03-10,2,West,1653.31,2025-03-13,2025-03-17
3875,23,2024-10-01,8,Northeast,170.48,2024-10-04,2024-10-02
3876,96,2024-11-03,3,South,1131.48,2024-11-06,2024-11-08
3877,16,2025-01-10,2,Northeast,812.24,2025-01-13,2025-01-18
3878,59,2024-06-06,8,South,1616.78,2024-06-09,2024-06-07
3879,69,2024-07-22,8,South,128.95,2024-07-25,2024-07-27
3880,68,2024-03-15,5,Midwest,410.31,2024-03-18,2024-03-20
3881,21,2025-01-14,9,West,988.61,2025-01-17,2025-01-21
3882,78,2024-10-30,6,Midwest,332.14,2024-11-02,2024-11-02
3883,95,2024-03-02,5,West,1391.58,2024-03-05,2024-03-03
3884,78,2024-04-17,3,Midwest,1645.12,2024-04-20,2024-04-18
3885,70,2024-07-05,7,Midwest,1414.95,2024-07-08,2024-07-14
3886,12,2024-08-16,9,South,891.76,2024-08-19,2024-08-24
3887,16,2024-02-17,4,Midwest,1759.21,2024-02-20,2024-02-22
3888,81,2024-09-24,7,Midwest,292.62,2024-09-27,2024-09-29
3889,87,2024-09-10,3,West,535.47,2024-09-13,2024-09-16
3890,14,2024-03-27,2,Midwest,989.29,2024-03-30,2024-04-04
3891,61,2024-06-29,1,South,141.45,2024-07-02,2024-06-30
3892,71,2024-01-25,6,Midwest,209.46,2024-01-28,2024-01-26
3893,46,2025-01-22,5,Northeast,806.94,2025-01-25,2025-01-23
3894,32,2024-08-09,2,Northeast,1888.89,2024-08-12,2024-08-13
3895,15,2025-01-31,3,West,1818.66,2025-02-03,2025-02-06
3896,44,2025-05-25,9,West,942.63,2025-05-28,2025-06-02
3897,17,2025-03-15,3,Northeast,301.47,2025-03-18,2025-03-16
3898,41,2024-06-23,7,Midwest,372.65,2024-06-26,2024-06-24
3899,54,2024-11-06,1,Midwest,767.54,2024-11-09,2024-11-11
3900,44,2024-09-30,7,West,435.95,2024-10-03,2024-10-06
3901,98,2024-02-04,9,South,184.29,2024-02-07,2024-02-08
3902,5,2024-08-04,8,Midwest,1354.08,2024-08-07,2024-08-06
3903,27,2025-02-11,7,Northeast,1171.27,2025-02-14,2025-02-14
3904,87,2024-09-25,10,South,596.77,2024-09-28,2024-09-30
3905,78,2025-04-19,8,South,1562.32,2025-04-22,2025-04-20
3906,79,2024-11-20,4,Midwest,1556.38,2024-11-23,2024-11-22
3907,43,2024-12-21,2,South,992.18,2024-12-24,2024-12-22
3908,97,2024-03-30,9,West,211.13,2024-04-02,2024-04-06
3909,31,2024-02-11,3,South,1838.57,2024-02-14,2024-02-13
3910,99,2024-12-30,4,West,1343.95,2025-01-02,2024-12-31
3911,17,2024-07-20,7,Midwest,509.16,2024-07-23,2024-07-23
3912,92,2024-12-31,2,South,1228.7,2025-01-03,2025-01-07
3913,83,2024-10-14,8,Northeast,821.94,2024-10-17,2024-10-19
3914,54,2025-04-25,10,Northeast,1277.99,2025-04-28,2025-05-03
3915,62,2025-05-15,8,West,958.26,2025-05-18,2025-05-23
3916,87,2024-02-21,5,West,981.23,2024-02-24,2024-02-24
3917,32,2024-04-12,9,Midwest,1477.05,2024-04-15,2024-04-17
3918,40,2024-12-26,8,South,1235.18,2024-12-29,2025-01-03
3919,13,2025-02-27,1,West,178.31,2025-03-02,2025-03-03
3920,84,2024-07-23,9,West,149.44,2024-07-26,2024-07-29
3921,35,2024-01-14,5,Midwest,623.92,2024-01-17,2024-01-16
3922,5,2025-04-14,9,South,871.89,2025-04-17,2025-04-18
3923,73,2025-04-10,9,South,564.94,2025-04-13,2025-04-14
3924,29,2024-10-30,10,West,1309.89,2024-11-02,2024-11-06
3925,70,2025-03-02,10,South,406.31,2025-03-05,2025-03-06
3926,25,2024-04-19,3,South,1414.2,2024-04-22,2024-04-25
3927,95,2025-05-29,8,South,1550.84,2025-06-01,2025-06-04
3928,22,2024-03-08,7,Northeast,266.15,2024-03-11,2024-03-11
3929,66,2024-09-02,7,South,1308.6,2024-09-05,2024-09-06
3930,45,2025-01-23,10,Northeast,1923.64,2025-01-26,2025-01-29
3931,69,2024-11-03,2,South,401.79,2024-11-06,2024-11-14
3932,91,2024-12-17,2,South,1820.42,2024-12-20,2024-12-18
3933,89,2024-03-06,2,South,1219.97,2024-03-09,2024-03-13
3934,72,2025-04-04,2,West,1190.07,2025-04-07,2025-04-13
3935,1,2024-12-12,4,West,122.81,2024-12-15,2024-12-17
3936,84,2024-11-20,7,Northeast,1501.63,2024-11-23,2024-11-22
3937,44,2024-02-02,2,South,966.98,2024-02-05,2024-02-07
3938,87,2024-03-08,5,Northeast,1447.93,2024-03-11,2024-03-10
3939,96,2024-07-05,7,South,1622.18,2024-07-08,2024-07-08
3940,75,2024-07-10,9,Midwest,1057.12,2024-07-13,2024-07-16
3941,39,2024-07-31,8,Northeast,542.02,2024-08-03,2024-08-05
3942,54,2025-03-03,9,West,300.31,2025-03-06,2025-03-09
3943,88,2024-12-16,7,Midwest,337.8,2024-12-19,2024-12-17
3944,75,2024-04-17,3,West,1736.53,2024-04-20,2024-04-20
3945,29,2024-08-27,1,Midwest,264.68,2024-08-30,2024-09-03
3946,54,2024-08-03,10,Midwest,781.69,2024-08-06,2024-08-04
3947,90,2024-06-25,7,Midwest,681.86,2024-06-28,2024-06-26
3948,16,2024-11-25,6,Northeast,1733.6,2024-11-28,2024-11-29
3949,99,2025-03-25,2,Northeast,965.83,2025-03-28,2025-03-28
3950,20,2025-03-22,1,West,1992.96,2025-03-25,2025-03-29
3951,46,2024-06-27,10,Northeast,1479.37,2024-06-30,2024-06-28
3952,67,2025-01-29,4,West,1704.83,2025-02-01,2025-02-03
3953,65,2024-05-24,4,South,215.37,2024-05-27,2024-06-02
3954,58,2024-07-16,6,West,521.14,2024-07-19,2024-07-22
3955,53,2024-03-24,5,West,288.18,2024-03-27,2024-03-25
3956,1,2024-03-25,9,Northeast,937.97,2024-03-28,2024-04-06
3957,81,2025-04-01,8,West,1442.21,2025-04-04,2025-04-04
3958,66,2025-04-20,9,Northeast,354.75,2025-04-23,2025-04-21
3959,29,2024-09-09,10,West,277.73,2024-09-12,2024-09-16
3960,84,2024-03-12,7,South,1236.93,2024-03-15,2024-03-15
3961,70,2024-08-10,9,Northeast,476.02,2024-08-13,2024-08-21
3962,8,2024-10-02,3,Northeast,969.06,2024-10-05,2024-10-09
3963,29,2024-09-02,9,South,121.21,2024-09-05,2024-09-13
3964,51,2024-12-06,2,Northeast,1367.61,2024-12-09,2024-12-08
3965,33,2025-04-15,9,West,1091.81,2025-04-18,2025-04-24
3966,3,2025-03-29,6,Midwest,1301.9,2025-04-01,2025-04-01
3967,60,2024-01-07,4,Northeast,565.3,2024-01-10,2024-01-13
3968,35,2024-07-06,2,Midwest,571.63,2024-07-09,2024-07-12
3969,69,2024-01-04,10,West,1606.69,2024-01-07,2024-01-13
3970,91,2024-05-04,3,South,1442.75,2024-05-07,2024-05-11
3971,76,2024-01-15,5,Northeast,1167.86,2024-01-18,2024-01-19
3972,84,2024-08-27,9,Midwest,1263.72,2024-08-30,2024-09-04
3973,20,2024-12-25,7,South,206.21,2024-12-28,2024-12-30
3974,73,2025-06-01,3,South,1715.22,2025-06-04,2025-06-08
3975,39,2024-11-15,4,Northeast,1544.42,2024-11-18,2024-11-21
3976,4,2024-08-18,2,Midwest,1189.17,2024-08-21,2024-08-22
3977,19,2024-01-30,8,Northeast,1838.82,2024-02-02,2024-01-31
3978,91,2024-06-04,6,West,353.9,2024-06-07,2024-06-10
3979,45,2025-02-02,3,South,1379.58,2025-02-05,2025-02-05
3980,43,2024-12-11,5,Midwest,1926.7,2024-12-14,2024-12-12
3981,13,2024-07-13,5,Northeast,633.82,2024-07-16,2024-07-20
3982,13,2024-06-16,1,South,50.28,2024-06-19,2024-06-19
3983,60,2025-01-11,5,Northeast,1475.04,2025-01-14,2025-01-12
3984,57,2025-05-03,6,Midwest,33.82,2025-05-06,2025-05-08
3985,86,2024-12-27,10,West,1747.62,2024-12-30,2025-01-01
3986,92,2025-04-26,10,West,131.48,2025-04-29,2025-05-01
3987,52,2024-08-31,2,West,1312.47,2024-09-03,2024-09-05
3988,53,2024-06-19,3,Northeast,766.82,2024-06-22,2024-06-21
3989,86,2025-05-27,10,South,422.61,2025-05-30,2025-05-31
3990,43,2025-02-09,5,West,1798.55,2025-02-12,2025-02-17
3991,83,2024-07-25,3,West,1497.57,2024-07-28,2024-08-02
3992,72,2024-06-02,5,West,694.07,2024-06-05,2024-06-06
3993,72,2024-02-17,5,West,582.62,2024-02-20,2024-02-24
3994,42,2024-01-01,8,Midwest,1477.3,2024-01-04,2024-01-06
3995,90,2025-02-10,10,Midwest,1676.41,2025-02-13,2025-02-14
3996,26,2024-04-16,9,South,1437.38,2024-04-19,2024-04-25
3997,23,2024-06-21,8,Midwest,1287.18,2024-06-24,2024-06-23
3998,43,2025-05-20,3,Midwest,471.29,2025-05-23,2025-05-26
3999,77,2024-05-09,1,Midwest,1708.55,2024-05-12,2024-05-10
4000,28,2025-02-01,3,Northeast,1504.33,2025-02-04,2025-02-07
4001,9,2024-10-20,1,Midwest,1044.2,2024-10-23,2024-10-23
4002,20,2025-03-22,9,Northeast,1032.94,2025-03-25,2025-03-26
4003,56,2024-01-16,3,Northeast,1146.96,2024-01-19,2024-01-20
4004,83,2024-12-14,8,Midwest,1659.99,2024-12-17,2024-12-15
4005,39,2024-07-21,6,Northeast,1489.67,2024-07-24,2024-07-22
4006,51,2024-05-13,3,West,1715.37,2024-05-16,2024-05-20
4007,12,2025-05-22,9,South,1024.42,2025-05-25,2025-05-27
4008,79,2024-03-06,8,Midwest,1256.81,2024-03-09,2024-03-15
4009,95,2025-04-24,3,Midwest,1712.05,2025-04-27,2025-04-25
4010,55,2025-04-03,7,South,479.99,2025-04-06,2025-04-11
4011,78,2024-12-07,5,Midwest,899.16,2024-12-10,2024-12-13
4012,11,2024-06-07,2,Midwest,1248.89,2024-06-10,2024-06-15
4013,26,2024-06-09,8,South,1831.99,2024-06-12,2024-06-14
4014,42,2024-09-10,1,Northeast,51.36,2024-09-13,2024-09-15
4015,27,2024-06-03,4,West,440.89,2024-06-06,2024-06-05
4016,11,2025-04-30,4,Northeast,484.21,2025-05-03,2025-05-04
4017,38,2025-03-07,10,West,666.69,2025-03-10,2025-03-11
4018,98,2024-01-27,5,South,577.94,2024-01-30,2024-01-28
4019,43,2024-01-12,4,Northeast,1188.47,2024-01-15,2024-01-17
4020,19,2024-03-07,1,Northeast,1773.53,2024-03-10,2024-03-15
4021,64,2024-04-05,7,West,1281.22,2024-04-08,2024-04-14
4022,6,2024-08-02,10,West,498.22,2024-08-05,2024-08-05
4023,46,2024-07-12,2,West,1730.23,2024-07-15,2024-07-17
4024,42,2024-10-16,10,West,1271.45,2024-10-19,2024-10-21
4025,92,2024-02-08,3,Midwest,453.55,2024-02-11,2024-02-17
4026,65,2024-07-24,5,South,736.1,2024-07-27,2024-08-03
4027,99,2025-04-28,8,West,1584.13,2025-05-01,2025-04-29
4028,72,2024-12-02,10,Northeast,1483.08,2024-12-05,2024-12-08
4029,59,2025-05-10,8,Northeast,1161.63,2025-05-13,2025-05-17
4030,52,2024-09-05,2,Northeast,306.64,2024-09-08,2024-09-09
4031,47,2024-03-14,9,West,1610.51,2024-03-17,2024-03-15
4032,7,2025-01-07,6,South,628.93,2025-01-10,2025-01-14
4033,11,2024-05-17,9,Midwest,1547.76,2024-05-20,2024-05-26
4034,61,2025-04-01,4,West,1302.18,2025-04-04,2025-04-04
4035,68,2025-03-19,3,West,543.06,2025-03-22,2025-03-28
4036,25,2024-12-18,5,Midwest,440.49,2024-12-21,2024-12-23
4037,12,2025-02-14,5,South,279.2,2025-02-17,2025-02-23
4038,26,2025-03-28,4,West,499.05,2025-03-31,2025-04-06
4039,12,2025-02-22,7,Northeast,332.5,2025-02-25,2025-02-27
4040,43,2025-03-25,8,Northeast,1241.76,2025-03-28,2025-03-31
4041,51,2024-04-24,5,West,1205.59,2024-04-27,2024-04-27
4042,37,2024-02-20,9,South,1180.62,2024-02-23,2024-02-21
4043,46,2025-01-03,7,Northeast,1290.94,2025-01-06,2025-01-09
4044,53,2025-05-29,7,Northeast,1633.27,2025-06-01,2025-05-30
4045,88,2024-07-28,8,Midwest,1828.83,2024-07-31,2024-08-08
4046,80,2025-03-10,4,South,476.14,2025-03-13,2025-03-18
4047,13,2024-08-14,10,West,1183.79,2024-08-17,2024-08-19
4048,89,2024-09-24,6,Midwest,175.11,2024-09-27,2024-10-07
4049,54,2024-04-25,5,Midwest,257.88,2024-04-28,2024-04-28
4050,57,2024-12-25,1,Midwest,1315.59,2024-12-28,2024-12-29
4051,4,2024-11-24,9,South,983.43,2024-11-27,2024-11-28
4052,75,2024-02-09,2,South,1521.5,2024-02-12,2024-02-14
4053,96,2024-06-30,6,South,862.84,2024-07-03,2024-07-04
4054,49,2025-05-04,8,West,272.64,2025-05-07,2025-05-10
4055,7,2024-07-27,3,South,1746.67,2024-07-30,2024-07-29
4056,11,2024-09-29,5,Midwest,184.12,2024-10-02,2024-10-04
4057,92,2024-04-28,7,Northeast,394.15,2024-05-01,2024-05-01
4058,54,2025-01-16,4,West,568.41,2025-01-19,2025-01-21
4059,87,2024-09-14,5,West,1990.66,2024-09-17,2024-09-16
4060,45,2025-04-27,1,West,845.38,2025-04-30,2025-04-29
4061,23,2025-05-23,4,Midwest,1013.38,2025-05-26,2025-06-03
4062,28,2024-04-01,7,South,1544.0,2024-04-04,2024-04-03
4063,57,2024-06-09,10,Midwest,1280.1,2024-06-12,2024-06-16
4064,26,2024-05-28,7,Northeast,1686.01,2024-05-31,2024-05-31
4065,25,2024-04-26,10,South,983.14,2024-04-29,2024-04-28
4066,54,2025-04-02,10,Northeast,1944.91,2025-04-05,2025-04-07
4067,29,2024-02-14,4,West,1597.69,2024-02-17,2024-02-16
4068,83,2024-08-21,6,West,814.7,2024-08-24,2024-08-28
4069,97,2025-01-09,5,Midwest,774.92,2025-01-12,2025-01-14
4070,36,2024-07-15,1,South,1860.39,2024-07-18,2024-07-24
4071,14,2024-01-25,8,West,1375.14,2024-01-28,2024-01-26
4072,78,2025-01-29,7,Midwest,1250.44,2025-02-01,2025-02-04
4073,35,2024-02-05,5,Northeast,1520.5,2024-02-08,2024-02-11
4074,30,2025-04-18,10,Midwest,1130.45,2025-04-21,2025-04-20
4075,92,2024-08-10,10,South,335.15,2024-08-13,2024-08-13
4076,17,2024-07-06,7,South,652.05,2024-07-09,2024-07-07
4077,67,2025-02-05,10,South,1124.73,2025-02-08,2025-02-06
4078,80,2024-09-13,3,West,55.97,2024-09-16,2024-09-18
4079,30,2024-05-15,8,Midwest,885.95,2024-05-18,2024-05-22
4080,93,2025-03-19,5,Northeast,1516.49,2025-03-22,2025-03-24
4081,45,2025-02-21,2,South,345.18,2025-02-24,2025-02-26
4082,79,2024-10-18,2,Midwest,147.83,2024-10-21,2024-10-19
4083,89,2024-05-08,4,West,1675.34,2024-05-11,2024-05-09
4084,51,2024-12-06,7,Northeast,1242.2,2024-12-09,2024-12-12
4085,47,2024-09-13,10,Northeast,369.63,2024-09-16,2024-09-16
4086,53,2024-04-09,4,Northeast,1616.48,2024-04-12,2024-04-10
4087,64,2024-02-08,9,West,1323.1,2024-02-11,2024-02-11
4088,38,2024-09-19,2,South,681.56,2024-09-22,2024-09-25
4089,64,2024-05-29,6,West,764.87,2024-06-01,2024-06-04
4090,87,2024-11-25,4,Northeast,328.66,2024-11-28,2024-12-01
4091,89,2024-04-29,6,Midwest,1673.81,2024-05-02,2024-05-02
4092,7,2024-08-06,10,Northeast,1027.83,2024-08-09,2024-08-13
4093,22,2024-05-02,9,Midwest,1122.9,2024-05-05,2024-05-07
4094,81,2024-08-31,10,West,1769.31,2024-09-03,2024-09-02
4095,82,2025-06-01,9,West,51.34,2025-06-04,2025-06-03
4096,41,2024-01-21,9,West,152.51,2024-01-24,2024-01-27
4097,74,2024-07-08,9,Midwest,339.93,2024-07-11,2024-07-16
4098,10,2024-08-12,3,West,79.47,2024-08-15,2024-08-19
4099,57,2025-04-10,9,South,1323.15,2025-04-13,2025-04-15
4100,7,2024-04-08,3,Northeast,1275.08,2024-04-11,2024-04-15
4101,50,2024-12-28,10,South,437.39,2024-12-31,2025-01-09
4102,91,2024-03-23,3,Midwest,315.82,2024-03-26,2024-03-29
4103,52,2024-02-25,5,West,308.46,2024-02-28,2024-03-01
4104,33,2024-01-22,6,Northeast,1907.42,2024-01-25,2024-01-29
4105,1,2024-07-03,9,West,1393.14,2024-07-06,2024-07-10
4106,53,2024-09-20,1,West,1179.15,2024-09-23,2024-09-21
4107,60,2024-08-12,8,Northeast,658.52,2024-08-15,2024-08-18
4108,34,2024-02-07,4,Northeast,877.43,2024-02-10,2024-02-15
4109,4,2024-05-02,10,South,197.02,2024-05-05,2024-05-12
4110,17,2024-06-04,7,South,1996.34,2024-06-07,2024-06-09
4111,4,2024-10-27,6,South,1515.07,2024-10-30,2024-10-31
4112,43,2024-03-07,6,South,1250.48,2024-03-10,2024-03-12
4113,90,2025-01-28,7,South,1183.78,2025-01-31,2025-01-31
4114,4,2025-02-08,4,Midwest,1018.54,2025-02-11,2025-02-18
4115,1,2025-03-24,6,Midwest,529.71,2025-03-27,2025-03-30
4116,71,2024-05-10,3,West,468.25,2024-05-13,2024-05-15
4117,94,2024-03-09,5,West,1108.07,2024-03-12,2024-03-17
4118,50,2024-12-10,2,South,159.0,2024-12-13,2024-12-12
4119,73,2024-11-15,3,West,167.45,2024-11-18,2024-11-16
4120,61,2024-06-25,9,Midwest,1130.41,2024-06-28,2024-07-01
4121,35,2024-06-08,6,Midwest,1841.23,2024-06-11,2024-06-16
4122,8,2024-05-14,3,West,1830.26,2024-05-17,2024-05-19
4123,24,2024-04-20,2,South,41.44,2024-04-23,2024-04-23
4124,83,2024-10-09,5,Midwest,232.64,2024-10-12,2024-10-11
4125,36,2024-07-12,10,Northeast,1174.49,2024-07-15,2024-07-13
4126,50,2024-02-16,5,Northeast,1699.98,2024-02-19,2024-02-23
4127,43,2024-12-07,1,West,1909.81,2024-12-10,2024-12-14
4128,27,2024-08-29,3,South,1723.95,2024-09-01,2024-09-06
4129,32,2025-01-04,7,West,1361.67,2025-01-07,2025-01-09
4130,78,2024-05-10,9,South,417.04,2024-05-13,2024-05-12
4131,18,2024-09-26,5,South,163.79,2024-09-29,2024-09-29
4132,28,2024-03-01,4,Northeast,114.08,2024-03-04,2024-03-08
4133,29,2024-06-12,3,Midwest,1231.91,2024-06-15,2024-06-14
4134,16,2024-09-28,10,Midwest,91.65,2024-10-01,2024-10-03
4135,99,2024-05-12,9,West,1483.7,2024-05-15,2024-05-14
4136,47,2024-08-31,7,West,1430.69,2024-09-03,2024-09-03
4137,59,2025-03-09,7,South,177.63,2025-03-12,2025-03-11
4138,31,2024-02-07,8,Midwest,1815.11,2024-02-10,2024-02-12
4139,4,2024-11-14,10,South,1053.42,2024-11-17,2024-11-15
4140,37,2025-05-24,1,Northeast,1810.79,2025-05-27,2025-05-27
4141,17,2025-01-10,4,Northeast,1805.19,2025-01-13,2025-01-18
4142,39,2025-04-18,5,South,410.13,2025-04-21,2025-04-26
4143,48,2024-02-28,5,South,773.54,2024-03-02,2024-03-06
4144,46,2025-05-13,1,South,286.56,2025-05-16,2025-05-22
4145,90,2024-08-05,3,South,1554.46,2024-08-08,2024-08-06
4146,48,2024-05-08,2,South,1018.17,2024-05-11,2024-05-13
4147,39,2025-01-17,7,Northeast,1859.04,2025-01-20,2025-01-22
4148,4,2025-01-22,5,Northeast,432.27,2025-01-25,2025-02-02
4149,30,2024-03-25,3,Northeast,1382.97,2024-03-28,2024-03-29
4150,30,2025-05-24,8,West,1978.69,2025-05-27,2025-05-31
4151,22,2025-03-12,1,Northeast,1337.45,2025-03-15,2025-03-22
4152,75,2024-10-19,1,Midwest,156.17,2024-10-22,2024-10-24
4153,66,2024-02-18,6,Midwest,1185.08,2024-02-21,2024-02-22
4154,12,2024-03-07,1,South,376.09,2024-03-10,2024-03-11
4155,94,2024-05-08,4,Northeast,80.4,2024-05-11,2024-05-09
4156,36,2024-01-29,6,South,683.22,2024-02-01,2024-02-02
4157,18,2024-12-08,1,South,546.89,2024-12-11,2024-12-09
4158,90,2024-04-28,9,Midwest,1581.77,2024-05-01,2024-05-05
4159,53,2024-05-12,4,Midwest,759.89,2024-05-15,2024-05-13
4160,71,2024-11-22,9,South,1471.26,2024-11-25,2024-11-28
4161,1,2024-07-03,9,Midwest,52.15,2024-07-06,2024-07-11
4162,58,2025-05-20,6,South,49.33,2025-05-23,2025-05-27
4163,90,2024-08-28,7,South,78.04,2024-08-31,2024-09-01
4164,87,2025-05-30,1,South,454.33,2025-06-02,2025-06-06
4165,90,2024-06-13,5,West,760.5,2024-06-16,2024-06-18
4166,6,2024-08-05,3,Midwest,1223.53,2024-08-08,2024-08-09
4167,70,2024-01-05,10,Midwest,1972.11,2024-01-08,2024-01-09
4168,44,2024-03-21,10,Northeast,721.73,2024-03-24,2024-03-27
4169,72,2024-09-03,6,Midwest,130.2,2024-09-06,2024-09-04
4170,24,2025-05-07,4,Northeast,405.9,2025-05-10,2025-05-10
4171,86,2025-01-20,9,South,1797.75,2025-01-23,2025-01-26
4172,19,2024-11-02,7,West,1404.77,2024-11-05,2024-11-05
4173,18,2024-01-07,4,South,1584.6,2024-01-10,2024-01-08
4174,95,2025-05-29,6,South,265.85,2025-06-01,2025-05-31
4175,30,2024-03-13,2,South,287.27,2024-03-16,2024-03-19
4176,42,2024-01-10,3,Northeast,242.25,2024-01-13,2024-01-16
4177,33,2024-05-01,7,West,1717.19,2024-05-04,2024-05-09
4178,74,2025-05-27,4,South,435.74,2025-05-30,2025-06-03
4179,12,2025-03-16,10,Northeast,1293.44,2025-03-19,2025-03-23
4180,94,2024-02-07,7,South,1042.01,2024-02-10,2024-02-08
4181,27,2024-12-10,9,West,1097.89,2024-12-13,2024-12-17
4182,39,2024-12-03,5,South,406.96,2024-12-06,2024-12-06
4183,9,2024-07-02,1,South,1277.79,2024-07-05,2024-07-03
4184,21,2024-03-07,5,Midwest,105.34,2024-03-10,2024-03-14
4185,76,2024-01-17,6,Northeast,1987.08,2024-01-20,2024-01-23
4186,29,2025-01-17,2,West,72.98,2025-01-20,2025-01-25
4187,33,2025-01-02,8,Northeast,119.31,2025-01-05,2025-01-05
4188,62,2024-11-11,2,Midwest,662.8,2024-11-14,2024-11-16
4189,15,2025-05-11,9,South,1666.62,2025-05-14,2025-05-12
4190,2,2024-12-10,2,West,529.23,2024-12-13,2024-12-21
4191,52,2025-04-17,3,West,954.43,2025-04-20,2025-04-18
4192,44,2024-04-24,8,Northeast,55.6,2024-04-27,2024-04-27
4193,54,2024-04-09,6,South,176.18,2024-04-12,2024-04-11
4194,18,2025-03-13,1,Midwest,1223.77,2025-03-16,2025-03-19
4195,3,2024-12-10,4,South,404.83,2024-12-13,2024-12-12
4196,7,2024-12-14,5,Northeast,1394.62,2024-12-17,2024-12-22
4197,43,2024-05-18,3,West,1575.07,2024-05-21,2024-05-24
4198,82,2024-11-19,1,West,1703.66,2024-11-22,2024-11-20
4199,38,2024-10-28,3,South,284.92,2024-10-31,2024-11-04
4200,37,2024-10-20,9,South,921.91,2024-10-23,2024-10-28
4201,58,2024-10-18,2,South,1895.22,2024-10-21,2024-10-21
4202,33,2024-03-14,1,South,1548.73,2024-03-17,2024-03-16
4203,59,2025-04-28,7,Midwest,251.58,2025-05-01,2025-05-04
4204,95,2024-01-16,7,Midwest,1014.95,2024-01-19,2024-01-23
4205,11,2024-12-01,5,Midwest,1846.31,2024-12-04,2024-12-03
4206,68,2025-05-30,2,Midwest,891.28,2025-06-02,2025-06-07
4207,82,2024-05-06,1,Northeast,1678.09,2024-05-09,2024-05-09
4208,68,2025-06-01,5,West,1001.77,2025-06-04,2025-06-10
4209,98,2024-05-08,10,West,231.49,2024-05-11,2024-05-09
4210,93,2025-05-25,4,Northeast,312.75,2025-05-28,2025-05-28
4211,88,2025-02-26,9,Northeast,112.42,2025-03-01,2025-03-02
4212,22,2025-01-19,5,Midwest,406.72,2025-01-22,2025-01-21
4213,66,2024-08-19,10,South,1789.36,2024-08-22,2024-08-24
4214,44,2024-07-13,2,West,1307.39,2024-07-16,2024-07-17
4215,6,2024-03-05,4,Northeast,1482.94,2024-03-08,2024-03-09
4216,42,2024-10-03,9,South,1250.89,2024-10-06,2024-10-07
4217,25,2024-08-11,8,Midwest,785.35,2024-08-14,2024-08-12
4218,57,2024-10-04,3,Northeast,449.39,2024-10-07,2024-10-09
4219,85,2024-12-31,8,West,1852.72,2025-01-03,2025-01-05
4220,55,2025-05-30,2,West,1039.36,2025-06-02,2025-06-01
4221,16,2024-08-02,3,West,972.58,2024-08-05,2024-08-11
4222,95,2025-03-14,5,Northeast,1992.29,2025-03-17,2025-03-20
4223,14,2025-03-03,10,West,780.18,2025-03-06,2025-03-10
4224,39,2025-01-30,10,Midwest,1711.17,2025-02-02,2025-02-02
4225,28,2024-07-27,8,West,1727.44,2024-07-30,2024-07-28
4226,96,2025-05-15,1,Midwest,480.69,2025-05-18,2025-05-25
4227,92,2025-04-07,4,West,207.78,2025-04-10,2025-04-13
4228,51,2024-08-14,1,Midwest,1951.73,2024-08-17,2024-08-20
4229,49,2025-01-09,1,Northeast,863.28,2025-01-12,2025-01-15
4230,9,2025-05-14,5,Midwest,24.4,2025-05-17,2025-05-20
4231,58,2024-04-02,6,Northeast,1008.06,2024-04-05,2024-04-04
4232,45,2025-04-04,1,South,1246.21,2025-04-07,2025-04-06
4233,22,2024-11-16,6,Midwest,1556.65,2024-11-19,2024-11-18
4234,32,2024-01-10,5,Northeast,1887.03,2024-01-13,2024-01-17
4235,69,2024-10-29,4,South,1832.04,2024-11-01,2024-10-30
4236,87,2024-11-17,10,West,1881.47,2024-11-20,2024-11-18
4237,69,2025-03-31,5,South,83.61,2025-04-03,2025-04-03
4238,42,2024-10-04,8,Midwest,1429.31,2024-10-07,2024-10-08
4239,53,2025-01-27,9,South,467.2,2025-01-30,2025-02-01
4240,96,2024-04-04,2,West,391.35,2024-04-07,2024-04-08
4241,59,2024-04-16,6,South,1604.63,2024-04-19,2024-04-22
4242,74,2025-01-24,3,Midwest,845.92,2025-01-27,2025-02-02
4243,39,2024-03-11,2,Midwest,1834.87,2024-03-14,2024-03-16
4244,15,2025-01-10,1,Northeast,104.02,2025-01-13,2025-01-18
4245,71,2025-01-02,4,West,1608.32,2025-01-05,2025-01-09
4246,29,2024-02-20,8,West,290.93,2024-02-23,2024-02-22
4247,3,2024-05-22,3,South,369.62,2024-05-25,2024-05-24
4248,83,2025-02-22,5,West,965.16,2025-02-25,2025-02-24
4249,10,2025-05-14,10,Midwest,803.27,2025-05-17,2025-05-18
4250,92,2024-06-15,5,South,982.62,2024-06-18,2024-06-19
4251,29,2024-09-16,5,Northeast,1881.25,2024-09-19,2024-09-23
4252,79,2024-07-10,9,South,1321.63,2024-07-13,2024-07-15
4253,35,2024-07-20,8,South,594.81,2024-07-23,2024-07-26
4254,6,2024-07-03,8,Northeast,362.36,2024-07-06,2024-07-04
4255,12,2024-06-06,1,South,851.69,2024-06-09,2024-06-12
4256,38,2024-04-08,1,West,914.25,2024-04-11,2024-04-12
4257,77,2024-08-28,2,South,1210.56,2024-08-31,2024-08-31
4258,93,2025-05-05,8,South,546.69,2025-05-08,2025-05-08
4259,19,2024-07-20,10,South,1539.67,2024-07-23,2024-07-30
4260,67,2025-05-23,1,Midwest,214.95,2025-05-26,2025-05-24
4261,8,2024-04-05,4,Midwest,1129.7,2024-04-08,2024-04-12
4262,8,2025-05-04,9,West,1254.59,2025-05-07,2025-05-09
4263,84,2024-08-05,2,Northeast,429.53,2024-08-08,2024-08-06
4264,47,2024-09-29,3,Midwest,1655.5,2024-10-02,2024-10-03
4265,4,2024-08-06,6,Midwest,1238.56,2024-08-09,2024-08-07
4266,51,2024-11-27,10,West,1298.53,2024-11-30,2024-12-07
4267,85,2025-03-28,3,West,1005.53,2025-03-31,2025-04-01
4268,67,2024-05-31,4,Northeast,1821.0,2024-06-03,2024-06-08
4269,45,2024-12-12,9,South,1393.98,2024-12-15,2024-12-21
4270,8,2025-02-17,9,South,776.03,2025-02-20,2025-02-20
4271,87,2025-03-06,10,Northeast,492.44,2025-03-09,2025-03-11
4272,16,2025-01-13,5,Northeast,160.7,2025-01-16,2025-01-19
4273,77,2025-03-03,7,Northeast,347.41,2025-03-06,2025-03-14
4274,67,2024-03-24,9,West,1985.51,2024-03-27,2024-03-28
4275,9,2024-07-10,8,South,825.4,2024-07-13,2024-07-15
4276,60,2024-02-10,7,Northeast,1799.4,2024-02-13,2024-02-11
4277,78,2024-11-04,8,Northeast,357.73,2024-11-07,2024-11-06
4278,77,2025-01-12,5,South,862.21,2025-01-15,2025-01-16
4279,71,2024-05-15,5,South,1921.83,2024-05-18,2024-05-24
4280,15,2024-04-15,5,West,200.44,2024-04-18,2024-04-26
4281,71,2024-05-05,1,Midwest,1196.09,2024-05-08,2024-05-12
4282,98,2024-12-22,6,Midwest,1839.96,2024-12-25,2024-12-28
4283,41,2025-02-03,5,West,1900.37,2025-02-06,2025-02-10
4284,22,2024-03-19,8,West,1695.09,2024-03-22,2024-03-22
4285,24,2025-01-23,8,South,1714.75,2025-01-26,2025-02-01
4286,44,2024-03-14,2,West,1311.32,2024-03-17,2024-03-15
4287,1,2024-01-05,6,West,456.44,2024-01-08,2024-01-09
4288,10,2025-04-07,10,Northeast,1466.74,2025-04-10,2025-04-14
4289,80,2024-03-22,10,West,1957.2,2024-03-25,2024-03-26
4290,72,2025-02-08,6,West,1061.35,2025-02-11,2025-02-20
4291,56,2025-05-28,3,Northeast,536.18,2025-05-31,2025-06-04
4292,89,2024-10-04,1,South,1155.47,2024-10-07,2024-10-12
4293,50,2024-08-11,7,South,1387.41,2024-08-14,2024-08-14
4294,12,2024-03-08,10,West,432.4,2024-03-11,2024-03-16
4295,89,2024-11-15,5,West,1443.99,2024-11-18,2024-11-22
4296,81,2024-01-19,10,Midwest,1183.12,2024-01-22,2024-01-29
4297,60,2024-12-08,5,Northeast,1232.45,2024-12-11,2024-12-09
4298,26,2024-12-08,8,Midwest,625.86,2024-12-11,2024-12-11
4299,78,2024-04-06,5,West,327.43,2024-04-09,2024-04-12
4300,41,2024-02-21,5,Midwest,1254.43,2024-02-24,2024-02-27
4301,36,2024-06-23,1,Midwest,1180.74,2024-06-26,2024-06-28
4302,23,2024-12-03,2,South,689.26,2024-12-06,2024-12-04
4303,43,2024-12-18,5,Northeast,605.87,2024-12-21,2024-12-24
4304,6,2025-01-25,7,South,707.54,2025-01-28,2025-01-31
4305,69,2024-04-24,3,South,989.97,2024-04-27,2024-04-29
4306,43,2024-12-13,1,Midwest,1950.14,2024-12-16,2024-12-18
4307,25,2024-01-01,2,Northeast,1531.86,2024-01-04,2024-01-09
4308,18,2024-03-03,3,West,1706.44,2024-03-06,2024-03-08
4309,62,2024-08-13,9,Northeast,1021.19,2024-08-16,2024-08-14
4310,13,2025-02-26,8,South,1061.72,2025-03-01,2025-03-07
4311,43,2024-01-19,4,Midwest,424.56,2024-01-22,2024-01-28
4312,78,2024-01-31,8,West,1447.67,2024-02-03,2024-02-05
4313,28,2024-01-24,9,South,854.74,2024-01-27,2024-02-01
4314,18,2024-07-29,3,Midwest,1490.04,2024-08-01,2024-07-30
4315,59,2024-06-09,6,South,829.93,2024-06-12,2024-06-14
4316,60,2024-09-11,8,Midwest,234.86,2024-09-14,2024-09-12
4317,63,2024-04-23,10,Northeast,362.65,2024-04-26,2024-05-01
4318,57,2025-05-18,7,South,1626.91,2025-05-21,2025-05-19
4319,92,2024-08-07,9,Northeast,532.06,2024-08-10,2024-08-11
4320,51,2024-12-22,7,Northeast,543.42,2024-12-25,2024-12-28
4321,56,2024-06-17,1,Midwest,1860.15,2024-06-20,2024-06-24
4322,27,2024-08-29,9,West,1322.12,2024-09-01,2024-09-05
4323,32,2025-01-09,5,Northeast,246.33,2025-01-12,2025-01-17
4324,9,2024-05-18,6,South,304.3,2024-05-21,2024-05-25
4325,96,2024-04-06,2,South,559.29,2024-04-09,2024-04-15
4326,84,2024-05-26,2,Midwest,1196.11,2024-05-29,2024-05-27
4327,92,2024-06-30,4,Northeast,1510.59,2024-07-03,2024-07-04
4328,97,2024-02-26,4,West,563.5,2024-02-29,2024-03-03
4329,68,2024-02-11,5,West,1743.87,2024-02-14,2024-02-21
4330,46,2024-01-02,7,South,236.18,2024-01-05,2024-01-05
4331,98,2024-10-14,1,Midwest,431.05,2024-10-17,2024-10-25
4332,67,2024-05-17,10,Northeast,1941.52,2024-05-20,2024-05-23
4333,26,2025-05-26,4,South,286.79,2025-05-29,2025-05-29
4334,8,2024-08-09,9,Midwest,1778.46,2024-08-12,2024-08-11
4335,6,2024-11-26,8,West,1413.79,2024-11-29,2024-12-03
4336,80,2025-02-07,3,South,164.71,2025-02-10,2025-02-10
4337,24,2025-05-22,6,Midwest,977.74,2025-05-25,2025-05-26
4338,48,2024-05-06,9,West,1047.58,2024-05-09,2024-05-11
4339,94,2024-09-21,8,Midwest,1865.64,2024-09-24,2024-09-27
4340,45,2024-01-15,7,South,853.79,2024-01-18,2024-01-26
4341,13,2024-08-13,7,Northeast,904.59,2024-08-16,2024-08-19
4342,69,2024-04-14,1,Midwest,242.72,2024-04-17,2024-04-17
4343,25,2025-05-07,5,Northeast,1285.56,2025-05-10,2025-05-10
4344,20,2024-11-14,7,South,437.58,2024-11-17,2024-11-24
4345,82,2024-08-06,2,West,173.52,2024-08-09,2024-08-09
4346,82,2024-10-03,6,Midwest,1993.9,2024-10-06,2024-10-10
4347,66,2024-12-06,2,West,553.87,2024-12-09,2024-12-12
4348,74,2025-03-27,3,Northeast,299.29,2025-03-30,2025-04-02
4349,45,2025-01-03,1,Northeast,1404.99,2025-01-06,2025-01-12
4350,47,2025-04-18,3,West,1646.93,2025-04-21,2025-04-24
4351,63,2024-07-08,7,South,146.87,2024-07-11,2024-07-15
4352,76,2025-02-22,5,Northeast,228.68,2025-02-25,2025-02-28
4353,77,2025-05-09,4,South,198.54,2025-05-12,2025-05-13
4354,55,2024-02-08,8,West,112.98,2024-02-11,2024-02-14
4355,75,2024-06-10,8,South,1325.72,2024-06-13,2024-06-13
4356,19,2024-04-30,1,Northeast,1184.86,2024-05-03,2024-05-02
4357,35,2025-02-02,9,West,1332.36,2025-02-05,2025-02-09
4358,53,2024-09-18,9,South,1021.22,2024-09-21,2024-09-24
4359,26,2024-05-08,2,South,1638.67,2024-05-11,2024-05-14
4360,14,2024-12-21,2,Midwest,1102.4,2024-12-24,2024-12-26
4361,45,2025-03-07,8,Northeast,1839.12,2025-03-10,2025-03-12
4362,44,2024-03-05,6,Midwest,981.58,2024-03-08,2024-03-07
4363,88,2024-08-05,3,South,1585.5,2024-08-08,2024-08-06
4364,65,2025-03-02,2,Northeast,826.57,2025-03-05,2025-03-10
4365,51,2024-03-14,5,West,881.74,2024-03-17,2024-03-22
4366,43,2025-04-04,8,West,1701.0,2025-04-07,2025-04-08
4367,86,2025-02-28,6,West,233.17,2025-03-03,2025-03-09
4368,23,2024-07-10,3,South,1138.54,2024-07-13,2024-07-16
4369,56,2024-07-07,9,South,1458.15,2024-07-10,2024-07-13
4370,19,2024-01-12,8,West,1505.83,2024-01-15,2024-01-23
4371,82,2024-08-26,10,Midwest,1191.16,2024-08-29,2024-08-27
4372,76,2025-03-28,6,Midwest,907.17,2025-03-31,2025-04-02
4373,55,2025-01-17,1,Northeast,536.35,2025-01-20,2025-01-19
4374,92,2024-02-17,2,Northeast,1820.66,2024-02-20,2024-02-21
4375,92,2024-11-12,4,West,752.18,2024-11-15,2024-11-17
4376,60,2024-07-27,2,South,1602.0,2024-07-30,2024-08-01
4377,59,2024-04-28,3,South,82.7,2024-05-01,2024-04-30
4378,33,2024-11-10,8,Northeast,479.7,2024-11-13,2024-11-15
4379,19,2024-02-05,9,West,704.26,2024-02-08,2024-02-08
4380,28,2025-04-07,6,Northeast,1349.72,2025-04-10,2025-04-16
4381,52,2025-02-06,4,Midwest,652.27,2025-02-09,2025-02-13
4382,49,2024-04-16,2,West,101.9,2024-04-19,2024-04-22
4383,37,2024-02-08,7,West,364.26,2024-02-11,2024-02-12
4384,26,2024-06-28,10,West,533.15,2024-07-01,2024-07-03
4385,99,2024-01-12,7,Midwest,368.57,2024-01-15,2024-01-19
4386,98,2024-12-04,10,West,423.37,2024-12-07,2024-12-08
4387,99,2024-05-05,9,Northeast,1542.53,2024-05-08,2024-05-06
4388,40,2024-03-03,5,Midwest,835.83,2024-03-06,2024-03-10
4389,80,2024-03-22,10,South,822.25,2024-03-25,2024-03-29
4390,38,2024-10-25,4,Northeast,1933.88,2024-10-28,2024-10-31
4391,77,2024-02-03,10,Northeast,904.47,2024-02-06,2024-02-06
4392,87,2024-02-18,6,Northeast,1856.76,2024-02-21,2024-02-26
4393,54,2024-02-26,2,Midwest,612.14,2024-02-29,2024-03-05
4394,22,2024-04-18,2,Northeast,813.24,2024-04-21,2024-04-24
4395,16,2025-05-31,9,Midwest,804.64,2025-06-03,2025-06-04
4396,28,2024-01-24,7,West,1101.24,2024-01-27,2024-01-28
4397,35,2024-08-08,7,South,1176.81,2024-08-11,2024-08-12
4398,60,2024-11-10,5,West,511.29,2024-11-13,2024-11-14
4399,45,2024-10-20,7,Northeast,1591.3,2024-10-23,2024-10-24
4400,46,2024-01-10,9,Midwest,1003.12,2024-01-13,2024-01-16
4401,72,2025-04-25,10,Midwest,33.95,2025-04-28,2025-05-03
4402,55,2024-09-23,5,West,1190.85,2024-09-26,2024-10-02
4403,86,2024-03-28,9,Northeast,1600.16,2024-03-31,2024-03-30
4404,85,2025-03-30,1,South,515.92,2025-04-02,2025-04-02
4405,26,2024-05-27,3,Midwest,94.98,2024-05-30,2024-06-04
4406,85,2025-03-06,7,Midwest,1618.21,2025-03-09,2025-03-08
4407,25,2024-08-29,4,Northeast,1953.03,2024-09-01,2024-08-31
4408,65,2024-03-06,2,Midwest,171.6,2024-03-09,2024-03-08
4409,6,2025-01-12,3,Northeast,1877.31,2025-01-15,2025-01-16
4410,23,2025-01-22,7,Northeast,731.36,2025-01-25,2025-02-01
4411,64,2024-07-27,8,South,1884.05,2024-07-30,2024-08-01
4412,87,2025-02-18,9,Northeast,1304.7,2025-02-21,2025-02-24
4413,43,2024-01-16,6,West,1782.68,2024-01-19,2024-01-17
4414,23,2024-10-23,10,South,1575.95,2024-10-26,2024-10-31
4415,96,2024-08-07,9,Northeast,75.44,2024-08-10,2024-08-15
4416,30,2025-01-01,4,Northeast,149.58,2025-01-04,2025-01-05
4417,77,2024-08-16,5,South,1060.97,2024-08-19,2024-08-19
4418,18,2025-03-15,1,Midwest,276.65,2025-03-18,2025-03-23
4419,87,2025-03-25,9,South,932.85,2025-03-28,2025-03-29
4420,79,2024-02-05,9,Midwest,1910.17,2024-02-08,2024-02-08
4421,97,2025-02-25,9,South,603.62,2025-02-28,2025-03-01
4422,21,2024-07-07,3,South,988.05,2024-07-10,2024-07-13
4423,57,2024-06-26,10,West,780.83,2024-06-29,2024-07-03
4424,23,2024-11-10,10,South,1267.06,2024-11-13,2024-11-16
4425,91,2024-01-20,10,West,403.81,2024-01-23,2024-01-26
4426,45,2025-01-16,8,Northeast,534.68,2025-01-19,2025-01-20
4427,44,2024-05-22,3,Midwest,1720.36,2024-05-25,2024-05-27
4428,82,2024-03-02,6,Midwest,1626.45,2024-03-05,2024-03-06
4429,88,2024-08-29,5,West,1582.6,2024-09-01,2024-09-02
4430,47,2024-08-25,8,Midwest,1546.42,2024-08-28,2024-09-03
4431,40,2024-05-10,3,Midwest,929.69,2024-05-13,2024-05-15
4432,51,2024-05-02,1,South,1463.2,2024-05-05,2024-05-06
4433,42,2025-03-15,9,West,786.67,2025-03-18,2025-03-18
4434,7,2024-12-07,10,Midwest,219.4,2024-12-10,2024-12-08
4435,50,2025-02-22,9,Northeast,798.88,2025-02-25,2025-03-05
4436,48,2025-03-30,3,West,334.15,2025-04-02,2025-04-11
4437,84,2024-07-16,2,South,793.89,2024-07-19,2024-07-23
4438,91,2024-10-08,4,Northeast,608.9,2024-10-11,2024-10-10
4439,6,2024-01-01,8,Midwest,1206.34,2024-01-04,2024-01-14
4440,91,2024-11-27,6,Midwest,735.85,2024-11-30,2024-11-28
4441,9,2024-07-30,10,West,1417.07,2024-08-02,2024-08-05
4442,57,2024-03-27,1,Midwest,1034.05,2024-03-30,2024-03-28
4443,31,2024-03-01,8,West,1840.59,2024-03-04,2024-03-02
4444,21,2024-04-04,5,Midwest,200.23,2024-04-07,2024-04-10
4445,90,2024-05-26,6,Northeast,1381.66,2024-05-29,2024-06-01
4446,40,2024-09-02,5,South,1351.35,2024-09-05,2024-09-07
4447,45,2024-10-23,10,Northeast,1902.24,2024-10-26,2024-11-01
4448,77,2024-05-02,5,South,755.67,2024-05-05,2024-05-07
4449,49,2025-03-31,3,West,624.77,2025-04-03,2025-04-07
4450,87,2025-02-02,4,Midwest,361.34,2025-02-05,2025-02-05
4451,20,2024-08-18,5,Northeast,545.27,2024-08-21,2024-08-27
4452,92,2025-02-05,2,Midwest,1013.74,2025-02-08,2025-02-14
4453,17,2024-05-09,6,West,1678.67,2024-05-12,2024-05-13
4454,28,2024-10-18,2,South,582.89,2024-10-21,2024-10-24
4455,41,2024-10-02,4,Northeast,332.33,2024-10-05,2024-10-05
4456,66,2025-01-10,1,South,558.81,2025-01-13,2025-01-14
4457,25,2024-02-24,4,South,219.84,2024-02-27,2024-03-02
4458,58,2024-01-26,7,West,1854.86,2024-01-29,2024-02-01
4459,41,2025-03-16,8,South,1747.8,2025-03-19,2025-03-17
4460,6,2024-07-15,2,West,630.81,2024-07-18,2024-07-17
4461,75,2024-08-30,3,South,509.04,2024-09-02,2024-09-02
4462,38,2024-07-08,1,South,1812.69,2024-07-11,2024-07-14
4463,6,2024-10-02,7,Northeast,23.51,2024-10-05,2024-10-04
4464,45,2025-02-12,4,West,1209.14,2025-02-15,2025-02-13
4465,75,2024-12-05,10,Midwest,1833.69,2024-12-08,2024-12-06
4466,14,2024-06-01,8,Midwest,1026.94,2024-06-04,2024-06-12
4467,66,2025-02-01,5,Midwest,25.87,2025-02-04,2025-02-07
4468,40,2025-03-19,9,Northeast,453.37,2025-03-22,2025-03-20
4469,3,2025-03-02,6,Northeast,1846.43,2025-03-05,2025-03-10
4470,99,2025-05-01,10,South,53.7,2025-05-04,2025-05-10
4471,97,2024-07-22,2,South,801.66,2024-07-25,2024-07-28
4472,24,2024-04-21,1,Midwest,1583.69,2024-04-24,2024-04-28
4473,19,2024-11-20,1,South,1679.42,2024-11-23,2024-11-29
4474,18,2024-09-14,9,South,965.66,2024-09-17,2024-09-21
4475,64,2024-12-15,1,Northeast,480.32,2024-12-18,2024-12-22
4476,88,2025-03-10,3,Midwest,1207.42,2025-03-13,2025-03-11
4477,35,2025-03-01,2,West,542.28,2025-03-04,2025-03-02
4478,62,2024-10-06,4,Midwest,525.42,2024-10-09,2024-10-14
4479,1,2025-01-05,1,Northeast,1619.05,2025-01-08,2025-01-09
4480,100,2024-09-05,1,Midwest,325.45,2024-09-08,2024-09-09
4481,25,2024-06-29,4,West,30.93,2024-07-02,2024-07-07
4482,45,2024-03-18,4,South,686.81,2024-03-21,2024-03-20
4483,49,2024-12-01,7,Midwest,992.13,2024-12-04,2024-12-06
4484,98,2024-02-19,8,Northeast,1416.06,2024-02-22,2024-02-24
4485,89,2024-03-25,8,Northeast,1566.61,2024-03-28,2024-04-01
4486,16,2024-01-04,8,Midwest,1333.77,2024-01-07,2024-01-10
4487,98,2024-11-12,9,South,1260.49,2024-11-15,2024-11-18
4488,93,2024-04-20,1,South,1338.18,2024-04-23,2024-04-24
4489,19,2024-11-29,9,Northeast,557.62,2024-12-02,2024-12-03
4490,23,2024-05-12,10,Northeast,777.08,2024-05-15,2024-05-18
4491,83,2024-04-28,8,West,1240.54,2024-05-01,2024-05-01
4492,25,2024-12-15,1,South,149.83,2024-12-18,2024-12-18
4493,16,2024-02-24,7,Midwest,604.74,2024-02-27,2024-03-04
4494,54,2024-12-26,9,Northeast,824.71,2024-12-29,2024-12-29
4495,73,2025-03-28,4,Northeast,1076.21,2025-03-31,2025-04-01
4496,1,2024-11-25,9,Northeast,983.23,2024-11-28,2024-12-04
4497,42,2024-08-06,1,Northeast,1441.9,2024-08-09,2024-08-09
4498,19,2024-07-26,9,South,957.38,2024-07-29,2024-08-01
4499,97,2024-03-25,6,Northeast,1810.18,2024-03-28,2024-03-31
4500,34,2024-09-01,4,South,773.03,2024-09-04,2024-09-06
4501,80,2024-11-30,5,West,1060.24,2024-12-03,2024-12-04
4502,55,2024-07-30,7,West,26.36,2024-08-02,2024-08-01
4503,18,2024-07-01,10,Midwest,634.75,2024-07-04,2024-07-08
4504,34,2024-05-12,4,Northeast,1735.81,2024-05-15,2024-05-20
4505,89,2024-12-15,8,Midwest,680.48,2024-12-18,2024-12-23
4506,45,2024-10-08,3,South,521.31,2024-10-11,2024-10-14
4507,6,2024-10-19,2,Midwest,1096.2,2024-10-22,2024-10-20
4508,21,2024-09-25,1,Midwest,175.89,2024-09-28,2024-10-02
4509,70,2024-07-15,6,Northeast,1072.58,2024-07-18,2024-07-20
4510,96,2024-01-20,2,South,621.26,2024-01-23,2024-01-23
4511,48,2025-02-08,8,South,778.54,2025-02-11,2025-02-15
4512,39,2024-04-24,10,Northeast,1586.9,2024-04-27,2024-04-30
4513,31,2024-01-26,4,South,1330.69,2024-01-29,2024-02-03
4514,10,2025-01-29,9,West,903.29,2025-02-01,2025-02-04
4515,30,2025-01-15,4,Northeast,1163.48,2025-01-18,2025-01-19
4516,18,2024-03-23,4,Northeast,1538.38,2024-03-26,2024-03-27
4517,60,2025-03-20,8,Northeast,1496.65,2025-03-23,2025-03-27
4518,88,2024-03-27,8,West,386.94,2024-03-30,2024-03-28
4519,73,2025-01-21,5,South,615.82,2025-01-24,2025-01-24
4520,95,2025-02-01,3,West,709.51,2025-02-04,2025-02-02
4521,15,2024-10-12,2,West,391.33,2024-10-15,2024-10-18
4522,4,2025-01-03,9,West,44.08,2025-01-06,2025-01-10
4523,63,2025-02-25,9,Midwest,364.46,2025-02-28,2025-02-28
4524,40,2025-03-18,5,South,1620.32,2025-03-21,2025-03-20
4525,9,2024-10-14,8,South,1100.92,2024-10-17,2024-10-22
4526,9,2024-04-04,7,Northeast,696.48,2024-04-07,2024-04-07
4527,26,2024-02-10,3,Northeast,1224.52,2024-02-13,2024-02-17
4528,4,2024-11-26,5,Midwest,1484.87,2024-11-29,2024-12-01
4529,81,2024-06-03,9,West,721.77,2024-06-06,2024-06-06
4530,16,2025-05-18,4,Northeast,942.83,2025-05-21,2025-05-25
4531,15,2024-10-01,3,South,147.14,2024-10-04,2024-10-06
4532,99,2024-06-27,7,Northeast,1202.24,2024-06-30,2024-07-06
4533,52,2024-05-16,8,West,725.69,2024-05-19,2024-05-19
4534,69,2024-06-28,5,Midwest,878.38,2024-07-01,2024-06-29
4535,5,2024-06-30,8,West,856.75,2024-07-03,2024-07-05
4536,20,2024-09-15,5,Northeast,1272.17,2024-09-18,2024-09-21
4537,79,2024-08-30,9,Midwest,1153.48,2024-09-02,2024-09-03
4538,18,2024-04-05,7,Midwest,855.77,2024-04-08,2024-04-15
4539,2,2024-07-15,5,West,53.57,2024-07-18,2024-07-24
4540,93,2025-01-21,9,Northeast,1249.51,2025-01-24,2025-01-24
4541,13,2025-02-11,5,West,1761.56,2025-02-14,2025-02-16
4542,4,2024-09-25,8,Northeast,1543.71,2024-09-28,2024-09-26
4543,42,2024-06-19,4,Northeast,1963.6,2024-06-22,2024-06-27
4544,74,2024-06-18,9,South,295.37,2024-06-21,2024-06-21
4545,61,2024-06-07,6,Midwest,460.59,2024-06-10,2024-06-13
4546,95,2025-05-23,6,Northeast,1087.75,2025-05-26,2025-05-27
4547,8,2025-03-22,3,West,487.05,2025-03-25,2025-03-23
4548,67,2024-03-22,3,West,88.41,2024-03-25,2024-03-30
4549,63,2024-02-26,4,South,816.53,2024-02-29,2024-02-28
4550,9,2024-04-21,1,South,589.54,2024-04-24,2024-04-24
4551,94,2024-02-17,6,South,542.25,2024-02-20,2024-02-25
4552,11,2025-01-10,1,Midwest,1907.28,2025-01-13,2025-01-12
4553,99,2024-02-02,4,South,492.14,2024-02-05,2024-02-11
4554,42,2025-05-18,7,Midwest,276.28,2025-05-21,2025-05-20
4555,13,2024-01-03,6,South,268.13,2024-01-06,2024-01-04
4556,36,2025-04-30,8,Midwest,1616.52,2025-05-03,2025-05-05
4557,13,2025-05-30,4,Northeast,1435.4,2025-06-02,2025-06-09
4558,12,2024-02-11,9,South,276.38,2024-02-14,2024-02-16
4559,37,2024-01-09,10,Midwest,455.11,2024-01-12,2024-01-17
4560,74,2024-05-21,8,Northeast,1499.74,2024-05-24,2024-05-22
4561,73,2025-03-11,5,South,563.74,2025-03-14,2025-03-15
4562,52,2024-01-27,6,Northeast,1963.45,2024-01-30,2024-01-31
4563,71,2024-02-12,5,South,1090.33,2024-02-15,2024-02-13
4564,2,2024-05-10,6,West,400.18,2024-05-13,2024-05-11
4565,56,2024-08-03,1,Midwest,1720.44,2024-08-06,2024-08-07
4566,60,2024-12-10,4,West,652.56,2024-12-13,2024-12-20
4567,23,2025-05-22,9,Midwest,591.84,2025-05-25,2025-05-28
4568,40,2025-02-16,4,West,668.33,2025-02-19,2025-02-19
4569,64,2024-09-02,2,South,1541.03,2024-09-05,2024-09-03
4570,85,2025-03-24,6,West,362.96,2025-03-27,2025-03-28
4571,23,2024-01-21,2,South,775.94,2024-01-24,2024-01-25
4572,29,2025-02-11,3,Midwest,81.05,2025-02-14,2025-02-17
4573,78,2025-04-01,7,South,1656.72,2025-04-04,2025-04-05
4574,90,2025-03-19,4,West,694.62,2025-03-22,2025-03-26
4575,51,2024-09-21,1,Northeast,511.38,2024-09-24,2024-09-28
4576,69,2024-07-02,9,Midwest,1168.19,2024-07-05,2024-07-07
4577,95,2024-08-14,6,Northeast,1415.88,2024-08-17,2024-08-19
4578,89,2024-09-02,9,Northeast,1629.53,2024-09-05,2024-09-07
4579,31,2024-03-13,3,Northeast,708.61,2024-03-16,2024-03-14
4580,50,2024-05-29,5,Northeast,1628.36,2024-06-01,2024-06-05
4581,20,2025-05-27,9,Northeast,940.46,2025-05-30,2025-06-06
4582,55,2024-03-09,6,West,220.26,2024-03-12,2024-03-14
4583,81,2024-08-17,2,South,1695.69,2024-08-20,2024-08-20
4584,2,2024-03-12,1,South,1104.32,2024-03-15,2024-03-17
4585,25,2025-01-31,9,Northeast,1212.89,2025-02-03,2025-02-04
4586,13,2024-03-24,1,West,1876.23,2024-03-27,2024-03-29
4587,92,2024-10-25,5,Northeast,1127.12,2024-10-28,2024-10-29
4588,70,2024-10-19,1,Northeast,31.06,2024-10-22,2024-10-20
4589,67,2024-08-10,5,Midwest,1743.82,2024-08-13,2024-08-15
4590,58,2024-08-03,5,West,583.81,2024-08-06,2024-08-15
4591,99,2024-08-18,7,Northeast,1013.5,2024-08-21,2024-08-19
4592,82,2025-02-08,7,South,425.68,2025-02-11,2025-02-16
4593,75,2024-06-17,10,Midwest,608.03,2024-06-20,2024-06-23
4594,84,2024-11-24,1,Northeast,1379.56,2024-11-27,2024-11-26
4595,64,2025-03-01,9,Northeast,870.56,2025-03-04,2025-03-02
4596,69,2024-07-14,1,Northeast,1261.72,2024-07-17,2024-07-20
4597,83,2024-03-17,5,West,1650.68,2024-03-20,2024-03-23
4598,86,2024-10-03,7,Northeast,694.83,2024-10-06,2024-10-04
4599,59,2025-04-10,8,South,1145.31,2025-04-13,2025-04-18
4600,60,2025-03-23,2,Midwest,1559.62,2025-03-26,2025-03-27
4601,83,2024-11-15,1,West,1435.94,2024-11-18,2024-11-21
4602,62,2024-06-08,4,Midwest,1088.89,2024-06-11,2024-06-15
4603,16,2025-05-06,4,South,779.1,2025-05-09,2025-05-14
4604,88,2024-11-08,10,Northeast,826.85,2024-11-11,2024-11-10
4605,68,2024-06-09,6,West,877.61,2024-06-12,2024-06-20
4606,15,2024-11-03,1,Northeast,710.71,2024-11-06,2024-11-05
4607,89,2024-05-25,1,West,1404.17,2024-05-28,2024-06-02
4608,55,2025-01-30,3,Northeast,268.32,2025-02-02,2025-02-03
4609,35,2024-03-29,5,South,1935.56,2024-04-01,2024-04-03
4610,55,2024-11-03,6,South,1562.39,2024-11-06,2024-11-08
4611,14,2025-01-05,5,Northeast,610.36,2025-01-08,2025-01-11
4612,49,2025-03-26,5,South,104.24,2025-03-29,2025-04-03
4613,83,2024-06-15,9,Northeast,1428.38,2024-06-18,2024-06-18
4614,100,2025-01-26,2,West,1474.03,2025-01-29,2025-01-28
4615,7,2025-05-05,1,South,1927.97,2025-05-08,2025-05-06
4616,30,2024-05-29,6,West,522.34,2024-06-01,2024-06-04
4617,83,2025-04-12,9,Northeast,183.8,2025-04-15,2025-04-16
4618,49,2024-02-12,7,West,1831.97,2024-02-15,2024-02-17
4619,89,2024-01-29,8,Midwest,532.13,2024-02-01,2024-02-03
4620,16,2024-01-31,5,Northeast,1448.63,2024-02-03,2024-02-07
4621,51,2024-05-07,10,South,140.11,2024-05-10,2024-05-10
4622,72,2024-10-20,4,South,1525.96,2024-10-23,2024-10-26
4623,82,2025-03-16,6,Midwest,271.51,2025-03-19,2025-03-21
4624,92,2025-01-22,3,Northeast,1397.26,2025-01-25,2025-01-24
4625,80,2024-04-19,1,Northeast,1074.04,2024-04-22,2024-04-22
4626,83,2024-11-23,4,Northeast,1911.87,2024-11-26,2024-12-01
4627,42,2025-02-08,9,Northeast,93.1,2025-02-11,2025-02-15
4628,17,2024-09-01,4,West,598.26,2024-09-04,2024-09-08
4629,63,2024-06-11,1,Northeast,157.63,2024-06-14,2024-06-15
4630,45,2025-02-02,4,West,1760.81,2025-02-05,2025-02-03
4631,77,2025-02-02,7,West,1195.92,2025-02-05,2025-02-03
4632,7,2025-05-07,3,South,1079.24,2025-05-10,2025-05-11
4633,27,2024-08-26,10,Northeast,280.29,2024-08-29,2024-08-27
4634,10,2025-04-09,6,West,988.28,2025-04-12,2025-04-17
4635,34,2024-02-01,1,Northeast,809.43,2024-02-04,2024-02-04
4636,36,2024-05-02,4,Midwest,645.19,2024-05-05,2024-05-06
4637,25,2024-04-19,3,West,1548.93,2024-04-22,2024-04-29
4638,6,2024-09-27,1,South,141.33,2024-09-30,2024-10-05
4639,24,2025-01-14,3,Northeast,1300.44,2025-01-17,2025-01-20
4640,18,2024-10-26,4,South,1649.53,2024-10-29,2024-11-01
4641,87,2024-09-05,5,West,1816.47,2024-09-08,2024-09-08
4642,6,2024-02-03,6,West,1496.91,2024-02-06,2024-02-10
4643,29,2024-08-15,2,South,579.26,2024-08-18,2024-08-21
4644,25,2025-02-02,2,Northeast,1209.0,2025-02-05,2025-02-07
4645,55,2024-08-07,6,West,299.98,2024-08-10,2024-08-14
4646,81,2025-01-05,5,Midwest,251.78,2025-01-08,2025-01-12
4647,46,2024-03-15,1,South,1284.48,2024-03-18,2024-03-17
4648,24,2024-05-15,3,West,1705.19,2024-05-18,2024-05-23
4649,75,2024-03-14,5,Northeast,153.15,2024-03-17,2024-03-19
4650,26,2024-09-10,2,West,229.89,2024-09-13,2024-09-15
4651,98,2024-01-18,1,Northeast,1139.9,2024-01-21,2024-01-19
4652,28,2024-02-12,9,Northeast,452.06,2024-02-15,2024-02-13
4653,3,2024-02-19,5,West,1231.4,2024-02-22,2024-02-20
4654,75,2025-05-29,2,Midwest,444.8,2025-06-01,2025-06-10
4655,38,2024-10-29,10,Northeast,250.63,2024-11-01,2024-11-10
4656,61,2024-05-21,4,South,1100.24,2024-05-24,2024-05-22
4657,78,2024-07-20,3,Northeast,1727.15,2024-07-23,2024-07-21
4658,51,2024-07-25,7,Northeast,1376.54,2024-07-28,2024-07-28
4659,90,2025-02-18,1,Midwest,1641.08,2025-02-21,2025-02-26
4660,48,2024-08-08,10,Northeast,547.34,2024-08-11,2024-08-15
4661,21,2024-12-27,4,West,1774.24,2024-12-30,2025-01-08
4662,54,2024-03-21,7,Midwest,766.54,2024-03-24,2024-03-25
4663,56,2024-10-11,10,Northeast,1707.85,2024-10-14,2024-10-14
4664,94,2025-01-03,5,West,952.93,2025-01-06,2025-01-08
4665,59,2025-05-06,4,West,550.36,2025-05-09,2025-05-10
4666,72,2024-12-11,4,Northeast,535.31,2024-12-14,2024-12-16
4667,51,2024-07-22,2,South,1143.98,2024-07-25,2024-07-27
4668,20,2024-01-25,8,South,176.44,2024-01-28,2024-02-05
4669,96,2024-03-09,4,Northeast,1861.51,2024-03-12,2024-03-14
4670,86,2025-05-30,2,Northeast,557.5,2025-06-02,2025-06-01
4671,59,2025-05-06,9,West,684.54,2025-05-09,2025-05-10
4672,71,2024-08-27,10,Northeast,481.94,2024-08-30,2024-09-03
4673,9,2024-12-26,7,Northeast,25.96,2024-12-29,2025-01-02
4674,1,2025-03-16,3,West,1391.25,2025-03-19,2025-03-23
4675,29,2024-01-31,7,Northeast,1189.29,2024-02-03,2024-02-01
4676,63,2024-11-17,1,Northeast,1623.1,2024-11-20,2024-11-18
4677,72,2024-12-09,1,Northeast,101.2,2024-12-12,2024-12-14
4678,56,2024-12-20,4,West,1858.74,2024-12-23,2024-12-26
4679,68,2025-04-15,4,Northeast,675.16,2025-04-18,2025-04-18
4680,35,2024-04-14,4,South,1827.88,2024-04-17,2024-04-23
4681,3,2024-11-17,9,Northeast,232.12,2024-11-20,2024-11-24
4682,7,2025-05-18,6,South,1492.96,2025-05-21,2025-05-21
4683,27,2024-03-25,3,Northeast,1167.13,2024-03-28,2024-04-07
4684,1,2024-08-22,6,West,729.22,2024-08-25,2024-08-26
4685,91,2024-09-19,2,South,176.7,2024-09-22,2024-09-23
4686,80,2024-01-06,2,Northeast,1217.38,2024-01-09,2024-01-10
4687,71,2025-05-08,7,Northeast,72.35,2025-05-11,2025-05-13
4688,44,2024-10-15,3,Northeast,1012.54,2024-10-18,2024-10-17
4689,87,2024-12-15,7,Northeast,1216.33,2024-12-18,2024-12-22
4690,41,2024-07-18,3,West,1470.4,2024-07-21,2024-07-26
4691,75,2024-11-30,2,Midwest,1982.84,2024-12-03,2024-12-07
4692,42,2024-08-04,4,South,534.99,2024-08-07,2024-08-08
4693,33,2024-12-18,4,Northeast,658.33,2024-12-21,2024-12-22
4694,50,2024-11-20,3,West,695.47,2024-11-23,2024-11-27
4695,63,2024-08-15,9,Midwest,1468.53,2024-08-18,2024-08-21
4696,100,2024-05-24,6,West,1865.0,2024-05-27,2024-05-27
4697,37,2024-11-03,5,Northeast,1949.16,2024-11-06,2024-11-04
4698,59,2024-10-11,6,Midwest,1892.71,2024-10-14,2024-10-15
4699,81,2025-01-26,8,South,1761.18,2025-01-29,2025-02-02
4700,99,2024-12-25,5,South,1982.14,2024-12-28,2024-12-31
4701,48,2024-06-13,4,West,764.37,2024-06-16,2024-06-14
4702,5,2024-08-11,7,South,1897.68,2024-08-14,2024-08-19
4703,48,2024-05-03,5,South,1526.82,2024-05-06,2024-05-14
4704,96,2024-12-09,4,Midwest,353.55,2024-12-12,2024-12-13
4705,3,2024-02-21,5,South,110.02,2024-02-24,2024-02-25
4706,47,2024-05-08,4,Midwest,444.68,2024-05-11,2024-05-11
4707,62,2024-05-14,8,Midwest,1561.93,2024-05-17,2024-05-18
4708,99,2024-05-06,8,Midwest,1270.76,2024-05-09,2024-05-15
4709,14,2024-03-11,1,South,464.23,2024-03-14,2024-03-14
4710,63,2024-09-29,3,West,1489.0,2024-10-02,2024-10-05
4711,61,2024-07-05,4,West,299.82,2024-07-08,2024-07-09
4712,31,2024-01-03,2,South,1647.25,2024-01-06,2024-01-09
4713,95,2024-10-11,5,Midwest,1592.44,2024-10-14,2024-10-15
4714,17,2024-01-22,8,South,1945.7,2024-01-25,2024-01-29
4715,24,2024-06-14,2,Northeast,317.55,2024-06-17,2024-06-22
4716,23,2024-11-05,9,West,1815.09,2024-11-08,2024-11-11
4717,82,2025-04-21,7,Midwest,695.38,2025-04-24,2025-04-25
4718,50,2025-05-12,6,South,843.8,2025-05-15,2025-05-19
4719,78,2025-03-09,8,Midwest,947.52,2025-03-12,2025-03-12
4720,79,2024-08-21,2,Northeast,1261.27,2024-08-24,2024-08-27
4721,79,2025-01-10,5,Midwest,1989.63,2025-01-13,2025-01-13
4722,70,2024-09-02,4,Northeast,1207.92,2024-09-05,2024-09-08
4723,27,2024-10-29,8,West,1854.9,2024-11-01,2024-10-31
4724,15,2025-02-08,1,Midwest,524.96,2025-02-11,2025-02-17
4725,50,2024-01-21,3,South,808.86,2024-01-24,2024-01-22
4726,36,2024-09-13,10,Midwest,1018.91,2024-09-16,2024-09-18
4727,8,2025-02-02,8,Midwest,659.35,2025-02-05,2025-02-03
4728,79,2024-02-20,5,Northeast,1954.2,2024-02-23,2024-02-28
4729,3,2025-03-22,4,Northeast,1456.85,2025-03-25,2025-04-01
4730,62,2024-09-26,6,South,968.19,2024-09-29,2024-09-27
4731,47,2024-09-18,5,West,1507.58,2024-09-21,2024-09-24
4732,77,2024-12-30,3,West,945.54,2025-01-02,2025-01-03
4733,98,2024-02-18,5,Northeast,54.11,2024-02-21,2024-02-25
4734,88,2025-06-01,4,South,1095.52,2025-06-04,2025-06-11
4735,96,2024-04-27,1,Midwest,1257.87,2024-04-30,2024-05-03
4736,61,2025-03-28,1,South,1962.79,2025-03-31,2025-03-31
4737,32,2025-01-31,7,South,100.77,2025-02-03,2025-02-03
4738,94,2024-01-27,4,South,1033.95,2024-01-30,2024-01-31
4739,13,2025-01-06,1,West,214.35,2025-01-09,2025-01-09
4740,1,2024-04-06,6,Midwest,315.01,2024-04-09,2024-04-13
4741,34,2024-07-04,1,South,1228.72,2024-07-07,2024-07-12
4742,62,2024-08-02,8,West,478.5,2024-08-05,2024-08-11
4743,79,2024-09-07,9,West,1503.36,2024-09-10,2024-09-11
4744,78,2024-08-03,3,Northeast,1038.11,2024-08-06,2024-08-11
4745,93,2024-01-29,7,Midwest,452.06,2024-02-01,2024-02-08
4746,98,2024-04-11,5,South,997.71,2024-04-14,2024-04-12
4747,82,2024-05-02,3,Midwest,21.75,2024-05-05,2024-05-06
4748,71,2024-02-23,5,Northeast,1728.23,2024-02-26,2024-02-28
4749,93,2024-10-09,10,Northeast,45.1,2024-10-12,2024-10-16
4750,31,2024-04-26,7,South,33.88,2024-04-29,2024-05-05
4751,64,2024-04-23,7,West,1230.78,2024-04-26,2024-04-24
4752,25,2024-10-19,9,Northeast,1947.57,2024-10-22,2024-10-22
4753,38,2024-07-13,8,West,1714.75,2024-07-16,2024-07-21
4754,14,2024-10-18,4,Northeast,519.0,2024-10-21,2024-10-20
4755,8,2024-09-17,5,Midwest,409.4,2024-09-20,2024-09-24
4756,91,2024-07-25,5,South,1259.7,2024-07-28,2024-08-01
4757,54,2024-02-18,10,Northeast,1648.82,2024-02-21,2024-02-25
4758,2,2024-01-06,2,Midwest,736.92,2024-01-09,2024-01-13
4759,81,2025-01-13,7,Northeast,876.06,2025-01-16,2025-01-17
4760,78,2025-01-28,7,South,248.67,2025-01-31,2025-02-01
4761,89,2024-08-11,9,Midwest,322.6,2024-08-14,2024-08-15
4762,56,2024-01-23,9,West,1145.34,2024-01-26,2024-01-29
4763,94,2024-04-19,4,Northeast,223.26,2024-04-22,2024-04-20
4764,93,2025-02-02,5,Northeast,420.05,2025-02-05,2025-02-08
4765,84,2024-06-20,7,Midwest,484.66,2024-06-23,2024-06-30
4766,85,2024-11-01,10,South,898.97,2024-11-04,2024-11-07
4767,61,2024-05-30,7,Northeast,110.31,2024-06-02,2024-06-04
4768,22,2025-03-03,10,Midwest,1009.55,2025-03-06,2025-03-08
4769,35,2025-04-11,8,South,1858.78,2025-04-14,2025-04-18
4770,16,2024-03-07,8,Northeast,68.44,2024-03-10,2024-03-15
4771,50,2024-06-04,2,Midwest,1269.35,2024-06-07,2024-06-09
4772,43,2024-07-24,9,South,1674.97,2024-07-27,2024-07-28
4773,17,2024-06-03,4,Northeast,638.67,2024-06-06,2024-06-04
4774,80,2025-05-23,1,Northeast,280.41,2025-05-26,2025-05-28
4775,58,2024-03-14,1,South,105.81,2024-03-17,2024-03-15
4776,2,2024-02-18,5,South,1294.93,2024-02-21,2024-02-21
4777,4,2025-04-11,7,Midwest,1113.42,2025-04-14,2025-04-19
4778,85,2024-06-27,5,Northeast,474.0,2024-06-30,2024-07-05
4779,39,2024-02-17,3,Northeast,1666.6,2024-02-20,2024-02-23
4780,98,2024-03-12,7,Midwest,1476.3,2024-03-15,2024-03-21
4781,94,2024-04-22,1,Northeast,567.33,2024-04-25,2024-04-23
4782,6,2024-06-07,1,Northeast,1511.66,2024-06-10,2024-06-17
4783,81,2024-01-30,2,Northeast,505.09,2024-02-02,2024-02-01
4784,89,2024-04-06,1,West,1357.03,2024-04-09,2024-04-12
4785,69,2024-09-07,9,South,254.72,2024-09-10,2024-09-10
4786,69,2024-04-01,4,West,1390.63,2024-04-04,2024-04-07
4787,20,2024-04-22,7,West,492.77,2024-04-25,2024-04-27
4788,64,2024-09-15,5,South,1153.49,2024-09-18,2024-09-23
4789,16,2024-04-16,7,West,361.48,2024-04-19,2024-04-28
4790,51,2025-01-24,7,Midwest,1457.41,2025-01-27,2025-02-01
4791,37,2024-12-23,1,West,140.54,2024-12-26,2024-12-28
4792,73,2024-07-17,1,Midwest,347.53,2024-07-20,2024-07-27
4793,69,2025-03-02,3,South,384.59,2025-03-05,2025-03-03
4794,42,2025-04-22,10,Northeast,101.86,2025-04-25,2025-04-25
4795,57,2025-05-17,2,South,1495.12,2025-05-20,2025-05-21
4796,66,2024-04-29,7,South,1962.29,2024-05-02,2024-05-03
4797,9,2024-11-04,3,West,1561.23,2024-11-07,2024-11-07
4798,100,2025-04-19,7,South,1724.05,2025-04-22,2025-04-26
4799,86,2024-12-09,9,South,31.9,2024-12-12,2024-12-14
4800,64,2024-05-15,1,Midwest,253.38,2024-05-18,2024-05-20
4801,86,2024-10-03,3,Northeast,1126.86,2024-10-06,2024-10-12
4802,22,2024-01-31,6,West,1956.18,2024-02-03,2024-02-04
4803,34,2024-09-03,9,Northeast,1328.21,2024-09-06,2024-09-11
4804,55,2025-02-14,5,Northeast,760.79,2025-02-17,2025-02-18
4805,29,2024-01-27,3,Northeast,309.38,2024-01-30,2024-01-31
4806,38,2024-03-13,8,West,322.61,2024-03-16,2024-03-16
4807,97,2024-04-06,5,South,738.25,2024-04-09,2024-04-07
4808,18,2024-12-11,6,Northeast,1433.34,2024-12-14,2024-12-14
4809,71,2025-04-20,2,West,83.0,2025-04-23,2025-04-21
4810,65,2024-10-26,4,South,1707.31,2024-10-29,2024-11-01
4811,97,2024-10-25,1,Northeast,1884.27,2024-10-28,2024-10-29
4812,1,2024-10-13,4,Midwest,1779.86,2024-10-16,2024-10-21
4813,88,2025-03-24,1,West,1827.79,2025-03-27,2025-03-27
4814,4,2024-07-30,4,Northeast,50.37,2024-08-02,2024-08-03
4815,4,2024-03-16,2,West,1956.03,2024-03-19,2024-03-25
4816,82,2025-02-04,6,Midwest,745.39,2025-02-07,2025-02-12
4817,27,2024-02-03,6,West,1741.18,2024-02-06,2024-02-08
4818,43,2025-05-12,8,South,389.88,2025-05-15,2025-05-14
4819,59,2025-05-30,9,Northeast,904.12,2025-06-02,2025-06-06
4820,32,2024-11-23,8,West,107.45,2024-11-26,2024-11-27
4821,33,2024-04-07,1,West,99.35,2024-04-10,2024-04-10
4822,28,2024-12-31,3,Northeast,1887.69,2025-01-03,2025-01-09
4823,55,2025-04-07,6,Midwest,1625.0,2025-04-10,2025-04-16
4824,100,2024-01-28,1,Midwest,1069.06,2024-01-31,2024-01-30
4825,60,2025-01-20,8,Northeast,1060.41,2025-01-23,2025-01-30
4826,70,2024-09-29,6,Northeast,1502.53,2024-10-02,2024-10-04
4827,62,2024-05-06,1,South,696.5,2024-05-09,2024-05-13
4828,80,2024-07-20,10,West,1528.5,2024-07-23,2024-07-30
4829,34,2024-10-13,2,West,980.32,2024-10-16,2024-10-18
4830,87,2025-03-25,6,Midwest,1283.08,2025-03-28,2025-03-31
4831,88,2024-03-28,10,South,1930.36,2024-03-31,2024-04-04
4832,56,2024-11-13,8,West,953.2,2024-11-16,2024-11-23
4833,13,2024-01-19,5,South,848.44,2024-01-22,2024-01-24
4834,56,2024-04-16,1,Northeast,1813.38,2024-04-19,2024-04-23
4835,18,2025-04-02,10,West,1807.11,2025-04-05,2025-04-05
4836,54,2024-11-06,2,Northeast,1984.99,2024-11-09,2024-11-07
4837,77,2025-02-15,4,Midwest,1110.71,2025-02-18,2025-02-18
4838,43,2025-05-12,4,Midwest,701.64,2025-05-15,2025-05-15
4839,39,2024-08-31,7,Northeast,495.97,2024-09-03,2024-09-08
4840,61,2025-01-14,2,Midwest,87.51,2025-01-17,2025-01-19
4841,42,2025-05-29,7,Northeast,1458.92,2025-06-01,2025-06-01
4842,81,2024-07-25,7,Northeast,482.28,2024-07-28,2024-07-27
4843,79,2025-01-28,7,Northeast,1221.15,2025-01-31,2025-02-01
4844,18,2024-01-21,3,Midwest,1834.85,2024-01-24,2024-01-29
4845,23,2024-12-08,6,Midwest,1901.42,2024-12-11,2024-12-10
4846,54,2024-07-20,6,Midwest,28.73,2024-07-23,2024-07-25
4847,30,2024-04-29,4,Northeast,647.81,2024-05-02,2024-05-03
4848,98,2025-01-23,1,South,1678.01,2025-01-26,2025-01-29
4849,58,2024-08-21,9,Midwest,1082.16,2024-08-24,2024-09-01
4850,68,2024-11-15,2,South,1618.87,2024-11-18,2024-11-18
4851,67,2024-06-28,9,Midwest,1709.58,2024-07-01,2024-07-04
4852,71,2025-01-02,8,West,896.4,2025-01-05,2025-01-07
4853,18,2024-03-16,1,West,730.79,2024-03-19,2024-03-20
4854,7,2025-05-10,7,West,921.76,2025-05-13,2025-05-15
4855,40,2024-07-19,10,South,1312.53,2024-07-22,2024-07-29
4856,70,2024-12-11,3,Midwest,746.98,2024-12-14,2024-12-16
4857,86,2025-04-27,10,Northeast,1554.48,2025-04-30,2025-05-02
4858,65,2024-08-06,10,South,1809.91,2024-08-09,2024-08-10
4859,68,2024-02-29,9,Midwest,578.98,2024-03-03,2024-03-06
4860,49,2024-08-08,5,West,1930.68,2024-08-11,2024-08-10
4861,52,2025-05-16,3,South,1253.0,2025-05-19,2025-05-21
4862,29,2024-05-12,8,Midwest,1758.77,2024-05-15,2024-05-18
4863,21,2024-02-22,3,Northeast,225.75,2024-02-25,2024-02-24
4864,90,2025-03-25,7,South,517.97,2025-03-28,2025-04-04
4865,78,2024-03-02,7,Northeast,655.62,2024-03-05,2024-03-12
4866,9,2024-01-23,7,South,619.59,2024-01-26,2024-02-04
4867,47,2024-02-13,1,West,360.29,2024-02-16,2024-02-20
4868,76,2024-02-16,5,West,1739.04,2024-02-19,2024-02-22
4869,42,2024-01-24,1,West,848.85,2024-01-27,2024-01-29
4870,51,2024-03-29,7,Northeast,1927.0,2024-04-01,2024-04-03
4871,56,2024-06-22,8,West,1175.28,2024-06-25,2024-06-30
4872,51,2024-04-28,7,Northeast,294.02,2024-05-01,2024-05-03
4873,70,2024-06-26,1,Northeast,1100.89,2024-06-29,2024-07-01
4874,20,2024-12-07,3,Northeast,1987.22,2024-12-10,2024-12-14
4875,88,2024-02-28,10,West,1139.04,2024-03-02,2024-03-02
4876,27,2025-03-13,3,Midwest,23.7,2025-03-16,2025-03-23
4877,38,2025-03-03,7,Northeast,1867.5,2025-03-06,2025-03-08
4878,72,2025-03-01,4,Midwest,485.09,2025-03-04,2025-03-08
4879,65,2025-01-15,3,Northeast,1383.29,2025-01-18,2025-01-18
4880,54,2025-04-30,6,West,1039.86,2025-05-03,2025-05-05
4881,24,2024-07-03,10,West,664.36,2024-07-06,2024-07-07
4882,47,2025-04-04,6,West,579.63,2025-04-07,2025-04-08
4883,71,2024-04-11,10,South,1858.94,2024-04-14,2024-04-13
4884,83,2024-01-15,5,West,1825.61,2024-01-18,2024-01-23
4885,86,2024-02-20,6,Midwest,1036.01,2024-02-23,2024-02-26
4886,63,2024-11-04,3,Northeast,531.82,2024-11-07,2024-11-05
4887,57,2024-02-03,10,Midwest,222.64,2024-02-06,2024-02-07
4888,55,2024-07-23,5,South,330.02,2024-07-26,2024-07-27
4889,60,2024-03-10,9,Midwest,1054.06,2024-03-13,2024-03-16
4890,99,2024-08-17,4,Northeast,629.5,2024-08-20,2024-08-22
4891,62,2025-04-24,2,Northeast,103.29,2025-04-27,2025-05-02
4892,30,2024-04-17,5,West,921.23,2024-04-20,2024-04-25
4893,93,2024-08-28,3,South,1497.45,2024-08-31,2024-09-09
4894,22,2024-09-07,3,South,1785.56,2024-09-10,2024-09-08
4895,75,2024-05-14,4,Midwest,1178.86,2024-05-17,2024-05-23
4896,84,2024-03-30,4,West,1452.12,2024-04-02,2024-04-06
4897,29,2025-03-15,5,West,740.86,2025-03-18,2025-03-19
4898,41,2024-10-24,7,West,1002.55,2024-10-27,2024-10-28
4899,42,2025-02-10,4,Northeast,1464.66,2025-02-13,2025-02-15
4900,98,2024-11-03,7,South,1460.76,2024-11-06,2024-11-09
4901,65,2024-04-11,9,Midwest,860.56,2024-04-14,2024-04-14
4902,31,2024-12-26,3,Midwest,1096.46,2024-12-29,2024-12-27
4903,30,2024-10-19,5,Midwest,1849.23,2024-10-22,2024-10-22
4904,18,2024-05-25,4,West,1271.36,2024-05-28,2024-05-29
4905,17,2025-02-07,9,South,1292.3,2025-02-10,2025-02-14
4906,38,2024-01-02,5,South,1573.55,2024-01-05,2024-01-03
4907,14,2024-04-28,10,Northeast,248.14,2024-05-01,2024-05-05
4908,87,2024-07-09,2,Northeast,1055.31,2024-07-12,2024-07-10
4909,89,2024-01-03,10,Northeast,1919.67,2024-01-06,2024-01-09
4910,79,2025-05-01,1,Midwest,736.09,2025-05-04,2025-05-08
4911,56,2024-06-25,7,Midwest,603.95,2024-06-28,2024-06-30
4912,22,2024-09-13,1,South,1210.39,2024-09-16,2024-09-18
4913,67,2025-04-21,8,Northeast,457.82,2025-04-24,2025-04-28
4914,56,2025-02-01,9,Midwest,1120.77,2025-02-04,2025-02-04
4915,19,2025-05-10,7,Northeast,328.19,2025-05-13,2025-05-16
4916,57,2024-08-07,9,Northeast,1167.99,2024-08-10,2024-08-11
4917,44,2024-06-21,10,South,1212.71,2024-06-24,2024-07-01
4918,98,2025-01-24,6,South,848.43,2025-01-27,2025-01-31
4919,35,2025-05-16,7,Midwest,777.84,2025-05-19,2025-05-18
4920,1,2024-09-16,3,South,506.01,2024-09-19,2024-09-26
4921,52,2024-05-10,9,Northeast,675.23,2024-05-13,2024-05-18
4922,85,2024-04-22,3,South,1006.73,2024-04-25,2024-04-23
4923,93,2024-01-20,6,Northeast,510.36,2024-01-23,2024-01-21
4924,70,2024-08-02,4,Northeast,1570.01,2024-08-05,2024-08-03
4925,37,2024-11-05,9,Midwest,1423.89,2024-11-08,2024-11-07
4926,65,2024-09-07,1,Midwest,553.23,2024-09-10,2024-09-12
4927,51,2025-05-02,9,Midwest,212.92,2025-05-05,2025-05-07
4928,1,2025-01-16,4,Northeast,20.36,2025-01-19,2025-01-23
4929,91,2025-02-12,10,South,1201.5,2025-02-15,2025-02-16
4930,21,2024-09-27,5,Midwest,438.5,2024-09-30,2024-10-01
4931,53,2025-02-10,1,Midwest,44.91,2025-02-13,2025-02-15
4932,16,2024-07-12,1,South,730.99,2024-07-15,2024-07-20
4933,61,2025-03-16,6,South,1924.76,2025-03-19,2025-03-17
4934,54,2024-11-08,10,Midwest,1386.09,2024-11-11,2024-11-12
4935,40,2024-03-19,1,Northeast,1718.37,2024-03-22,2024-03-28
4936,26,2024-06-28,2,Northeast,306.58,2024-07-01,2024-07-03
4937,80,2024-01-14,3,Midwest,165.11,2024-01-17,2024-01-18
4938,92,2024-09-02,7,South,42.83,2024-09-05,2024-09-05
4939,65,2024-01-14,2,Northeast,1912.21,2024-01-17,2024-01-22
4940,100,2024-04-08,5,South,614.4,2024-04-11,2024-04-12
4941,74,2024-02-02,9,West,929.82,2024-02-05,2024-02-06
4942,64,2025-03-11,10,South,801.16,2025-03-14,2025-03-20
4943,43,2024-09-13,8,South,1466.3,2024-09-16,2024-09-15
4944,17,2024-02-03,8,West,633.73,2024-02-06,2024-02-13
4945,59,2024-01-19,2,Northeast,1080.2,2024-01-22,2024-01-25
4946,23,2024-09-16,1,Northeast,1991.25,2024-09-19,2024-09-21
4947,7,2025-02-19,9,Northeast,899.25,2025-02-22,2025-02-25
4948,44,2024-05-16,10,Midwest,1111.52,2024-05-19,2024-05-21
4949,53,2024-12-24,4,West,1015.01,2024-12-27,2024-12-27
4950,71,2024-04-25,9,South,1610.31,2024-04-28,2024-05-01
4951,79,2025-02-07,7,West,548.34,2025-02-10,2025-02-11
4952,34,2024-07-20,6,West,357.47,2024-07-23,2024-07-26
4953,46,2025-01-10,10,West,1513.1,2025-01-13,2025-01-22
4954,68,2024-09-06,9,West,842.92,2024-09-09,2024-09-13
4955,78,2025-03-21,10,West,1829.18,2025-03-24,2025-03-25
4956,78,2024-10-04,4,West,1295.44,2024-10-07,2024-10-10
4957,16,2024-04-21,1,Midwest,1137.4,2024-04-24,2024-04-25
4958,71,2025-04-17,5,West,159.5,2025-04-20,2025-04-21
4959,96,2025-01-26,6,West,1466.22,2025-01-29,2025-01-31
4960,19,2024-05-22,6,Northeast,1378.36,2024-05-25,2024-05-28
4961,2,2024-02-01,1,West,1287.34,2024-02-04,2024-02-09
4962,10,2024-06-29,7,West,550.46,2024-07-02,2024-07-10
4963,50,2025-05-30,8,Northeast,1894.54,2025-06-02,2025-06-06
4964,81,2024-09-25,5,Northeast,656.88,2024-09-28,2024-09-27
4965,12,2024-08-23,2,Northeast,321.42,2024-08-26,2024-08-24
4966,70,2024-10-03,2,South,1974.66,2024-10-06,2024-10-08
4967,22,2024-10-01,5,West,1497.57,2024-10-04,2024-10-09
4968,32,2024-03-26,7,West,841.28,2024-03-29,2024-03-30
4969,84,2024-03-03,7,West,1873.11,2024-03-06,2024-03-07
4970,1,2025-02-07,4,Northeast,200.41,2025-02-10,2025-02-15
4971,54,2024-07-10,3,Midwest,193.57,2024-07-13,2024-07-15
4972,58,2024-10-19,9,West,1371.25,2024-10-22,2024-10-27
4973,70,2024-01-31,7,Northeast,372.38,2024-02-03,2024-02-01
4974,83,2024-11-25,2,Northeast,1835.94,2024-11-28,2024-12-01
4975,18,2024-04-16,1,Northeast,1683.91,2024-04-19,2024-04-17
4976,6,2024-10-02,2,South,626.61,2024-10-05,2024-10-08
4977,45,2024-03-22,3,Northeast,1779.9,2024-03-25,2024-03-30
4978,97,2024-03-04,5,Midwest,104.92,2024-03-07,2024-03-05
4979,23,2024-05-08,3,South,1106.3,2024-05-11,2024-05-09
4980,23,2024-09-12,10,Northeast,1872.41,2024-09-15,2024-09-20
4981,26,2024-08-18,9,Midwest,1713.66,2024-08-21,2024-08-24
4982,77,2025-05-11,10,Midwest,725.03,2025-05-14,2025-05-13
4983,7,2024-05-16,4,West,382.08,2024-05-19,2024-05-22
4984,79,2025-03-30,7,Northeast,436.87,2025-04-02,2025-04-02
4985,44,2024-12-20,4,Northeast,1038.73,2024-12-23,2024-12-24
4986,27,2025-04-29,3,West,1201.61,2025-05-02,2025-05-03
4987,26,2024-05-25,10,Midwest,84.97,2024-05-28,2024-05-26
4988,97,2024-02-02,1,Northeast,838.83,2024-02-05,2024-02-10
4989,79,2024-09-16,9,West,1664.17,2024-09-19,2024-09-18
4990,36,2024-03-27,1,West,899.77,2024-03-30,2024-04-01
4991,55,2024-09-21,1,Midwest,354.97,2024-09-24,2024-09-28
4992,64,2025-01-26,1,Midwest,1910.62,2025-01-29,2025-01-29
4993,91,2024-08-19,5,Northeast,547.23,2024-08-22,2024-08-23
4994,57,2025-03-22,7,Northeast,1600.89,2025-03-25,2025-03-25
4995,69,2024-05-08,7,South,403.71,2024-05-11,2024-05-18
4996,61,2024-09-27,10,Midwest,857.88,2024-09-30,2024-10-05
4997,2,2024-03-29,1,South,991.04,2024-04-01,2024-04-05
4998,55,2025-04-10,6,South,1011.26,2025-04-13,2025-04-22
4999,97,2024-06-18,9,West,1042.62,2024-06-21,2024-06-24
5000,80,2024-05-07,6,West,465.4,2024-05-10,2024-05-11
5001,87,2024-06-22,4,Northeast,1041.51,2024-06-25,2024-06-23
5002,38,2024-01-26,10,Midwest,973.79,2024-01-29,2024-01-29
5003,80,2025-05-25,9,Midwest,433.26,2025-05-28,2025-05-30
5004,78,2025-05-02,3,South,1976.62,2025-05-05,2025-05-10
5005,29,2025-02-09,10,South,1733.82,2025-02-12,2025-02-12
5006,26,2024-01-26,4,Northeast,1777.4,2024-01-29,2024-02-05
5007,35,2024-03-23,4,West,1377.43,2024-03-26,2024-03-24
5008,79,2024-12-29,4,Midwest,336.6,2025-01-01,2025-01-02
5009,67,2025-01-01,6,Midwest,1144.82,2025-01-04,2025-01-07
5010,87,2024-02-29,7,Midwest,1646.45,2024-03-03,2024-03-05
5011,29,2024-10-18,9,Midwest,96.7,2024-10-21,2024-10-24
5012,34,2024-07-09,3,West,1001.77,2024-07-12,2024-07-14
5013,97,2025-04-05,8,Northeast,804.32,2025-04-08,2025-04-12
5014,41,2024-08-20,8,Northeast,440.01,2024-08-23,2024-08-24
5015,41,2025-04-18,1,West,768.94,2025-04-21,2025-04-22
5016,23,2025-02-08,5,Northeast,1967.33,2025-02-11,2025-02-11
5017,71,2024-09-27,10,Northeast,1452.02,2024-09-30,2024-10-09
5018,3,2024-05-13,5,South,613.08,2024-05-16,2024-05-18
5019,58,2024-06-19,8,West,1218.6,2024-06-22,2024-06-25
5020,32,2025-02-18,8,Northeast,508.38,2025-02-21,2025-02-22
5021,31,2024-01-28,2,South,1229.47,2024-01-31,2024-02-07
5022,82,2024-05-15,3,West,1794.41,2024-05-18,2024-05-20
5023,43,2025-02-08,2,West,1122.62,2025-02-11,2025-02-14
5024,7,2025-05-19,1,Midwest,1472.01,2025-05-22,2025-05-21
5025,1,2024-08-28,2,South,917.61,2024-08-31,2024-09-07
5026,61,2025-03-19,10,South,1057.77,2025-03-22,2025-03-25
5027,14,2025-03-09,6,South,1396.25,2025-03-12,2025-03-19
5028,52,2024-08-15,1,West,1628.56,2024-08-18,2024-08-18
5029,96,2025-05-23,6,Midwest,1325.71,2025-05-26,2025-05-27
5030,6,2024-10-29,1,West,1955.43,2024-11-01,2024-11-01
5031,10,2024-02-03,2,Northeast,1643.25,2024-02-06,2024-02-07
5032,71,2024-01-02,8,Northeast,1558.78,2024-01-05,2024-01-09
5033,90,2024-12-27,6,Northeast,1693.3,2024-12-30,2024-12-28
5034,98,2024-07-13,9,Midwest,576.8,2024-07-16,2024-07-18
5035,30,2024-11-03,1,West,875.45,2024-11-06,2024-11-06
5036,100,2024-09-06,5,South,1137.64,2024-09-09,2024-09-08
5037,21,2024-05-26,7,Northeast,935.52,2024-05-29,2024-06-01
5038,60,2024-12-11,9,Northeast,1697.97,2024-12-14,2024-12-17
5039,81,2024-12-13,9,West,73.6,2024-12-16,2024-12-21
5040,97,2024-09-10,4,South,434.17,2024-09-13,2024-09-16
5041,74,2025-02-02,4,Midwest,1765.78,2025-02-05,2025-02-08
5042,63,2024-11-29,4,Northeast,137.02,2024-12-02,2024-12-02
5043,42,2024-06-24,3,Northeast,469.44,2024-06-27,2024-06-26
5044,51,2024-05-04,8,Northeast,715.48,2024-05-07,2024-05-11
5045,64,2025-02-01,5,South,1506.47,2025-02-04,2025-02-05
5046,76,2024-05-10,7,Northeast,1129.16,2024-05-13,2024-05-16
5047,56,2025-02-10,10,South,1910.12,2025-02-13,2025-02-15
5048,80,2024-11-29,6,Northeast,471.19,2024-12-02,2024-11-30
5049,41,2024-01-20,9,Northeast,1746.8,2024-01-23,2024-01-26
5050,32,2024-07-23,3,South,580.17,2024-07-26,2024-07-26
5051,15,2024-12-20,6,South,506.09,2024-12-23,2024-12-28
5052,62,2024-06-21,3,Midwest,1006.78,2024-06-24,2024-06-22
5053,27,2024-07-07,2,West,160.98,2024-07-10,2024-07-18
5054,28,2024-01-02,3,Northeast,780.93,2024-01-05,2024-01-05
5055,81,2024-06-16,2,Northeast,724.24,2024-06-19,2024-06-22
5056,64,2025-01-02,2,West,337.0,2025-01-05,2025-01-05
5057,59,2025-01-04,10,West,1724.37,2025-01-07,2025-01-07
5058,58,2025-03-12,7,West,784.06,2025-03-15,2025-03-19
5059,2,2024-07-25,10,Northeast,1964.2,2024-07-28,2024-07-29
5060,36,2024-02-18,3,Northeast,1801.42,2024-02-21,2024-02-23
5061,71,2024-05-08,8,Northeast,405.73,2024-05-11,2024-05-16
5062,13,2025-03-22,2,South,1020.14,2025-03-25,2025-03-28
5063,15,2024-02-04,7,Midwest,1211.57,2024-02-07,2024-02-10
5064,89,2024-07-17,3,Midwest,1641.54,2024-07-20,2024-07-20
5065,87,2024-03-17,9,West,1773.57,2024-03-20,2024-03-24
5066,60,2025-01-03,7,West,1255.56,2025-01-06,2025-01-08
5067,22,2024-12-14,9,Northeast,89.57,2024-12-17,2024-12-20
5068,63,2025-05-20,2,Midwest,972.93,2025-05-23,2025-05-26
5069,90,2024-08-25,6,Midwest,1771.91,2024-08-28,2024-09-02
5070,97,2024-10-06,5,South,1433.9,2024-10-09,2024-10-13
5071,75,2025-03-07,2,Northeast,1742.88,2025-03-10,2025-03-09
5072,74,2024-05-17,4,Northeast,1354.68,2024-05-20,2024-05-20
5073,25,2024-09-25,4,Midwest,107.19,2024-09-28,2024-10-01
5074,48,2024-07-19,8,Midwest,1936.65,2024-07-22,2024-07-25
5075,43,2024-05-21,7,South,1837.68,2024-05-24,2024-05-22
5076,38,2024-12-20,5,South,270.63,2024-12-23,2024-12-22
5077,41,2024-11-24,9,Northeast,243.13,2024-11-27,2024-12-02
5078,45,2024-08-18,1,South,1087.38,2024-08-21,2024-08-29
5079,88,2024-11-03,4,Midwest,1518.96,2024-11-06,2024-11-04
5080,40,2024-05-25,5,Northeast,776.7,2024-05-28,2024-05-31
5081,97,2024-05-31,8,Midwest,290.04,2024-06-03,2024-06-05
5082,17,2024-05-19,3,Northeast,1030.9,2024-05-22,2024-05-27
5083,88,2024-01-21,5,Northeast,688.38,2024-01-24,2024-01-27
5084,57,2024-09-10,3,Midwest,716.51,2024-09-13,2024-09-17
5085,2,2024-03-04,7,Northeast,1297.07,2024-03-07,2024-03-05
5086,96,2024-08-05,10,Northeast,1773.5,2024-08-08,2024-08-10
5087,62,2024-03-12,3,South,1126.01,2024-03-15,2024-03-14
5088,88,2024-06-10,7,Midwest,1381.45,2024-06-13,2024-06-12
5089,9,2024-05-09,2,Midwest,1326.7,2024-05-12,2024-05-10
5090,68,2024-08-12,7,South,1111.27,2024-08-15,2024-08-18
5091,81,2025-03-29,9,Northeast,635.3,2025-04-01,2025-04-04
5092,17,2025-01-18,5,West,768.03,2025-01-21,2025-01-25
5093,50,2024-04-16,6,West,645.09,2024-04-19,2024-04-20
5094,94,2024-04-12,10,Midwest,1836.65,2024-04-15,2024-04-21
5095,40,2024-05-20,3,South,1656.7,2024-05-23,2024-05-22
5096,58,2024-05-13,10,Northeast,1167.11,2024-05-16,2024-05-14
5097,75,2024-07-17,5,South,1826.24,2024-07-20,2024-07-23
5098,85,2025-05-24,5,Northeast,1775.09,2025-05-27,2025-05-27
5099,21,2024-03-19,3,Midwest,1856.83,2024-03-22,2024-03-26
5100,18,2025-04-26,8,Midwest,459.11,2025-04-29,2025-04-29
5101,55,2025-05-26,6,West,1440.66,2025-05-29,2025-05-29
5102,29,2024-09-06,3,South,1226.26,2024-09-09,2024-09-09
5103,24,2025-04-27,1,Midwest,1472.98,2025-04-30,2025-04-30
5104,74,2024-06-20,10,South,541.49,2024-06-23,2024-06-25
5105,17,2024-01-17,1,Midwest,1395.72,2024-01-20,2024-01-23
5106,18,2024-10-20,10,Northeast,831.46,2024-10-23,2024-10-23
5107,42,2025-01-28,2,Northeast,1671.5,2025-01-31,2025-01-29
5108,84,2025-05-12,10,West,1594.82,2025-05-15,2025-05-18
5109,45,2024-08-06,5,Midwest,438.49,2024-08-09,2024-08-12
5110,82,2024-08-21,7,West,384.03,2024-08-24,2024-08-28
5111,17,2025-01-24,1,West,1441.11,2025-01-27,2025-01-26
5112,73,2024-09-04,1,Midwest,1109.94,2024-09-07,2024-09-07
5113,14,2024-02-21,4,Midwest,1123.27,2024-02-24,2024-02-28
5114,49,2024-01-15,10,Northeast,1509.98,2024-01-18,2024-01-23
5115,29,2024-11-19,6,West,1712.84,2024-11-22,2024-11-23
5116,95,2025-03-16,9,Northeast,493.15,2025-03-19,2025-03-18
5117,4,2024-04-21,1,South,1119.97,2024-04-24,2024-04-24
5118,82,2024-01-07,10,South,1661.33,2024-01-10,2024-01-09
5119,20,2024-09-01,5,West,1748.13,2024-09-04,2024-09-08
5120,47,2025-03-23,9,West,589.07,2025-03-26,2025-03-30
5121,9,2024-12-30,8,Midwest,226.22,2025-01-02,2025-01-04
5122,77,2025-01-01,7,Midwest,480.99,2025-01-04,2025-01-04
5123,79,2024-10-13,10,West,1892.09,2024-10-16,2024-10-15
5124,27,2024-04-15,2,West,935.71,2024-04-18,2024-04-18
5125,15,2024-01-13,9,South,848.78,2024-01-16,2024-01-15
5126,92,2024-05-25,8,Northeast,45.91,2024-05-28,2024-05-31
5127,19,2025-04-22,10,South,121.01,2025-04-25,2025-04-29
5128,90,2024-04-24,10,South,1344.02,2024-04-27,2024-05-01
5129,52,2025-05-23,9,Northeast,1187.86,2025-05-26,2025-05-25
5130,26,2024-05-31,9,West,1159.55,2024-06-03,2024-06-03
5131,89,2024-02-26,9,West,238.44,2024-02-29,2024-02-29
5132,26,2025-01-16,3,South,717.08,2025-01-19,2025-01-24
5133,26,2024-06-05,7,South,1628.47,2024-06-08,2024-06-06
5134,46,2024-05-12,1,Northeast,366.32,2024-05-15,2024-05-17
5135,92,2024-06-11,9,Midwest,1767.72,2024-06-14,2024-06-13
5136,49,2024-10-01,9,Midwest,260.53,2024-10-04,2024-10-05
5137,82,2024-03-17,3,West,354.92,2024-03-20,2024-03-24
5138,96,2024-02-13,5,Midwest,965.94,2024-02-16,2024-02-17
5139,53,2024-11-13,8,West,1891.69,2024-11-16,2024-11-16
5140,3,2024-06-02,6,West,672.5,2024-06-05,2024-06-09
5141,66,2024-08-24,10,West,1323.27,2024-08-27,2024-08-29
5142,97,2025-05-31,10,Northeast,1185.57,2025-06-03,2025-06-06
5143,42,2024-08-08,9,South,316.25,2024-08-11,2024-08-14
5144,19,2024-11-05,3,Midwest,511.37,2024-11-08,2024-11-06
5145,17,2024-06-25,7,Northeast,1861.7,2024-06-28,2024-07-04
5146,33,2024-08-07,6,Midwest,385.96,2024-08-10,2024-08-11
5147,76,2024-02-07,5,Northeast,1396.12,2024-02-10,2024-02-15
5148,49,2025-03-06,4,Midwest,1930.1,2025-03-09,2025-03-10
5149,56,2024-07-21,5,Midwest,256.62,2024-07-24,2024-07-28
5150,63,2025-03-23,4,South,810.38,2025-03-26,2025-03-31
5151,3,2025-05-09,3,Midwest,463.39,2025-05-12,2025-05-17
5152,49,2024-05-04,7,Northeast,458.69,2024-05-07,2024-05-09
5153,55,2024-03-05,6,Midwest,255.59,2024-03-08,2024-03-09
5154,26,2024-08-31,4,South,1306.11,2024-09-03,2024-09-01
5155,99,2024-08-13,9,Midwest,1497.76,2024-08-16,2024-08-14
5156,72,2025-04-09,1,Northeast,1360.05,2025-04-12,2025-04-17
5157,52,2024-10-19,1,Midwest,1850.82,2024-10-22,2024-10-22
5158,100,2025-01-15,9,South,308.44,2025-01-18,2025-01-22
5159,7,2024-06-14,7,South,653.29,2024-06-17,2024-06-22
5160,46,2024-08-05,2,South,702.25,2024-08-08,2024-08-11
5161,46,2024-10-01,10,South,479.52,2024-10-04,2024-10-07
5162,100,2024-02-21,5,West,301.57,2024-02-24,2024-02-23
5163,16,2025-01-08,4,South,983.67,2025-01-11,2025-01-09
5164,24,2024-12-28,1,Midwest,1672.19,2024-12-31,2024-12-31
5165,61,2024-01-14,9,Midwest,1909.99,2024-01-17,2024-01-24
5166,54,2024-12-05,6,Midwest,276.09,2024-12-08,2024-12-14
5167,62,2024-03-29,6,Midwest,1649.85,2024-04-01,2024-04-03
5168,1,2024-02-10,4,West,1652.67,2024-02-13,2024-02-19
5169,49,2024-10-30,2,West,790.18,2024-11-02,2024-11-01
5170,25,2024-09-24,8,West,237.86,2024-09-27,2024-09-28
5171,10,2024-05-17,8,Midwest,1980.22,2024-05-20,2024-05-27
5172,80,2024-01-06,3,Northeast,1318.07,2024-01-09,2024-01-17
5173,16,2024-08-29,7,Northeast,1964.75,2024-09-01,2024-09-05
5174,58,2024-06-10,7,Midwest,977.64,2024-06-13,2024-06-11
5175,72,2025-06-01,5,South,802.48,2025-06-04,2025-06-10
5176,29,2025-02-04,5,South,509.43,2025-02-07,2025-02-08
5177,92,2024-06-04,8,Midwest,1967.47,2024-06-07,2024-06-11
5178,6,2024-03-25,4,South,521.45,2024-03-28,2024-03-30
5179,16,2024-01-10,1,South,67.05,2024-01-13,2024-01-18
5180,20,2024-05-17,1,Northeast,1034.69,2024-05-20,2024-05-22
5181,80,2024-06-04,9,Midwest,766.56,2024-06-07,2024-06-17
5182,71,2025-02-11,4,West,537.54,2025-02-14,2025-02-19
5183,78,2024-08-12,1,Northeast,1276.52,2024-08-15,2024-08-13
5184,43,2024-07-02,2,Midwest,741.25,2024-07-05,2024-07-03
5185,26,2024-07-13,10,Midwest,816.46,2024-07-16,2024-07-14
5186,90,2025-01-30,7,Northeast,65.63,2025-02-02,2025-02-06
5187,78,2024-05-13,2,South,1186.36,2024-05-16,2024-05-21
5188,71,2024-11-04,1,South,261.7,2024-11-07,2024-11-05
5189,33,2024-01-09,10,Northeast,443.33,2024-01-12,2024-01-18
5190,26,2024-06-18,9,Midwest,1439.89,2024-06-21,2024-06-24
5191,45,2024-10-16,5,West,640.22,2024-10-19,2024-10-26
5192,84,2024-06-16,4,Midwest,343.16,2024-06-19,2024-06-18
5193,63,2024-12-09,4,West,1163.3,2024-12-12,2024-12-15
5194,67,2025-05-11,1,West,445.51,2025-05-14,2025-05-17
5195,52,2024-05-24,3,Midwest,556.54,2024-05-27,2024-05-27
5196,68,2025-02-16,1,Midwest,1250.25,2025-02-19,2025-02-17
5197,26,2025-04-01,5,Midwest,1484.93,2025-04-04,2025-04-09
5198,75,2024-10-28,5,West,1484.53,2024-10-31,2024-11-03
5199,2,2024-02-15,9,South,974.84,2024-02-18,2024-02-21
5200,14,2024-01-17,8,West,919.51,2024-01-20,2024-01-26
5201,30,2024-12-25,5,West,1579.54,2024-12-28,2024-12-30
5202,49,2024-09-17,5,West,402.21,2024-09-20,2024-09-23
5203,12,2024-05-02,7,Northeast,321.36,2024-05-05,2024-05-08
5204,90,2024-08-18,2,South,1336.1,2024-08-21,2024-08-24
5205,44,2024-04-21,7,West,830.82,2024-04-24,2024-04-22
5206,33,2024-09-02,1,West,1425.8,2024-09-05,2024-09-07
5207,13,2025-01-25,5,Northeast,528.07,2025-01-28,2025-02-02
5208,78,2025-01-26,6,West,663.25,2025-01-29,2025-01-31
5209,88,2024-11-23,10,South,1795.42,2024-11-26,2024-11-27
5210,98,2024-08-02,1,West,854.88,2024-08-05,2024-08-10
5211,26,2025-01-01,9,South,1190.09,2025-01-04,2025-01-06
5212,21,2024-03-22,9,South,231.23,2024-03-25,2024-03-25
5213,28,2024-03-16,1,Midwest,374.08,2024-03-19,2024-03-18
5214,48,2025-05-17,4,Northeast,91.06,2025-05-20,2025-05-22
5215,100,2025-04-23,8,Northeast,860.25,2025-04-26,2025-04-26
5216,40,2025-01-06,2,Northeast,1978.06,2025-01-09,2025-01-14
5217,66,2024-09-21,8,Midwest,1750.27,2024-09-24,2024-09-24
5218,73,2024-09-20,10,Midwest,1273.16,2024-09-23,2024-09-26
5219,87,2024-04-19,9,South,1724.97,2024-04-22,2024-04-25
5220,79,2024-11-02,9,Northeast,1196.46,2024-11-05,2024-11-09
5221,77,2024-07-18,1,Midwest,750.16,2024-07-21,2024-07-28
5222,23,2024-08-13,9,Midwest,363.62,2024-08-16,2024-08-14
5223,81,2024-07-03,4,Midwest,1313.04,2024-07-06,2024-07-10
5224,48,2024-01-31,8,South,402.24,2024-02-03,2024-02-07
5225,2,2024-04-08,9,West,846.51,2024-04-11,2024-04-10
5226,84,2024-12-04,3,Midwest,1655.09,2024-12-07,2024-12-10
5227,20,2024-09-22,6,Midwest,275.87,2024-09-25,2024-09-26
5228,59,2024-12-15,3,Midwest,275.46,2024-12-18,2024-12-24
5229,46,2025-04-01,1,Northeast,464.32,2025-04-04,2025-04-04
5230,3,2024-03-28,10,Northeast,1112.8,2024-03-31,2024-04-01
5231,55,2024-03-03,6,Midwest,518.41,2024-03-06,2024-03-07
5232,12,2025-01-21,5,South,1016.33,2025-01-24,2025-01-23
5233,40,2025-04-03,3,West,617.93,2025-04-06,2025-04-04
5234,66,2024-09-25,4,Northeast,1022.36,2024-09-28,2024-09-28
5235,100,2024-12-11,2,West,569.71,2024-12-14,2024-12-16
5236,78,2024-03-18,10,Midwest,1960.42,2024-03-21,2024-03-24
5237,16,2024-12-30,10,Northeast,995.58,2025-01-02,2025-01-06
5238,83,2024-01-14,4,West,1492.41,2024-01-17,2024-01-22
5239,34,2024-05-15,4,Midwest,1407.08,2024-05-18,2024-05-21
5240,44,2024-10-30,3,Northeast,991.31,2024-11-02,2024-11-06
5241,6,2025-01-31,6,Midwest,492.95,2025-02-03,2025-02-07
5242,77,2024-03-19,1,Northeast,1031.22,2024-03-22,2024-03-21
5243,64,2025-02-21,9,West,1368.32,2025-02-24,2025-02-27
5244,100,2024-08-29,10,West,930.64,2024-09-01,2024-09-03
5245,22,2024-02-20,3,Northeast,182.21,2024-02-23,2024-02-23
5246,18,2025-01-18,3,South,55.61,2025-01-21,2025-01-23
5247,12,2025-01-09,3,Midwest,669.2,2025-01-12,2025-01-15
5248,52,2024-07-24,7,West,317.44,2024-07-27,2024-07-28
5249,94,2025-05-03,8,South,1814.26,2025-05-06,2025-05-11
5250,51,2025-01-15,2,Northeast,368.15,2025-01-18,2025-01-21
5251,71,2024-11-06,1,West,800.68,2024-11-09,2024-11-14
5252,96,2025-01-09,5,West,1429.91,2025-01-12,2025-01-18
5253,48,2024-02-11,8,Midwest,1634.53,2024-02-14,2024-02-15
5254,19,2024-06-01,3,South,965.87,2024-06-04,2024-06-05
5255,6,2024-11-07,6,Midwest,378.65,2024-11-10,2024-11-15
5256,84,2024-10-20,3,Northeast,556.37,2024-10-23,2024-10-23
5257,27,2024-04-22,6,West,849.56,2024-04-25,2024-04-27
5258,53,2024-04-21,4,South,741.9,2024-04-24,2024-04-25
5259,48,2024-06-23,7,Midwest,710.37,2024-06-26,2024-06-25
5260,7,2024-10-28,10,South,281.07,2024-10-31,2024-11-03
5261,59,2025-05-30,1,Northeast,1828.35,2025-06-02,2025-06-03
5262,69,2024-08-08,1,West,78.92,2024-08-11,2024-08-10
5263,11,2024-06-19,5,South,891.2,2024-06-22,2024-06-27
5264,15,2024-11-13,9,Northeast,1961.04,2024-11-16,2024-11-14
5265,64,2024-07-31,5,Northeast,1326.25,2024-08-03,2024-08-05
5266,3,2024-09-09,4,West,723.71,2024-09-12,2024-09-17
5267,69,2024-05-03,8,Midwest,309.27,2024-05-06,2024-05-11
5268,23,2024-07-31,5,West,1928.47,2024-08-03,2024-08-06
5269,53,2024-03-25,1,West,47.69,2024-03-28,2024-03-27
5270,37,2025-05-30,7,South,1369.15,2025-06-02,2025-06-04
5271,9,2024-03-05,4,South,1762.67,2024-03-08,2024-03-11
5272,15,2024-11-13,10,Midwest,69.82,2024-11-16,2024-11-17
5273,3,2024-12-11,5,Northeast,1455.85,2024-12-14,2024-12-17
5274,93,2024-08-30,6,South,1997.7,2024-09-02,2024-08-31
5275,70,2024-05-16,7,Midwest,1286.49,2024-05-19,2024-05-17
5276,17,2024-09-03,2,West,841.06,2024-09-06,2024-09-06
5277,26,2025-03-16,1,Northeast,1751.31,2025-03-19,2025-03-23
5278,21,2024-02-14,3,West,1117.27,2024-02-17,2024-02-22
5279,72,2024-03-29,10,Northeast,1503.89,2024-04-01,2024-03-30
5280,21,2024-08-15,1,South,1183.8,2024-08-18,2024-08-24
5281,11,2024-10-17,4,West,95.82,2024-10-20,2024-10-22
5282,38,2025-02-25,6,West,442.03,2025-02-28,2025-02-26
5283,72,2024-03-07,5,Northeast,175.95,2024-03-10,2024-03-13
5284,88,2024-09-07,4,Midwest,231.24,2024-09-10,2024-09-16
5285,35,2024-02-10,7,Northeast,50.5,2024-02-13,2024-02-14
5286,14,2024-04-08,6,South,853.91,2024-04-11,2024-04-16
5287,14,2024-11-01,3,Midwest,373.73,2024-11-04,2024-11-10
5288,10,2025-03-31,9,West,1714.28,2025-04-03,2025-04-05
5289,12,2024-10-27,5,West,1505.07,2024-10-30,2024-10-30
5290,38,2024-07-17,10,West,1154.89,2024-07-20,2024-07-26
5291,34,2025-05-02,1,South,988.26,2025-05-05,2025-05-11
5292,41,2024-04-15,6,West,526.62,2024-04-18,2024-04-16
5293,10,2025-02-04,5,West,960.4,2025-02-07,2025-02-09
5294,17,2025-04-21,10,Midwest,1289.63,2025-04-24,2025-04-28
5295,17,2024-05-01,8,South,1568.81,2024-05-04,2024-05-08
5296,67,2024-03-17,4,West,181.73,2024-03-20,2024-03-21
5297,62,2024-11-07,1,Midwest,1422.76,2024-11-10,2024-11-09
5298,95,2024-04-21,2,West,1490.61,2024-04-24,2024-05-01
5299,1,2025-06-01,8,Midwest,1126.76,2025-06-04,2025-06-06
5300,12,2024-07-15,10,West,444.35,2024-07-18,2024-07-19
5301,4,2024-04-07,8,South,1087.59,2024-04-10,2024-04-10
5302,42,2025-04-03,5,Northeast,1015.36,2025-04-06,2025-04-07
5303,13,2024-08-17,6,South,961.91,2024-08-20,2024-08-18
5304,98,2024-06-16,2,Midwest,932.07,2024-06-19,2024-06-24
5305,85,2024-01-08,9,West,239.43,2024-01-11,2024-01-12
5306,86,2024-06-20,6,South,382.13,2024-06-23,2024-06-21
5307,4,2024-12-25,9,West,212.72,2024-12-28,2024-12-27
5308,82,2024-07-13,10,South,500.11,2024-07-16,2024-07-21
5309,69,2024-09-25,3,Midwest,541.68,2024-09-28,2024-09-30
5310,19,2024-01-19,6,Northeast,505.25,2024-01-22,2024-01-22
5311,2,2024-12-19,10,South,437.64,2024-12-22,2024-12-24
5312,12,2024-02-18,5,West,1476.14,2024-02-21,2024-02-22
5313,81,2025-04-08,9,West,1640.76,2025-04-11,2025-04-13
5314,74,2024-12-21,10,West,667.68,2024-12-24,2024-12-27
5315,98,2024-06-06,1,Midwest,624.16,2024-06-09,2024-06-09
5316,6,2024-03-06,9,Midwest,1691.18,2024-03-09,2024-03-09
5317,8,2024-11-03,5,Northeast,1255.37,2024-11-06,2024-11-06
5318,51,2024-12-02,1,West,601.01,2024-12-05,2024-12-05
5319,11,2024-04-30,10,Northeast,1432.95,2024-05-03,2024-05-03
5320,63,2025-02-07,8,West,702.29,2025-02-10,2025-02-11
5321,57,2024-04-05,7,South,1181.38,2024-04-08,2024-04-08
5322,12,2024-04-23,6,South,1985.42,2024-04-26,2024-04-28
5323,73,2025-03-04,2,South,617.16,2025-03-07,2025-03-08
5324,2,2024-01-02,5,West,1862.44,2024-01-05,2024-01-05
5325,8,2024-07-30,3,South,654.89,2024-08-02,2024-07-31
5326,11,2024-11-28,2,West,1089.77,2024-12-01,2024-11-30
5327,53,2024-01-24,10,Northeast,930.77,2024-01-27,2024-01-28
5328,100,2025-01-02,1,Midwest,1570.66,2025-01-05,2025-01-10
5329,10,2025-05-20,9,South,140.96,2025-05-23,2025-05-25
5330,85,2024-06-24,2,West,1261.7,2024-06-27,2024-06-25
5331,84,2025-03-04,1,West,1526.12,2025-03-07,2025-03-09
5332,8,2025-03-17,7,Northeast,954.85,2025-03-20,2025-03-21
5333,36,2025-05-28,9,Northeast,228.48,2025-05-31,2025-06-04
5334,93,2024-12-26,6,Midwest,504.71,2024-12-29,2024-12-27
5335,76,2024-09-30,8,Northeast,1365.75,2024-10-03,2024-10-09
5336,14,2024-06-25,7,Midwest,1792.97,2024-06-28,2024-07-01
5337,54,2024-09-20,9,Midwest,854.79,2024-09-23,2024-09-24
5338,85,2024-07-04,7,Northeast,1129.62,2024-07-07,2024-07-05
5339,86,2024-10-05,6,Midwest,472.2,2024-10-08,2024-10-06
5340,21,2024-07-16,1,South,836.18,2024-07-19,2024-07-23
5341,50,2024-12-14,9,Midwest,686.84,2024-12-17,2024-12-21
5342,94,2025-02-24,10,West,1317.94,2025-02-27,2025-03-04
5343,39,2024-10-31,5,West,1969.7,2024-11-03,2024-11-10
5344,20,2024-03-04,2,West,1630.34,2024-03-07,2024-03-11
5345,88,2024-10-16,8,Northeast,400.49,2024-10-19,2024-10-22
5346,87,2024-01-18,4,West,1163.8,2024-01-21,2024-01-30
5347,7,2024-03-04,3,Northeast,151.5,2024-03-07,2024-03-07
5348,9,2024-11-25,1,West,508.89,2024-11-28,2024-11-30
5349,1,2024-01-17,5,Midwest,360.99,2024-01-20,2024-01-18
5350,26,2025-03-18,3,Northeast,684.38,2025-03-21,2025-03-25
5351,38,2024-05-20,4,West,1364.05,2024-05-23,2024-05-24
5352,38,2024-11-03,9,Midwest,1008.8,2024-11-06,2024-11-06
5353,61,2025-03-19,7,Northeast,1867.16,2025-03-22,2025-03-22
5354,44,2025-05-10,5,Midwest,441.24,2025-05-13,2025-05-13
5355,86,2025-03-01,8,Midwest,741.13,2025-03-04,2025-03-05
5356,44,2025-04-19,6,Midwest,673.11,2025-04-22,2025-04-20
5357,74,2024-09-01,10,Northeast,487.21,2024-09-04,2024-09-02
5358,62,2025-03-25,2,Northeast,1986.48,2025-03-28,2025-03-27
5359,6,2024-12-16,7,South,786.71,2024-12-19,2024-12-19
5360,17,2024-06-09,1,South,1882.21,2024-06-12,2024-06-13
5361,51,2024-05-19,3,South,793.14,2024-05-22,2024-05-20
5362,38,2025-05-07,1,South,424.1,2025-05-10,2025-05-10
5363,24,2025-01-27,1,Northeast,256.03,2025-01-30,2025-01-29
5364,51,2025-02-04,5,South,1714.02,2025-02-07,2025-02-11
5365,10,2024-02-19,6,West,83.55,2024-02-22,2024-02-21
5366,72,2024-10-21,3,South,1929.5,2024-10-24,2024-10-29
5367,21,2025-02-28,3,West,848.02,2025-03-03,2025-03-10
5368,70,2024-01-12,3,West,509.8,2024-01-15,2024-01-21
5369,85,2024-11-30,1,Midwest,1242.54,2024-12-03,2024-12-02
5370,57,2024-01-15,5,Midwest,283.17,2024-01-18,2024-01-22
5371,39,2024-01-28,1,Midwest,162.85,2024-01-31,2024-01-30
5372,88,2025-01-22,10,South,1659.01,2025-01-25,2025-01-25
5373,33,2024-10-18,10,Northeast,860.85,2024-10-21,2024-10-21
5374,59,2024-09-06,3,West,1046.14,2024-09-09,2024-09-11
5375,18,2025-05-19,6,Northeast,369.86,2025-05-22,2025-05-21
5376,56,2024-04-07,6,Northeast,141.62,2024-04-10,2024-04-12
5377,92,2024-12-02,3,South,748.2,2024-12-05,2024-12-11
5378,57,2024-02-08,9,Northeast,1022.17,2024-02-11,2024-02-10
5379,96,2024-02-07,8,Northeast,1535.55,2024-02-10,2024-02-08
5380,76,2024-10-26,3,Midwest,1012.08,2024-10-29,2024-10-29
5381,48,2024-06-27,5,Midwest,1569.36,2024-06-30,2024-07-06
5382,42,2025-04-13,5,West,248.56,2025-04-16,2025-04-20
5383,27,2024-10-08,5,West,146.65,2024-10-11,2024-10-10
5384,74,2024-06-12,3,Midwest,334.54,2024-06-15,2024-06-14
5385,52,2025-03-28,5,South,1548.58,2025-03-31,2025-04-03
5386,42,2024-04-06,5,South,1523.47,2024-04-09,2024-04-11
5387,32,2024-11-04,4,West,299.91,2024-11-07,2024-11-11
5388,26,2024-09-18,4,Midwest,81.36,2024-09-21,2024-09-20
5389,25,2024-10-19,2,South,1376.86,2024-10-22,2024-10-24
5390,75,2024-09-05,9,Northeast,1713.46,2024-09-08,2024-09-13
5391,23,2024-09-01,7,West,1513.13,2024-09-04,2024-09-09
5392,98,2024-09-07,1,West,421.54,2024-09-10,2024-09-08
5393,57,2024-05-02,5,Northeast,1175.86,2024-05-05,2024-05-07
5394,52,2024-11-20,2,Northeast,1519.58,2024-11-23,2024-11-24
5395,87,2025-05-15,10,West,526.54,2025-05-18,2025-05-17
5396,93,2024-03-06,6,Northeast,1064.89,2024-03-09,2024-03-09
5397,31,2024-02-28,7,South,642.63,2024-03-02,2024-03-06
5398,64,2025-05-12,2,West,466.64,2025-05-15,2025-05-15
5399,71,2025-01-07,6,South,1939.79,2025-01-10,2025-01-12
5400,33,2024-09-22,3,West,1826.91,2024-09-25,2024-09-28
5401,85,2024-08-23,9,South,902.42,2024-08-26,2024-09-02
5402,2,2024-08-05,4,Midwest,290.82,2024-08-08,2024-08-11
5403,18,2025-03-16,3,South,1461.26,2025-03-19,2025-03-23
5404,47,2025-02-09,3,Northeast,526.29,2025-02-12,2025-02-15
5405,33,2025-04-13,2,Midwest,353.67,2025-04-16,2025-04-17
5406,98,2024-04-19,9,West,775.43,2024-04-22,2024-04-23
5407,84,2024-12-18,8,South,1069.1,2024-12-21,2024-12-23
5408,35,2024-03-31,5,West,212.93,2024-04-03,2024-04-01
5409,51,2025-02-17,9,Midwest,1152.06,2025-02-20,2025-02-21
5410,18,2024-03-13,2,Northeast,50.39,2024-03-16,2024-03-19
5411,88,2024-10-24,6,Northeast,1785.9,2024-10-27,2024-10-27
5412,72,2024-10-09,7,Northeast,1843.07,2024-10-12,2024-10-18
5413,30,2025-05-19,6,West,1471.48,2025-05-22,2025-05-24
5414,44,2024-07-16,3,Northeast,943.77,2024-07-19,2024-07-21
5415,53,2024-02-01,10,Northeast,524.69,2024-02-04,2024-02-09
5416,10,2024-12-06,10,West,1493.34,2024-12-09,2024-12-13
5417,87,2024-11-29,10,West,1864.96,2024-12-02,2024-12-07
5418,52,2024-05-22,9,Midwest,333.9,2024-05-25,2024-05-31
5419,49,2025-02-13,8,Northeast,942.33,2025-02-16,2025-02-22
5420,11,2024-02-13,8,Midwest,644.22,2024-02-16,2024-02-19
5421,66,2024-02-01,8,South,726.35,2024-02-04,2024-02-03
5422,58,2024-01-28,9,South,823.4,2024-01-31,2024-02-01
5423,90,2025-02-26,1,South,1904.56,2025-03-01,2025-03-08
5424,36,2025-05-05,8,South,532.1,2025-05-08,2025-05-11
5425,33,2024-06-08,2,West,995.5,2024-06-11,2024-06-12
5426,47,2024-07-25,4,Midwest,1903.95,2024-07-28,2024-07-28
5427,13,2024-01-18,1,Midwest,962.59,2024-01-21,2024-01-20
5428,40,2024-04-12,6,West,1729.93,2024-04-15,2024-04-20
5429,89,2024-08-19,10,South,136.35,2024-08-22,2024-08-23
5430,68,2025-02-27,1,Midwest,1907.0,2025-03-02,2025-03-01
5431,42,2024-08-26,5,Northeast,391.31,2024-08-29,2024-08-28
5432,19,2024-11-29,9,West,1960.27,2024-12-02,2024-11-30
5433,82,2024-05-28,1,West,367.64,2024-05-31,2024-06-04
5434,94,2025-02-11,9,Northeast,899.84,2025-02-14,2025-02-15
5435,19,2024-01-17,4,South,631.06,2024-01-20,2024-01-18
5436,58,2024-08-13,3,South,877.8,2024-08-16,2024-08-22
5437,23,2024-09-16,8,Midwest,516.04,2024-09-19,2024-09-21
5438,54,2024-06-22,6,Northeast,1931.33,2024-06-25,2024-06-23
5439,80,2024-07-23,7,Midwest,625.34,2024-07-26,2024-07-30
5440,65,2025-02-18,9,South,1313.48,2025-02-21,2025-02-20
5441,12,2025-05-22,5,Midwest,292.15,2025-05-25,2025-05-29
5442,24,2024-06-01,2,Northeast,1652.29,2024-06-04,2024-06-08
5443,34,2024-04-12,3,Northeast,1094.17,2024-04-15,2024-04-17
5444,53,2024-03-05,3,Northeast,1959.3,2024-03-08,2024-03-06
5445,8,2024-04-26,4,South,858.34,2024-04-29,2024-04-27
5446,18,2024-06-04,10,West,406.99,2024-06-07,2024-06-09
5447,57,2024-03-22,7,West,705.12,2024-03-25,2024-03-24
5448,5,2025-06-01,10,West,1479.19,2025-06-04,2025-06-10
5449,26,2024-03-07,6,Midwest,1325.03,2024-03-10,2024-03-12
5450,30,2024-08-25,3,Northeast,1561.13,2024-08-28,2024-08-27
5451,54,2024-11-21,7,South,165.47,2024-11-24,2024-11-29
5452,13,2024-03-07,4,West,1169.13,2024-03-10,2024-03-08
5453,83,2024-06-24,10,West,1865.69,2024-06-27,2024-06-29
5454,29,2025-04-22,8,Midwest,233.65,2025-04-25,2025-04-29
5455,3,2024-09-11,7,Midwest,206.78,2024-09-14,2024-09-13
5456,90,2024-03-03,7,West,1438.88,2024-03-06,2024-03-07
5457,58,2025-02-06,9,Northeast,644.06,2025-02-09,2025-02-09
5458,76,2024-07-10,8,Northeast,1323.99,2024-07-13,2024-07-12
5459,2,2024-11-24,1,Midwest,1099.86,2024-11-27,2024-11-29
5460,75,2024-03-11,7,Midwest,1972.41,2024-03-14,2024-03-19
5461,28,2024-03-03,3,Northeast,1780.33,2024-03-06,2024-03-14
5462,82,2024-10-23,4,Midwest,1362.58,2024-10-26,2024-10-30
5463,77,2024-09-01,6,Midwest,538.12,2024-09-04,2024-09-05
5464,86,2025-01-27,5,Northeast,538.58,2025-01-30,2025-02-04
5465,76,2024-06-25,8,Northeast,1766.84,2024-06-28,2024-06-27
5466,2,2024-07-22,2,South,1178.98,2024-07-25,2024-07-25
5467,7,2024-05-07,5,Midwest,1582.78,2024-05-10,2024-05-15
5468,26,2024-07-13,5,Midwest,910.73,2024-07-16,2024-07-16
5469,90,2024-07-12,3,South,224.09,2024-07-15,2024-07-17
5470,88,2024-07-02,10,Midwest,678.72,2024-07-05,2024-07-05
5471,76,2024-09-03,5,Midwest,339.08,2024-09-06,2024-09-07
5472,16,2024-11-19,4,West,1568.03,2024-11-22,2024-11-24
5473,23,2024-06-08,5,West,1407.01,2024-06-11,2024-06-14
5474,40,2024-03-06,10,West,195.06,2024-03-09,2024-03-11
5475,60,2024-09-10,9,South,1250.34,2024-09-13,2024-09-17
5476,73,2024-10-09,7,Midwest,1750.79,2024-10-12,2024-10-15
5477,32,2024-02-29,1,South,1400.78,2024-03-03,2024-03-04
5478,15,2024-04-27,3,South,1032.0,2024-04-30,2024-04-30
5479,13,2025-02-26,9,Midwest,637.49,2025-03-01,2025-02-28
5480,5,2024-02-05,4,Northeast,1776.45,2024-02-08,2024-02-06
5481,75,2024-03-31,4,Northeast,857.15,2024-04-03,2024-04-05
5482,74,2024-10-27,10,Midwest,1713.68,2024-10-30,2024-10-29
5483,52,2024-08-04,6,Northeast,1570.34,2024-08-07,2024-08-06
5484,77,2024-04-07,3,West,1636.13,2024-04-10,2024-04-11
5485,41,2025-03-31,3,Midwest,1979.8,2025-04-03,2025-04-03
5486,53,2024-01-28,9,South,1502.54,2024-01-31,2024-02-04
5487,50,2024-11-19,5,West,87.4,2024-11-22,2024-11-24
5488,15,2024-08-10,7,South,426.76,2024-08-13,2024-08-20
5489,7,2024-03-20,5,Northeast,89.69,2024-03-23,2024-04-01
5490,40,2025-04-02,6,Midwest,396.03,2025-04-05,2025-04-06
5491,28,2024-06-24,8,West,141.65,2024-06-27,2024-06-26
5492,32,2025-04-01,8,Midwest,1013.2,2025-04-04,2025-04-02
5493,99,2025-02-26,2,West,75.85,2025-03-01,2025-03-08
5494,15,2024-04-09,9,West,955.71,2024-04-12,2024-04-12
5495,100,2025-02-06,10,West,1799.7,2025-02-09,2025-02-09
5496,85,2025-01-14,6,Midwest,1502.18,2025-01-17,2025-01-17
5497,70,2024-11-27,7,West,1889.03,2024-11-30,2024-12-01
5498,65,2024-11-13,3,West,468.76,2024-11-16,2024-11-17
5499,4,2024-03-29,4,Midwest,1071.55,2024-04-01,2024-04-05
5500,11,2025-05-25,6,South,650.79,2025-05-28,2025-05-26
5501,26,2024-02-11,7,Northeast,997.76,2024-02-14,2024-02-15
5502,61,2025-01-23,6,Midwest,1123.01,2025-01-26,2025-01-30
5503,37,2024-03-21,5,Midwest,91.65,2024-03-24,2024-03-24
5504,23,2025-02-05,2,West,481.85,2025-02-08,2025-02-12
5505,93,2024-04-16,7,Midwest,1415.45,2024-04-19,2024-04-21
5506,85,2024-04-20,5,Midwest,1550.4,2024-04-23,2024-04-23
5507,91,2024-10-03,9,Northeast,1147.51,2024-10-06,2024-10-04
5508,40,2024-08-01,4,Midwest,556.24,2024-08-04,2024-08-07
5509,77,2025-05-20,10,West,822.07,2025-05-23,2025-05-26
5510,23,2024-04-30,2,Northeast,210.15,2024-05-03,2024-05-03
5511,16,2024-05-13,7,Midwest,1907.3,2024-05-16,2024-05-20
5512,94,2025-01-05,7,West,1739.98,2025-01-08,2025-01-09
5513,61,2024-09-13,1,Northeast,149.89,2024-09-16,2024-09-21
5514,68,2024-06-28,5,Midwest,349.65,2024-07-01,2024-07-04
5515,80,2024-02-17,3,West,1170.57,2024-02-20,2024-02-26
5516,31,2024-01-19,9,Northeast,480.21,2024-01-22,2024-01-25
5517,53,2024-02-15,9,West,1870.11,2024-02-18,2024-02-20
5518,25,2025-03-26,7,Northeast,1516.07,2025-03-29,2025-03-27
5519,44,2024-02-25,9,Midwest,561.12,2024-02-28,2024-03-01
5520,12,2024-04-01,2,South,32.08,2024-04-04,2024-04-05
5521,90,2024-03-22,10,Northeast,1602.91,2024-03-25,2024-04-01
5522,97,2024-03-19,8,Midwest,859.7,2024-03-22,2024-03-25
5523,92,2024-10-09,10,Northeast,1291.91,2024-10-12,2024-10-16
5524,9,2024-11-06,10,South,588.21,2024-11-09,2024-11-15
5525,12,2024-06-08,10,West,302.89,2024-06-11,2024-06-17
5526,69,2024-11-11,1,South,1357.12,2024-11-14,2024-11-16
5527,54,2024-06-04,3,South,911.64,2024-06-07,2024-06-15
5528,54,2025-04-12,8,West,485.64,2025-04-15,2025-04-15
5529,28,2025-04-06,8,South,292.5,2025-04-09,2025-04-15
5530,56,2024-04-26,10,Midwest,1169.35,2024-04-29,2024-04-29
5531,99,2024-12-29,8,Northeast,1456.59,2025-01-01,2025-01-06
5532,69,2025-04-10,7,South,582.1,2025-04-13,2025-04-12
5533,98,2024-07-02,2,Northeast,1475.58,2024-07-05,2024-07-09
5534,98,2024-06-14,3,Northeast,382.58,2024-06-17,2024-06-16
5535,77,2024-03-15,9,West,690.06,2024-03-18,2024-03-17
5536,58,2024-09-28,2,South,1494.87,2024-10-01,2024-09-30
5537,78,2025-05-17,7,West,1327.08,2025-05-20,2025-05-23
5538,75,2024-12-08,1,West,555.64,2024-12-11,2024-12-14
5539,42,2024-09-07,3,Northeast,261.83,2024-09-10,2024-09-13
5540,38,2024-05-09,1,Midwest,104.1,2024-05-12,2024-05-15
5541,68,2024-12-23,6,Northeast,1679.07,2024-12-26,2024-12-27
5542,53,2025-02-11,4,West,168.78,2025-02-14,2025-02-14
5543,33,2025-05-09,1,South,247.39,2025-05-12,2025-05-11
5544,71,2025-04-26,5,Midwest,490.67,2025-04-29,2025-04-28
5545,56,2024-03-18,4,Midwest,902.43,2024-03-21,2024-03-27
5546,72,2025-05-28,10,South,1583.78,2025-05-31,2025-05-30
5547,51,2024-11-16,10,South,510.01,2024-11-19,2024-11-18
5548,74,2024-10-16,2,Midwest,1096.15,2024-10-19,2024-10-18
5549,43,2024-10-23,7,West,198.94,2024-10-26,2024-10-24
5550,15,2025-04-19,8,Midwest,939.73,2025-04-22,2025-04-25
5551,38,2024-01-23,4,Midwest,371.73,2024-01-26,2024-01-26
5552,15,2024-06-20,9,Midwest,438.16,2024-06-23,2024-06-25
5553,5,2024-11-13,3,West,746.32,2024-11-16,2024-11-18
5554,93,2024-07-11,6,South,1527.47,2024-07-14,2024-07-17
5555,83,2024-04-27,7,South,1493.09,2024-04-30,2024-05-02
5556,54,2024-01-06,7,South,841.65,2024-01-09,2024-01-15
5557,51,2025-04-27,6,West,254.97,2025-04-30,2025-04-30
5558,10,2024-05-11,9,West,575.77,2024-05-14,2024-05-14
5559,12,2024-04-02,1,South,1020.6,2024-04-05,2024-04-07
5560,4,2024-10-20,9,Northeast,1741.44,2024-10-23,2024-10-25
5561,95,2025-01-26,9,Northeast,1937.14,2025-01-29,2025-01-27
5562,18,2024-09-05,4,South,1282.19,2024-09-08,2024-09-06
5563,80,2025-02-20,5,Northeast,714.36,2025-02-23,2025-02-25
5564,36,2024-05-22,3,Northeast,1393.04,2024-05-25,2024-05-31
5565,25,2024-08-24,7,South,685.74,2024-08-27,2024-09-02
5566,87,2024-10-13,2,South,1258.44,2024-10-16,2024-10-15
5567,76,2024-10-03,8,West,502.66,2024-10-06,2024-10-07
5568,98,2025-01-21,9,Northeast,548.64,2025-01-24,2025-01-26
5569,36,2025-01-16,6,Northeast,168.95,2025-01-19,2025-01-22
5570,67,2025-03-25,9,South,851.88,2025-03-28,2025-03-27
5571,9,2024-10-17,6,Midwest,1243.99,2024-10-20,2024-10-27
5572,61,2024-06-17,3,South,1581.81,2024-06-20,2024-06-20
5573,53,2025-03-18,10,West,1624.49,2025-03-21,2025-03-24
5574,18,2024-07-02,3,Midwest,1985.04,2024-07-05,2024-07-06
5575,43,2024-02-14,2,Midwest,193.76,2024-02-17,2024-02-18
5576,35,2024-09-24,5,Midwest,996.41,2024-09-27,2024-10-01
5577,63,2025-04-20,4,West,1052.32,2025-04-23,2025-04-28
5578,98,2024-09-09,6,Northeast,1612.98,2024-09-12,2024-09-16
5579,78,2025-01-30,5,South,547.39,2025-02-02,2025-02-01
5580,4,2024-10-15,6,West,157.36,2024-10-18,2024-10-16
5581,93,2024-07-30,4,West,641.24,2024-08-02,2024-08-12
5582,41,2024-01-21,3,Midwest,1968.18,2024-01-24,2024-01-27
5583,45,2024-11-11,1,Midwest,1800.89,2024-11-14,2024-11-13
5584,50,2025-03-13,5,West,802.59,2025-03-16,2025-03-21
5585,79,2025-02-26,6,Northeast,1755.02,2025-03-01,2025-02-28
5586,28,2024-08-20,5,Midwest,84.85,2024-08-23,2024-08-31
5587,42,2024-05-02,5,West,642.12,2024-05-05,2024-05-06
5588,80,2024-08-01,6,Midwest,1459.09,2024-08-04,2024-08-09
5589,76,2024-02-09,4,South,458.48,2024-02-12,2024-02-14
5590,69,2024-11-27,4,South,412.81,2024-11-30,2024-11-28
5591,98,2024-06-30,8,South,1726.38,2024-07-03,2024-07-02
5592,1,2024-09-21,8,Midwest,1239.59,2024-09-24,2024-09-24
5593,39,2025-03-07,3,Midwest,1978.26,2025-03-10,2025-03-10
5594,96,2024-07-14,7,Northeast,286.65,2024-07-17,2024-07-20
5595,90,2025-05-23,5,South,725.13,2025-05-26,2025-05-24
5596,17,2025-03-22,5,Northeast,636.2,2025-03-25,2025-03-28
5597,91,2024-07-20,3,West,1762.66,2024-07-23,2024-07-21
5598,88,2024-05-12,2,West,525.49,2024-05-15,2024-05-18
5599,35,2024-05-18,3,South,719.85,2024-05-21,2024-05-21
5600,46,2025-05-07,7,Northeast,302.81,2025-05-10,2025-05-12
5601,42,2024-03-10,3,Midwest,1555.29,2024-03-13,2024-03-11
5602,39,2024-01-15,2,Northeast,490.65,2024-01-18,2024-01-18
5603,90,2024-07-30,4,West,155.27,2024-08-02,2024-07-31
5604,49,2024-02-29,5,Northeast,881.52,2024-03-03,2024-03-01
5605,62,2024-09-08,7,West,795.09,2024-09-11,2024-09-17
5606,38,2025-03-21,1,West,371.67,2025-03-24,2025-03-30
5607,23,2024-01-02,8,Northeast,284.52,2024-01-05,2024-01-03
5608,22,2024-12-01,10,Midwest,1795.18,2024-12-04,2024-12-05
5609,4,2024-01-19,3,West,154.33,2024-01-22,2024-01-25
5610,49,2024-03-18,6,Northeast,216.64,2024-03-21,2024-03-23
5611,59,2025-04-16,4,West,505.19,2025-04-19,2025-04-19
5612,73,2024-01-28,5,South,1906.62,2024-01-31,2024-01-29
5613,68,2024-06-13,10,Midwest,189.06,2024-06-16,2024-06-21
5614,71,2025-04-02,6,South,1635.71,2025-04-05,2025-04-05
5615,87,2024-06-24,2,West,1786.26,2024-06-27,2024-06-25
5616,2,2024-01-29,3,Midwest,768.18,2024-02-01,2024-02-03
5617,49,2024-10-05,8,Northeast,601.91,2024-10-08,2024-10-09
5618,88,2024-10-09,8,Northeast,1361.21,2024-10-12,2024-10-12
5619,95,2025-04-23,1,Midwest,1411.22,2025-04-26,2025-04-28
5620,31,2024-10-31,10,South,1564.35,2024-11-03,2024-11-04
5621,40,2024-04-18,8,South,1664.52,2024-04-21,2024-04-26
5622,48,2024-11-19,2,Midwest,551.42,2024-11-22,2024-11-21
5623,51,2024-07-24,10,Northeast,1380.18,2024-07-27,2024-07-27
5624,43,2024-08-21,10,Midwest,287.11,2024-08-24,2024-08-28
5625,98,2025-04-02,8,South,1031.25,2025-04-05,2025-04-14
5626,55,2024-07-05,10,West,1233.52,2024-07-08,2024-07-17
5627,88,2025-04-26,5,Northeast,340.23,2025-04-29,2025-05-03
5628,49,2025-02-10,1,Midwest,171.48,2025-02-13,2025-02-14
5629,90,2025-05-23,8,West,405.6,2025-05-26,2025-05-26
5630,80,2024-02-22,5,South,852.77,2024-02-25,2024-02-26
5631,57,2025-02-01,1,Northeast,1777.93,2025-02-04,2025-02-02
5632,77,2024-07-17,4,Midwest,1073.19,2024-07-20,2024-07-24
5633,15,2025-01-25,1,South,1502.02,2025-01-28,2025-02-03
5634,27,2025-05-12,9,Midwest,364.81,2025-05-15,2025-05-17
5635,68,2024-06-20,10,Midwest,229.84,2024-06-23,2024-07-01
5636,80,2024-03-26,2,Northeast,494.44,2024-03-29,2024-04-08
5637,64,2024-07-04,8,South,641.48,2024-07-07,2024-07-12
5638,94,2024-06-04,4,South,1105.24,2024-06-07,2024-06-07
5639,30,2025-05-07,9,West,1764.86,2025-05-10,2025-05-09
5640,36,2024-05-09,2,South,863.66,2024-05-12,2024-05-16
5641,67,2024-03-21,3,South,1047.22,2024-03-24,2024-03-29
5642,86,2025-01-18,2,Northeast,29.13,2025-01-21,2025-01-21
5643,86,2024-10-21,10,West,85.96,2024-10-24,2024-10-23
5644,49,2024-09-25,5,Northeast,185.86,2024-09-28,2024-09-26
5645,76,2025-01-12,1,South,1404.01,2025-01-15,2025-01-14
5646,55,2025-01-10,3,West,982.66,2025-01-13,2025-01-14
5647,85,2024-03-28,1,Northeast,402.06,2024-03-31,2024-04-05
5648,56,2024-04-20,10,West,1193.35,2024-04-23,2024-04-23
5649,68,2024-06-02,8,South,1098.33,2024-06-05,2024-06-03
5650,95,2025-04-07,4,West,195.82,2025-04-10,2025-04-10
5651,44,2024-06-04,3,West,1288.02,2024-06-07,2024-06-08
5652,31,2024-11-13,8,West,1538.97,2024-11-16,2024-11-17
5653,58,2024-08-25,9,South,587.38,2024-08-28,2024-08-26
5654,87,2024-11-29,8,South,1381.23,2024-12-02,2024-12-03
5655,53,2024-04-15,6,West,415.44,2024-04-18,2024-04-24
5656,84,2025-04-26,3,Northeast,1518.32,2025-04-29,2025-04-30
5657,79,2025-01-16,8,Northeast,1825.31,2025-01-19,2025-01-19
5658,23,2024-09-17,5,South,894.9,2024-09-20,2024-09-20
5659,28,2024-10-19,5,Midwest,504.35,2024-10-22,2024-10-24
5660,16,2024-11-30,9,Northeast,810.37,2024-12-03,2024-12-01
5661,37,2025-04-20,1,West,515.15,2025-04-23,2025-04-22
5662,21,2024-08-12,7,Midwest,22.45,2024-08-15,2024-08-20
5663,79,2025-03-29,8,South,1307.9,2025-04-01,2025-04-05
5664,17,2024-10-22,10,Northeast,104.2,2024-10-25,2024-10-25
5665,37,2025-04-07,3,Midwest,436.57,2025-04-10,2025-04-13
5666,77,2024-08-01,8,South,1450.45,2024-08-04,2024-08-03
5667,19,2024-06-06,1,South,1338.14,2024-06-09,2024-06-08
5668,30,2024-09-28,8,West,165.19,2024-10-01,2024-09-30
5669,45,2024-08-25,7,Northeast,1326.91,2024-08-28,2024-08-26
5670,18,2024-10-29,4,Midwest,1862.54,2024-11-01,2024-11-03
5671,78,2024-11-16,7,West,167.51,2024-11-19,2024-11-27
5672,62,2024-02-28,10,Northeast,843.06,2024-03-02,2024-02-29
5673,36,2024-12-23,7,Midwest,1464.28,2024-12-26,2025-01-02
5674,100,2024-09-07,10,South,1342.09,2024-09-10,2024-09-08
5675,84,2025-03-11,1,South,468.49,2025-03-14,2025-03-17
5676,52,2024-05-25,3,Northeast,342.87,2024-05-28,2024-05-26
5677,19,2024-12-17,7,West,1572.81,2024-12-20,2024-12-24
5678,44,2024-09-01,5,Midwest,1913.36,2024-09-04,2024-09-04
5679,7,2024-10-27,9,Midwest,1539.82,2024-10-30,2024-11-03
5680,44,2025-03-13,7,South,1927.14,2025-03-16,2025-03-16
5681,68,2024-04-09,3,Northeast,1217.89,2024-04-12,2024-04-15
5682,34,2025-04-24,1,West,1859.62,2025-04-27,2025-04-28
5683,66,2025-02-18,5,South,1387.06,2025-02-21,2025-02-27
5684,69,2024-06-13,10,South,1819.59,2024-06-16,2024-06-17
5685,55,2024-10-28,5,West,339.95,2024-10-31,2024-11-03
5686,10,2024-04-30,7,Midwest,1634.82,2024-05-03,2024-05-05
5687,96,2024-03-28,1,Midwest,409.56,2024-03-31,2024-04-05
5688,42,2024-08-04,10,Northeast,74.31,2024-08-07,2024-08-12
5689,41,2024-06-27,2,South,1044.82,2024-06-30,2024-07-02
5690,77,2024-06-11,6,Northeast,650.14,2024-06-14,2024-06-12
5691,69,2024-06-18,8,Midwest,106.19,2024-06-21,2024-06-20
5692,10,2024-10-27,4,West,1961.0,2024-10-30,2024-11-03
5693,10,2025-01-08,3,Midwest,1339.6,2025-01-11,2025-01-09
5694,91,2024-07-21,3,Midwest,1805.59,2024-07-24,2024-07-24
5695,60,2024-02-16,3,South,1998.18,2024-02-19,2024-02-19
5696,51,2025-04-07,2,Midwest,796.09,2025-04-10,2025-04-11
5697,21,2025-02-11,1,Northeast,524.38,2025-02-14,2025-02-15
5698,8,2024-07-12,5,West,384.09,2024-07-15,2024-07-17
5699,65,2025-03-02,10,South,1040.07,2025-03-05,2025-03-04
5700,92,2024-11-12,5,West,1220.04,2024-11-15,2024-11-14
5701,78,2025-04-23,5,Northeast,955.4,2025-04-26,2025-05-03
5702,85,2025-02-24,4,Northeast,786.76,2025-02-27,2025-03-05
5703,30,2024-09-25,3,Midwest,353.18,2024-09-28,2024-10-02
5704,85,2025-04-25,3,Northeast,894.88,2025-04-28,2025-05-02
5705,49,2024-09-19,2,Midwest,188.78,2024-09-22,2024-09-25
5706,9,2025-03-01,5,South,1732.79,2025-03-04,2025-03-06
5707,17,2024-06-14,4,West,112.87,2024-06-17,2024-06-16
5708,69,2025-03-03,6,Midwest,773.68,2025-03-06,2025-03-12
5709,58,2025-01-31,2,Midwest,218.27,2025-02-03,2025-02-11
5710,57,2024-08-03,2,South,1554.46,2024-08-06,2024-08-06
5711,62,2024-04-16,8,Northeast,639.22,2024-04-19,2024-04-24
5712,95,2024-04-07,6,Midwest,243.95,2024-04-10,2024-04-11
5713,52,2025-04-26,3,Northeast,1072.35,2025-04-29,2025-04-29
5714,61,2025-05-13,5,Midwest,1834.23,2025-05-16,2025-05-17
5715,40,2024-08-17,3,Northeast,1819.12,2024-08-20,2024-08-21
5716,38,2024-09-13,2,Midwest,514.31,2024-09-16,2024-09-20
5717,43,2024-02-12,3,West,1444.93,2024-02-15,2024-02-16
5718,63,2024-08-29,1,West,79.96,2024-09-01,2024-09-05
5719,19,2024-04-04,7,West,281.07,2024-04-07,2024-04-07
5720,100,2024-07-06,6,Midwest,1008.96,2024-07-09,2024-07-11
5721,50,2025-01-19,5,Northeast,472.94,2025-01-22,2025-01-20
5722,33,2025-02-03,6,South,1600.56,2025-02-06,2025-02-04
5723,13,2025-05-20,8,South,1863.52,2025-05-23,2025-05-26
5724,78,2024-06-15,3,South,28.58,2024-06-18,2024-06-20
5725,97,2024-05-04,3,West,481.17,2024-05-07,2024-05-07
5726,62,2024-03-27,5,West,890.32,2024-03-30,2024-03-29
5727,93,2025-05-03,5,West,1134.9,2025-05-06,2025-05-04
5728,43,2024-08-13,1,Northeast,1833.49,2024-08-16,2024-08-19
5729,49,2024-12-10,4,West,1785.93,2024-12-13,2024-12-13
5730,36,2025-06-01,9,Northeast,1281.6,2025-06-04,2025-06-11
5731,10,2024-01-31,8,Northeast,529.63,2024-02-03,2024-02-05
5732,95,2024-10-22,3,Northeast,1570.91,2024-10-25,2024-10-28
5733,6,2025-02-17,5,Midwest,421.25,2025-02-20,2025-02-26
5734,57,2024-05-14,5,South,1931.04,2024-05-17,2024-05-16
5735,1,2024-01-04,7,Northeast,31.56,2024-01-07,2024-01-10
5736,71,2024-06-26,8,South,1148.15,2024-06-29,2024-07-02
5737,58,2024-09-15,9,Northeast,195.03,2024-09-18,2024-09-18
5738,91,2024-03-05,7,Northeast,827.05,2024-03-08,2024-03-06
5739,21,2024-12-28,2,West,1277.17,2024-12-31,2024-12-29
5740,92,2024-01-17,8,South,1385.41,2024-01-20,2024-01-19
5741,80,2024-07-18,8,Northeast,1575.43,2024-07-21,2024-07-26
5742,56,2024-07-30,2,South,1194.79,2024-08-02,2024-08-02
5743,87,2025-03-10,6,West,517.61,2025-03-13,2025-03-18
5744,20,2024-09-29,10,Northeast,1780.72,2024-10-02,2024-10-02
5745,54,2024-10-16,1,West,1625.99,2024-10-19,2024-10-21
5746,25,2025-04-27,7,Northeast,336.9,2025-04-30,2025-05-04
5747,28,2024-08-21,10,West,1656.49,2024-08-24,2024-08-29
5748,5,2025-02-11,2,West,1945.84,2025-02-14,2025-02-15
5749,21,2024-05-25,5,Midwest,1281.69,2024-05-28,2024-05-28
5750,18,2025-03-05,7,Northeast,577.97,2025-03-08,2025-03-06
5751,47,2025-03-07,10,Northeast,1221.06,2025-03-10,2025-03-11
5752,70,2025-05-11,9,Northeast,698.22,2025-05-14,2025-05-24
5753,57,2024-03-29,1,South,1358.37,2024-04-01,2024-04-02
5754,93,2025-02-14,9,Midwest,1098.7,2025-02-17,2025-02-15
5755,19,2024-08-28,5,South,1860.39,2024-08-31,2024-09-01
5756,97,2024-08-10,6,Northeast,1243.46,2024-08-13,2024-08-17
5757,65,2025-04-12,8,Midwest,443.68,2025-04-15,2025-04-15
5758,3,2024-11-17,2,West,1455.72,2024-11-20,2024-11-19
5759,42,2025-01-09,7,Midwest,615.74,2025-01-12,2025-01-22
5760,21,2024-04-21,4,West,559.33,2024-04-24,2024-04-27
5761,99,2025-02-15,9,Northeast,795.72,2025-02-18,2025-02-25
5762,40,2024-09-25,6,Northeast,43.75,2024-09-28,2024-09-29
5763,67,2024-09-08,7,West,1938.9,2024-09-11,2024-09-18
5764,25,2025-01-08,6,Midwest,1074.02,2025-01-11,2025-01-16
5765,55,2025-03-25,8,South,1551.52,2025-03-28,2025-04-01
5766,84,2025-01-02,6,Midwest,530.55,2025-01-05,2025-01-03
5767,52,2024-09-11,7,West,1498.3,2024-09-14,2024-09-14
5768,44,2025-04-07,8,West,1143.0,2025-04-10,2025-04-13
5769,98,2024-09-24,1,South,859.81,2024-09-27,2024-09-28
5770,85,2024-05-05,10,South,1941.93,2024-05-08,2024-05-11
5771,56,2025-01-27,4,South,997.81,2025-01-30,2025-01-31
5772,55,2024-11-29,6,West,1321.77,2024-12-02,2024-12-05
5773,87,2025-01-02,1,Northeast,50.38,2025-01-05,2025-01-05
5774,70,2025-03-31,4,Midwest,616.88,2025-04-03,2025-04-06
5775,77,2024-03-07,6,South,1779.61,2024-03-10,2024-03-09
5776,87,2024-03-06,7,West,1522.74,2024-03-09,2024-03-10
5777,73,2025-02-03,6,Midwest,1082.77,2025-02-06,2025-02-07
5778,81,2024-10-13,4,South,1802.32,2024-10-16,2024-10-15
5779,66,2024-07-04,7,Northeast,982.72,2024-07-07,2024-07-07
5780,19,2024-10-10,10,Midwest,1141.68,2024-10-13,2024-10-16
5781,83,2025-05-30,2,Midwest,776.66,2025-06-02,2025-06-06
5782,7,2024-08-24,6,West,1247.68,2024-08-27,2024-08-30
5783,63,2024-01-18,5,West,651.62,2024-01-21,2024-01-25
5784,42,2025-02-17,2,West,783.27,2025-02-20,2025-02-22
5785,42,2024-01-09,9,Northeast,1933.33,2024-01-12,2024-01-12
5786,59,2025-02-23,7,Midwest,240.39,2025-02-26,2025-02-24
5787,20,2024-01-29,3,South,228.41,2024-02-01,2024-02-01
5788,73,2024-12-13,7,Northeast,105.77,2024-12-16,2024-12-18
5789,17,2025-03-25,6,South,653.69,2025-03-28,2025-03-28
5790,27,2025-01-14,7,South,808.49,2025-01-17,2025-01-24
5791,47,2024-12-31,4,West,207.14,2025-01-03,2025-01-06
5792,2,2024-08-14,10,South,1107.28,2024-08-17,2024-08-19
5793,63,2024-04-27,8,South,1174.94,2024-04-30,2024-05-04
5794,62,2025-02-15,8,Northeast,1507.03,2025-02-18,2025-02-26
5795,100,2024-12-21,7,West,1952.42,2024-12-24,2024-12-25
5796,19,2024-09-10,7,South,1246.32,2024-09-13,2024-09-12
5797,17,2025-03-19,10,South,241.07,2025-03-22,2025-03-25
5798,69,2024-03-21,8,South,195.28,2024-03-24,2024-03-23
5799,39,2024-02-15,1,Midwest,1559.54,2024-02-18,2024-02-17
5800,82,2024-02-18,6,Midwest,1307.66,2024-02-21,2024-02-27
5801,71,2025-03-24,2,West,340.59,2025-03-27,2025-04-02
5802,81,2025-02-10,1,Northeast,521.65,2025-02-13,2025-02-17
5803,39,2024-10-09,10,West,1505.48,2024-10-12,2024-10-15
5804,36,2025-04-17,7,Midwest,1140.99,2025-04-20,2025-04-18
5805,40,2025-02-19,6,West,1178.3,2025-02-22,2025-02-22
5806,45,2024-04-30,5,Northeast,435.82,2024-05-03,2024-05-09
5807,4,2024-01-03,5,West,1265.53,2024-01-06,2024-01-06
5808,25,2024-11-11,9,South,1545.84,2024-11-14,2024-11-14
5809,69,2025-04-04,9,Northeast,1772.8,2025-04-07,2025-04-08
5810,30,2024-08-14,6,Northeast,1478.7,2024-08-17,2024-08-21
5811,76,2024-03-19,3,Northeast,1161.22,2024-03-22,2024-03-23
5812,68,2024-03-11,7,West,1353.05,2024-03-14,2024-03-15
5813,88,2024-07-15,4,West,980.52,2024-07-18,2024-07-16
5814,29,2024-02-27,5,South,469.26,2024-03-01,2024-03-03
5815,73,2025-02-27,7,Northeast,1766.77,2025-03-02,2025-03-07
5816,68,2025-04-13,7,South,1074.59,2025-04-16,2025-04-18
5817,51,2024-02-17,10,Northeast,1196.75,2024-02-20,2024-02-28
5818,24,2025-03-10,8,Midwest,1980.42,2025-03-13,2025-03-13
5819,14,2024-07-03,1,West,1970.33,2024-07-06,2024-07-07
5820,69,2024-06-13,5,South,1180.9,2024-06-16,2024-06-16
5821,18,2024-11-26,9,West,87.24,2024-11-29,2024-11-29
5822,42,2024-11-25,7,West,804.37,2024-11-28,2024-12-02
5823,57,2024-04-30,2,Midwest,1875.84,2024-05-03,2024-05-04
5824,83,2024-07-31,1,Midwest,590.85,2024-08-03,2024-08-11
5825,12,2025-05-21,8,Northeast,1998.55,2025-05-24,2025-05-27
5826,82,2024-06-16,9,Midwest,186.95,2024-06-19,2024-06-18
5827,17,2025-03-02,10,Northeast,1144.87,2025-03-05,2025-03-04
5828,30,2024-08-08,5,Midwest,1040.59,2024-08-11,2024-08-18
5829,88,2024-01-10,6,Midwest,525.6,2024-01-13,2024-01-16
5830,75,2024-04-29,2,South,1898.24,2024-05-02,2024-05-08
5831,99,2024-09-03,5,Midwest,1245.96,2024-09-06,2024-09-08
5832,23,2024-12-25,4,South,475.85,2024-12-28,2024-12-30
5833,81,2024-08-08,8,Midwest,780.42,2024-08-11,2024-08-17
5834,1,2025-05-20,8,South,1448.03,2025-05-23,2025-05-26
5835,79,2024-02-27,5,West,609.44,2024-03-01,2024-03-04
5836,32,2025-04-04,8,Northeast,1761.62,2025-04-07,2025-04-08
5837,9,2024-05-07,6,Midwest,348.03,2024-05-10,2024-05-15
5838,15,2024-03-26,10,South,543.72,2024-03-29,2024-03-31
5839,28,2024-04-13,6,Midwest,306.9,2024-04-16,2024-04-16
5840,24,2024-05-22,4,South,226.27,2024-05-25,2024-06-02
5841,60,2024-07-23,10,South,614.62,2024-07-26,2024-07-27
5842,35,2024-02-07,3,Midwest,1998.37,2024-02-10,2024-02-10
5843,86,2024-12-28,9,Northeast,206.77,2024-12-31,2025-01-05
5844,27,2024-11-04,5,South,441.74,2024-11-07,2024-11-11
5845,83,2024-02-21,10,West,557.8,2024-02-24,2024-02-24
5846,76,2024-01-01,10,Midwest,1245.88,2024-01-04,2024-01-06
5847,20,2024-01-11,4,West,1495.78,2024-01-14,2024-01-18
5848,65,2024-08-01,6,South,1508.83,2024-08-04,2024-08-07
5849,85,2025-06-01,4,South,37.1,2025-06-04,2025-06-08
5850,49,2025-02-18,6,Midwest,1310.66,2025-02-21,2025-02-23
5851,1,2024-01-08,10,Northeast,1268.86,2024-01-11,2024-01-15
5852,10,2024-01-05,8,West,1044.96,2024-01-08,2024-01-09
5853,47,2024-12-27,8,Northeast,770.83,2024-12-30,2024-12-30
5854,59,2024-04-21,6,West,1598.94,2024-04-24,2024-04-29
5855,96,2024-09-29,1,Northeast,700.88,2024-10-02,2024-10-05
5856,62,2025-02-25,1,Midwest,475.42,2025-02-28,2025-03-04
5857,86,2024-09-21,3,West,633.99,2024-09-24,2024-09-30
5858,18,2025-04-02,2,Midwest,890.5,2025-04-05,2025-04-05
5859,46,2024-07-30,1,Northeast,443.83,2024-08-02,2024-08-06
5860,32,2024-03-18,1,Northeast,1222.99,2024-03-21,2024-03-30
5861,27,2024-08-08,6,Northeast,1770.73,2024-08-11,2024-08-13
5862,92,2025-01-03,7,Midwest,1199.01,2025-01-06,2025-01-04
5863,18,2024-12-12,8,South,904.4,2024-12-15,2024-12-19
5864,39,2024-01-25,3,South,1597.8,2024-01-28,2024-01-26
5865,49,2025-02-23,1,West,1501.12,2025-02-26,2025-02-25
5866,93,2024-12-19,5,Midwest,746.78,2024-12-22,2024-12-24
5867,82,2025-02-20,8,Midwest,1216.22,2025-02-23,2025-02-25
5868,44,2025-05-29,4,Midwest,1465.09,2025-06-01,2025-06-04
5869,72,2024-08-02,2,Northeast,506.02,2024-08-05,2024-08-14
5870,54,2024-04-21,9,Midwest,745.22,2024-04-24,2024-04-26
5871,95,2025-03-03,9,South,229.44,2025-03-06,2025-03-06
5872,34,2024-08-03,3,West,1975.61,2024-08-06,2024-08-06
5873,71,2025-02-16,7,South,190.04,2025-02-19,2025-02-20
5874,36,2025-01-14,1,Midwest,353.84,2025-01-17,2025-01-15
5875,18,2024-08-19,8,West,970.07,2024-08-22,2024-08-26
5876,38,2024-09-14,8,West,1733.24,2024-09-17,2024-09-20
5877,59,2024-09-12,3,Midwest,724.65,2024-09-15,2024-09-18
5878,9,2025-02-06,5,Midwest,1541.82,2025-02-09,2025-02-13
5879,73,2025-02-27,4,South,1358.55,2025-03-02,2025-03-06
5880,72,2024-03-05,7,South,1284.55,2024-03-08,2024-03-06
5881,51,2024-07-08,7,Northeast,1693.13,2024-07-11,2024-07-12
5882,35,2024-06-21,8,Northeast,48.06,2024-06-24,2024-06-25
5883,82,2024-08-14,5,Northeast,1859.72,2024-08-17,2024-08-23
5884,5,2025-01-22,5,Midwest,1661.87,2025-01-25,2025-01-31
5885,14,2025-02-04,8,Midwest,1876.98,2025-02-07,2025-02-08
5886,92,2024-07-31,5,Northeast,1591.3,2024-08-03,2024-08-02
5887,30,2024-02-22,1,Northeast,1759.61,2024-02-25,2024-02-27
5888,4,2024-05-18,3,South,422.09,2024-05-21,2024-05-22
5889,39,2025-02-21,2,Northeast,652.07,2025-02-24,2025-02-26
5890,84,2024-05-22,10,Northeast,644.14,2024-05-25,2024-05-31
5891,64,2025-05-23,5,West,236.15,2025-05-26,2025-05-29
5892,25,2025-04-30,8,Northeast,1464.57,2025-05-03,2025-05-04
5893,28,2025-03-12,9,West,289.62,2025-03-15,2025-03-15
5894,76,2024-10-19,9,Northeast,123.97,2024-10-22,2024-10-20
5895,66,2024-10-10,1,West,1555.38,2024-10-13,2024-10-17
5896,78,2024-01-14,1,Northeast,1811.23,2024-01-17,2024-01-20
5897,22,2024-09-28,1,South,1532.96,2024-10-01,2024-10-05
5898,31,2024-01-25,1,Midwest,1654.2,2024-01-28,2024-01-30
5899,23,2024-11-17,9,West,1199.33,2024-11-20,2024-11-19
5900,48,2024-04-12,1,Midwest,1777.74,2024-04-15,2024-04-17
5901,20,2024-02-09,7,South,1003.47,2024-02-12,2024-02-17
5902,38,2024-08-22,6,Northeast,1976.88,2024-08-25,2024-08-27
5903,55,2024-03-29,9,Northeast,224.76,2024-04-01,2024-04-08
5904,68,2024-04-09,9,South,1622.18,2024-04-12,2024-04-15
5905,79,2024-05-23,4,Midwest,1289.95,2024-05-26,2024-06-03
5906,88,2024-03-22,9,Midwest,1169.68,2024-03-25,2024-04-02
5907,89,2024-08-16,6,Midwest,1457.1,2024-08-19,2024-08-18
5908,1,2025-01-29,5,Midwest,1683.78,2025-02-01,2025-02-01
5909,7,2025-05-27,9,West,1728.51,2025-05-30,2025-05-31
5910,57,2024-07-15,7,Midwest,367.25,2024-07-18,2024-07-16
5911,95,2024-09-30,9,West,410.13,2024-10-03,2024-10-06
5912,12,2025-01-06,5,South,52.01,2025-01-09,2025-01-12
5913,5,2024-03-20,4,Northeast,281.05,2024-03-23,2024-03-26
5914,50,2024-08-22,10,West,542.49,2024-08-25,2024-08-23
5915,42,2024-10-13,3,Midwest,1447.65,2024-10-16,2024-10-23
5916,12,2025-03-12,5,Northeast,962.02,2025-03-15,2025-03-13
5917,18,2024-05-06,9,West,1520.65,2024-05-09,2024-05-07
5918,66,2025-02-20,3,Northeast,983.34,2025-02-23,2025-02-28
5919,74,2024-02-10,1,South,1120.08,2024-02-13,2024-02-16
5920,79,2025-04-13,2,Midwest,239.91,2025-04-16,2025-04-16
5921,94,2024-10-23,10,South,1557.59,2024-10-26,2024-10-28
5922,17,2024-02-11,5,Northeast,1521.09,2024-02-14,2024-02-16
5923,68,2024-10-05,3,South,628.97,2024-10-08,2024-10-14
5924,71,2025-04-03,6,Midwest,670.58,2025-04-06,2025-04-04
5925,62,2024-02-02,8,West,454.97,2024-02-05,2024-02-08
5926,41,2024-10-02,6,South,1631.4,2024-10-05,2024-10-10
5927,95,2024-03-30,10,Midwest,1499.07,2024-04-02,2024-04-01
5928,34,2024-06-08,9,Northeast,1226.11,2024-06-11,2024-06-13
5929,70,2025-04-02,6,South,492.87,2025-04-05,2025-04-07
5930,45,2025-02-02,5,West,360.27,2025-02-05,2025-02-03
5931,58,2024-03-31,4,South,119.53,2024-04-03,2024-04-06
5932,51,2025-04-10,2,Northeast,110.31,2025-04-13,2025-04-16
5933,34,2024-08-07,6,Northeast,390.53,2024-08-10,2024-08-16
5934,44,2025-02-22,2,Northeast,219.05,2025-02-25,2025-02-27
5935,15,2025-01-13,5,South,1121.09,2025-01-16,2025-01-19
5936,78,2025-03-22,1,South,729.02,2025-03-25,2025-03-31
5937,70,2024-05-25,3,South,900.99,2024-05-28,2024-05-28
5938,50,2024-08-20,10,West,1196.25,2024-08-23,2024-08-21
5939,32,2025-01-05,5,Midwest,1325.02,2025-01-08,2025-01-10
5940,67,2024-08-21,7,South,1303.44,2024-08-24,2024-08-25
5941,3,2025-01-01,8,West,536.5,2025-01-04,2025-01-06
5942,86,2025-04-25,7,Northeast,1623.06,2025-04-28,2025-04-29
5943,86,2024-12-28,7,South,1837.07,2024-12-31,2024-12-30
5944,74,2025-05-25,2,South,645.56,2025-05-28,2025-06-02
5945,51,2024-04-04,6,South,53.79,2024-04-07,2024-04-09
5946,67,2024-08-03,5,West,1800.33,2024-08-06,2024-08-15
5947,76,2024-05-14,9,South,1848.63,2024-05-17,2024-05-16
5948,93,2024-03-23,10,South,120.87,2024-03-26,2024-04-03
5949,48,2025-01-25,4,Midwest,29.81,2025-01-28,2025-01-31
5950,17,2024-02-16,7,West,1636.48,2024-02-19,2024-02-21
5951,7,2025-01-26,8,Midwest,616.9,2025-01-29,2025-01-28
5952,13,2025-01-19,6,Midwest,1830.87,2025-01-22,2025-01-22
5953,66,2025-01-15,3,Midwest,449.15,2025-01-18,2025-01-24
5954,4,2024-03-17,5,Midwest,1725.09,2024-03-20,2024-03-18
5955,10,2024-09-15,1,Northeast,155.92,2024-09-18,2024-09-16
5956,88,2025-02-02,8,South,536.06,2025-02-05,2025-02-03
5957,17,2024-04-09,2,Midwest,1946.8,2024-04-12,2024-04-18
5958,52,2025-05-15,10,West,477.77,2025-05-18,2025-05-22
5959,6,2025-01-17,7,South,283.37,2025-01-20,2025-01-19
5960,83,2024-07-10,9,Midwest,1716.97,2024-07-13,2024-07-14
5961,69,2024-12-10,1,Midwest,253.25,2024-12-13,2024-12-15
5962,96,2024-01-10,4,West,212.96,2024-01-13,2024-01-18
5963,74,2024-09-20,7,Northeast,660.38,2024-09-23,2024-09-22
5964,9,2024-09-24,9,West,1277.95,2024-09-27,2024-09-29
5965,91,2024-07-13,2,Northeast,1427.28,2024-07-16,2024-07-17
5966,77,2025-02-10,2,Northeast,1764.85,2025-02-13,2025-02-15
5967,83,2024-10-22,6,Northeast,1091.0,2024-10-25,2024-10-24
5968,21,2024-04-06,3,Midwest,798.97,2024-04-09,2024-04-12
5969,24,2025-04-06,4,Midwest,730.49,2025-04-09,2025-04-09
5970,4,2024-03-27,3,Northeast,1696.87,2024-03-30,2024-04-01
5971,24,2024-03-17,1,Northeast,1453.15,2024-03-20,2024-03-27
5972,59,2025-04-27,6,Midwest,1812.75,2025-04-30,2025-05-05
5973,99,2024-05-25,2,Northeast,1928.79,2024-05-28,2024-06-03
5974,3,2024-04-20,2,Midwest,614.1,2024-04-23,2024-04-26
5975,68,2024-10-23,7,Northeast,1068.75,2024-10-26,2024-10-31
5976,40,2025-03-01,5,Midwest,1271.01,2025-03-04,2025-03-02
5977,48,2024-11-29,8,West,344.42,2024-12-02,2024-11-30
5978,54,2024-06-10,2,Northeast,125.63,2024-06-13,2024-06-12
5979,35,2025-03-05,10,Northeast,1738.17,2025-03-08,2025-03-07
5980,95,2024-03-09,8,West,1080.34,2024-03-12,2024-03-17
5981,56,2024-05-12,7,South,1150.13,2024-05-15,2024-05-13
5982,89,2024-07-07,10,Northeast,1118.73,2024-07-10,2024-07-08
5983,40,2024-10-05,8,South,1514.82,2024-10-08,2024-10-10
5984,77,2025-03-05,3,West,308.09,2025-03-08,2025-03-10
5985,68,2024-06-09,8,Northeast,1235.82,2024-06-12,2024-06-17
5986,46,2025-03-28,6,South,949.57,2025-03-31,2025-04-01
5987,78,2024-06-18,2,Northeast,1795.98,2024-06-21,2024-06-22
5988,13,2024-02-26,6,Northeast,1048.85,2024-02-29,2024-03-05
5989,27,2024-08-27,5,Midwest,1887.01,2024-08-30,2024-08-29
5990,6,2024-12-23,3,South,719.44,2024-12-26,2024-12-28
5991,17,2024-07-19,1,Midwest,1934.45,2024-07-22,2024-07-26
5992,36,2025-03-19,7,Midwest,1752.81,2025-03-22,2025-03-23
5993,99,2024-10-28,2,South,1176.84,2024-10-31,2024-11-05
5994,81,2024-04-15,1,South,720.35,2024-04-18,2024-04-17
5995,2,2024-04-10,1,Midwest,764.33,2024-04-13,2024-04-20
5996,77,2024-04-06,7,Northeast,1550.05,2024-04-09,2024-04-10
5997,52,2024-01-29,1,Northeast,1169.65,2024-02-01,2024-02-02
5998,66,2025-05-20,9,West,815.14,2025-05-23,2025-05-21
5999,52,2025-03-13,6,Northeast,1279.39,2025-03-16,2025-03-15
6000,92,2025-01-13,4,South,1471.8,2025-01-16,2025-01-16
6001,43,2024-03-13,4,South,65.34,2024-03-16,2024-03-15
6002,90,2024-09-10,5,West,197.93,2024-09-13,2024-09-11
6003,22,2025-05-30,2,South,207.08,2025-06-02,2025-06-04
6004,55,2024-01-20,5,Midwest,479.23,2024-01-23,2024-01-27
6005,67,2025-02-24,2,West,865.44,2025-02-27,2025-03-02
6006,99,2025-03-21,4,West,1611.23,2025-03-24,2025-03-22
6007,60,2024-05-15,10,Northeast,715.18,2024-05-18,2024-05-17
6008,58,2025-05-19,5,Northeast,54.61,2025-05-22,2025-05-27
6009,12,2024-10-27,6,Midwest,977.06,2024-10-30,2024-10-28
6010,88,2024-02-02,6,Midwest,1993.32,2024-02-05,2024-02-07
6011,69,2024-10-04,9,Northeast,711.06,2024-10-07,2024-10-06
6012,84,2024-05-12,4,Northeast,1923.28,2024-05-15,2024-05-21
6013,39,2024-05-05,5,Midwest,220.66,2024-05-08,2024-05-08
6014,13,2024-12-10,6,Northeast,362.74,2024-12-13,2024-12-17
6015,41,2024-01-17,4,West,1453.76,2024-01-20,2024-01-20
6016,57,2025-01-12,6,Midwest,1012.4,2025-01-15,2025-01-13
6017,53,2024-02-29,2,Northeast,1534.94,2024-03-03,2024-03-06
6018,12,2025-04-11,7,South,1729.85,2025-04-14,2025-04-12
6019,13,2025-01-25,3,South,517.15,2025-01-28,2025-01-27
6020,74,2024-07-05,10,Midwest,1372.0,2024-07-08,2024-07-16
6021,97,2025-05-12,4,South,1223.05,2025-05-15,2025-05-25
6022,57,2024-12-26,9,South,1725.84,2024-12-29,2024-12-31
6023,40,2025-03-24,5,West,871.61,2025-03-27,2025-03-26
6024,80,2024-06-29,9,Midwest,122.7,2024-07-02,2024-07-04
6025,45,2024-05-09,10,South,1156.89,2024-05-12,2024-05-10
6026,35,2024-05-28,10,Northeast,1918.58,2024-05-31,2024-06-01
6027,3,2025-04-16,10,Midwest,48.97,2025-04-19,2025-04-26
6028,5,2025-05-14,10,Midwest,495.71,2025-05-17,2025-05-20
6029,90,2024-12-20,6,South,645.81,2024-12-23,2024-12-21
6030,11,2024-07-29,8,South,1536.36,2024-08-01,2024-08-04
6031,71,2024-01-30,5,West,660.09,2024-02-02,2024-01-31
6032,56,2024-01-24,5,Northeast,493.39,2024-01-27,2024-01-25
6033,10,2024-08-09,3,West,1304.14,2024-08-12,2024-08-16
6034,34,2025-02-04,7,West,111.88,2025-02-07,2025-02-07
6035,67,2025-05-26,2,Northeast,357.78,2025-05-29,2025-06-05
6036,72,2024-03-28,3,South,827.9,2024-03-31,2024-03-30
6037,31,2025-04-09,2,West,724.09,2025-04-12,2025-04-18
6038,75,2024-02-19,8,Midwest,707.39,2024-02-22,2024-02-29
6039,71,2024-04-12,4,West,234.94,2024-04-15,2024-04-17
6040,66,2025-01-02,10,Northeast,734.46,2025-01-05,2025-01-06
6041,70,2025-05-06,8,West,1600.03,2025-05-09,2025-05-09
6042,41,2024-09-24,8,West,839.41,2024-09-27,2024-09-27
6043,63,2025-01-31,8,Midwest,1180.62,2025-02-03,2025-02-01
6044,32,2024-11-15,8,Northeast,343.89,2024-11-18,2024-11-22
6045,20,2025-03-24,8,Midwest,158.03,2025-03-27,2025-03-31
6046,57,2025-04-20,9,South,1762.31,2025-04-23,2025-04-24
6047,98,2024-08-27,2,Northeast,676.12,2024-08-30,2024-09-01
6048,50,2024-09-14,9,West,713.67,2024-09-17,2024-09-18
6049,80,2025-01-24,8,Midwest,1757.82,2025-01-27,2025-01-25
6050,25,2024-12-08,10,Midwest,1421.39,2024-12-11,2024-12-09
6051,12,2025-01-21,1,Northeast,1517.4,2025-01-24,2025-01-24
6052,71,2025-01-28,5,Midwest,1370.37,2025-01-31,2025-02-01
6053,39,2024-09-26,2,Northeast,229.47,2024-09-29,2024-10-04
6054,17,2024-05-28,10,South,1916.83,2024-05-31,2024-06-04
6055,45,2025-01-14,5,Northeast,1820.09,2025-01-17,2025-01-24
6056,11,2024-01-28,8,Northeast,487.72,2024-01-31,2024-02-04
6057,70,2024-05-28,9,South,1611.91,2024-05-31,2024-05-29
6058,23,2025-02-23,9,South,830.6,2025-02-26,2025-02-24
6059,91,2024-10-06,1,West,1373.86,2024-10-09,2024-10-08
6060,70,2024-06-30,7,Midwest,347.89,2024-07-03,2024-07-04
6061,38,2024-06-14,8,South,1086.34,2024-06-17,2024-06-17
6062,2,2024-01-17,10,South,270.7,2024-01-20,2024-01-24
6063,86,2024-05-29,3,Midwest,1081.61,2024-06-01,2024-06-07
6064,84,2024-12-04,6,Midwest,502.32,2024-12-07,2024-12-05
6065,89,2024-02-14,3,West,915.88,2024-02-17,2024-02-15
6066,79,2025-05-16,9,West,1342.58,2025-05-19,2025-05-26
6067,93,2024-07-07,3,Northeast,1756.61,2024-07-10,2024-07-13
6068,72,2024-03-01,2,West,347.27,2024-03-04,2024-03-04
6069,37,2024-10-20,9,South,1788.67,2024-10-23,2024-10-30
6070,49,2024-02-02,8,South,792.27,2024-02-05,2024-02-11
6071,52,2024-10-25,8,Midwest,1690.72,2024-10-28,2024-10-28
6072,33,2025-02-18,2,West,1034.84,2025-02-21,2025-02-26
6073,22,2025-03-06,6,Northeast,1727.17,2025-03-09,2025-03-14
6074,5,2025-05-09,5,Northeast,1332.39,2025-05-12,2025-05-17
6075,18,2024-04-09,2,Northeast,1027.26,2024-04-12,2024-04-18
6076,38,2024-01-23,5,Northeast,638.83,2024-01-26,2024-01-25
6077,37,2025-02-23,4,Midwest,1938.44,2025-02-26,2025-02-28
6078,94,2025-02-27,9,West,1605.78,2025-03-02,2025-03-09
6079,95,2025-05-01,1,West,774.75,2025-05-04,2025-05-05
6080,64,2024-03-29,6,West,350.11,2024-04-01,2024-04-01
6081,10,2024-07-27,7,West,1563.48,2024-07-30,2024-08-01
6082,79,2024-09-27,6,Northeast,1980.09,2024-09-30,2024-09-28
6083,42,2025-02-09,5,Northeast,572.37,2025-02-12,2025-02-15
6084,48,2024-10-04,4,Midwest,1833.41,2024-10-07,2024-10-05
6085,44,2024-07-24,5,Midwest,268.23,2024-07-27,2024-08-02
6086,82,2024-11-23,9,Northeast,1905.37,2024-11-26,2024-11-24
6087,87,2024-12-01,5,South,1495.77,2024-12-04,2024-12-09
6088,97,2024-02-07,10,West,706.26,2024-02-10,2024-02-10
6089,16,2024-08-15,8,Midwest,623.17,2024-08-18,2024-08-17
6090,54,2025-04-27,7,Northeast,1294.0,2025-04-30,2025-05-02
6091,35,2024-05-13,4,West,1195.14,2024-05-16,2024-05-19
6092,98,2025-01-24,10,West,1839.49,2025-01-27,2025-01-29
6093,28,2025-02-28,5,Northeast,1537.16,2025-03-03,2025-03-06
6094,2,2025-05-24,7,South,1089.92,2025-05-27,2025-05-31
6095,94,2025-03-02,6,South,1856.58,2025-03-05,2025-03-03
6096,13,2025-04-18,3,Midwest,1193.61,2025-04-21,2025-04-23
6097,41,2024-12-26,10,Northeast,1702.38,2024-12-29,2024-12-27
6098,80,2024-07-29,3,Midwest,1685.07,2024-08-01,2024-07-30
6099,59,2024-06-27,2,South,1840.01,2024-06-30,2024-06-29
6100,69,2024-02-27,3,Midwest,153.85,2024-03-01,2024-02-28
6101,92,2024-03-13,10,Midwest,1175.96,2024-03-16,2024-03-18
6102,53,2024-08-02,1,South,947.42,2024-08-05,2024-08-03
6103,45,2024-03-13,9,West,991.27,2024-03-16,2024-03-19
6104,20,2025-04-11,2,West,930.62,2025-04-14,2025-04-21
6105,24,2024-09-27,3,South,1678.18,2024-09-30,2024-10-07
6106,61,2025-05-13,5,West,650.5,2025-05-16,2025-05-15
6107,91,2024-12-19,10,Northeast,936.25,2024-12-22,2024-12-20
6108,94,2024-08-21,4,West,417.35,2024-08-24,2024-08-28
6109,58,2024-11-14,5,South,518.4,2024-11-17,2024-11-19
6110,27,2024-01-19,6,Northeast,1327.63,2024-01-22,2024-01-24
6111,26,2025-01-06,5,Midwest,251.53,2025-01-09,2025-01-07
6112,7,2024-07-02,10,South,391.89,2024-07-05,2024-07-07
6113,42,2024-10-03,1,South,1065.51,2024-10-06,2024-10-11
6114,47,2024-05-24,6,West,106.67,2024-05-27,2024-05-27
6115,53,2024-03-21,9,Northeast,271.32,2024-03-24,2024-03-27
6116,59,2024-11-17,3,South,1729.44,2024-11-20,2024-11-22
6117,38,2025-03-10,2,Northeast,1695.37,2025-03-13,2025-03-13
6118,69,2024-02-12,6,Northeast,708.6,2024-02-15,2024-02-17
6119,87,2024-11-08,3,West,709.02,2024-11-11,2024-11-10
6120,92,2024-10-19,4,South,1874.3,2024-10-22,2024-10-27
6121,98,2024-03-09,6,Northeast,71.17,2024-03-12,2024-03-11
6122,53,2024-02-25,6,Northeast,1168.99,2024-02-28,2024-02-28
6123,15,2024-07-22,2,Midwest,1202.83,2024-07-25,2024-07-30
6124,96,2025-02-23,3,West,1580.02,2025-02-26,2025-02-26
6125,26,2024-08-30,9,South,1904.47,2024-09-02,2024-09-01
6126,48,2024-07-19,2,Northeast,724.54,2024-07-22,2024-07-25
6127,95,2025-04-18,3,West,886.91,2025-04-21,2025-04-28
6128,19,2024-03-17,9,South,1349.17,2024-03-20,2024-03-25
6129,9,2025-04-22,4,Northeast,1935.2,2025-04-25,2025-04-29
6130,64,2025-03-15,1,South,1783.77,2025-03-18,2025-03-23
6131,93,2024-09-19,2,South,1340.76,2024-09-22,2024-09-26
6132,54,2024-07-03,3,West,1716.31,2024-07-06,2024-07-09
6133,51,2024-02-24,9,West,188.7,2024-02-27,2024-03-03
6134,39,2024-11-03,9,Midwest,766.71,2024-11-06,2024-11-09
6135,4,2025-05-30,6,Midwest,45.92,2025-06-02,2025-06-04
6136,3,2024-10-25,6,Midwest,371.4,2024-10-28,2024-10-31
6137,64,2024-08-17,3,Northeast,1268.38,2024-08-20,2024-08-23
6138,29,2025-01-11,5,Midwest,1773.41,2025-01-14,2025-01-17
6139,11,2024-10-12,4,South,1272.91,2024-10-15,2024-10-18
6140,97,2024-05-17,10,West,1334.99,2024-05-20,2024-05-19
6141,58,2025-04-22,10,South,225.57,2025-04-25,2025-04-26
6142,75,2024-01-07,9,West,1336.42,2024-01-10,2024-01-08
6143,27,2025-02-22,9,West,919.61,2025-02-25,2025-02-28
6144,97,2025-04-16,1,South,1309.85,2025-04-19,2025-04-22
6145,21,2025-02-23,8,South,665.82,2025-02-26,2025-03-04
6146,39,2024-10-02,9,Northeast,1171.34,2024-10-05,2024-10-08
6147,95,2024-03-30,5,West,859.66,2024-04-02,2024-04-03
6148,46,2024-10-08,4,Midwest,1126.1,2024-10-11,2024-10-12
6149,66,2024-06-19,10,Northeast,311.24,2024-06-22,2024-06-26
6150,91,2024-12-20,4,Midwest,803.73,2024-12-23,2024-12-23
6151,36,2024-07-22,2,Northeast,761.07,2024-07-25,2024-07-27
6152,75,2024-10-15,9,West,1478.06,2024-10-18,2024-10-23
6153,82,2025-04-06,5,South,1418.69,2025-04-09,2025-04-17
6154,65,2024-06-21,3,South,1819.54,2024-06-24,2024-06-29
6155,63,2024-10-27,6,West,1271.47,2024-10-30,2024-10-30
6156,99,2024-05-19,9,South,642.8,2024-05-22,2024-05-22
6157,35,2024-10-04,9,West,1570.78,2024-10-07,2024-10-11
6158,31,2025-05-25,5,West,1004.06,2025-05-28,2025-05-29
6159,28,2024-12-11,8,West,403.12,2024-12-14,2024-12-12
6160,1,2024-05-19,4,Northeast,1499.87,2024-05-22,2024-06-01
6161,25,2024-04-23,5,South,282.41,2024-04-26,2024-04-29
6162,43,2025-05-21,7,Northeast,372.74,2025-05-24,2025-05-30
6163,84,2024-12-31,7,Midwest,1522.34,2025-01-03,2025-01-04
6164,67,2025-01-31,7,West,1544.89,2025-02-03,2025-02-05
6165,63,2024-04-20,8,South,1585.75,2024-04-23,2024-04-25
6166,51,2024-12-23,5,Midwest,600.78,2024-12-26,2024-12-27
6167,2,2024-08-25,1,West,1735.84,2024-08-28,2024-08-28
6168,82,2024-01-03,9,Midwest,1450.88,2024-01-06,2024-01-15
6169,64,2025-02-07,9,Northeast,1671.26,2025-02-10,2025-02-13
6170,74,2024-01-25,7,Northeast,1423.04,2024-01-28,2024-01-26
6171,69,2025-05-23,6,South,1167.6,2025-05-26,2025-05-28
6172,9,2025-04-09,5,Midwest,236.6,2025-04-12,2025-04-10
6173,2,2024-03-01,5,Midwest,1427.65,2024-03-04,2024-03-03
6174,34,2025-05-22,3,Northeast,1387.11,2025-05-25,2025-05-27
6175,60,2024-05-02,10,Northeast,638.73,2024-05-05,2024-05-09
6176,61,2025-05-11,1,South,1476.92,2025-05-14,2025-05-12
6177,31,2024-02-24,6,West,1109.9,2024-02-27,2024-03-05
6178,10,2024-06-11,8,South,1127.62,2024-06-14,2024-06-14
6179,76,2024-02-08,2,Northeast,747.86,2024-02-11,2024-02-12
6180,36,2024-03-23,8,South,251.23,2024-03-26,2024-04-02
6181,85,2024-04-22,8,West,449.52,2024-04-25,2024-05-02
6182,49,2025-02-28,10,Northeast,1542.29,2025-03-03,2025-03-03
6183,70,2024-08-17,8,West,557.45,2024-08-20,2024-08-25
6184,49,2024-10-09,10,South,24.46,2024-10-12,2024-10-14
6185,3,2024-10-13,3,West,1994.09,2024-10-16,2024-10-26
6186,74,2024-06-03,10,Northeast,437.15,2024-06-06,2024-06-06
6187,5,2024-06-13,8,Northeast,1317.66,2024-06-16,2024-06-23
6188,90,2024-06-30,4,West,1855.31,2024-07-03,2024-07-03
6189,61,2024-08-26,3,South,1207.43,2024-08-29,2024-08-28
6190,85,2024-12-04,9,South,1602.08,2024-12-07,2024-12-08
6191,90,2025-05-26,8,South,1953.22,2025-05-29,2025-05-27
6192,26,2024-09-22,10,South,1723.52,2024-09-25,2024-09-24
6193,72,2024-07-05,2,Midwest,1124.65,2024-07-08,2024-07-09
6194,5,2024-02-09,8,Midwest,740.13,2024-02-12,2024-02-13
6195,15,2025-05-07,3,West,975.28,2025-05-10,2025-05-15
6196,16,2025-01-25,10,Midwest,1686.82,2025-01-28,2025-02-01
6197,1,2024-09-16,6,Midwest,1709.64,2024-09-19,2024-09-21
6198,16,2024-06-24,5,Midwest,1694.79,2024-06-27,2024-06-25
6199,37,2024-11-24,8,West,1202.5,2024-11-27,2024-11-25
6200,3,2024-07-18,9,Midwest,964.37,2024-07-21,2024-07-21
6201,52,2024-07-14,7,South,636.45,2024-07-17,2024-07-16
6202,47,2024-03-02,6,South,26.65,2024-03-05,2024-03-05
6203,95,2024-11-22,6,West,1533.68,2024-11-25,2024-12-02
6204,13,2024-10-07,1,West,568.46,2024-10-10,2024-10-10
6205,80,2024-08-14,5,West,672.76,2024-08-17,2024-08-16
6206,55,2024-02-27,8,Northeast,1690.09,2024-03-01,2024-03-03
6207,21,2025-04-21,6,Midwest,123.46,2025-04-24,2025-04-24
6208,66,2025-01-10,1,West,1856.69,2025-01-13,2025-01-17
6209,54,2024-08-30,5,West,22.7,2024-09-02,2024-09-05
6210,27,2025-01-01,5,West,1879.55,2025-01-04,2025-01-12
6211,38,2025-05-14,3,South,920.42,2025-05-17,2025-05-18
6212,90,2024-09-08,8,West,222.2,2024-09-11,2024-09-19
6213,58,2024-11-17,9,South,1354.84,2024-11-20,2024-11-24
6214,62,2025-01-10,6,South,1793.8,2025-01-13,2025-01-17
6215,46,2025-02-12,6,Northeast,887.38,2025-02-15,2025-02-13
6216,89,2025-05-02,2,West,1388.89,2025-05-05,2025-05-03
6217,11,2024-12-08,10,Northeast,1959.14,2024-12-11,2024-12-09
6218,72,2024-08-27,2,West,496.59,2024-08-30,2024-09-02
6219,8,2024-05-18,6,Midwest,1644.49,2024-05-21,2024-05-25
6220,97,2024-05-01,8,West,604.57,2024-05-04,2024-05-08
6221,71,2025-02-23,2,West,864.15,2025-02-26,2025-02-28
6222,64,2024-10-30,9,West,577.9,2024-11-02,2024-11-07
6223,21,2024-04-24,9,West,903.1,2024-04-27,2024-05-03
6224,72,2024-12-08,4,West,30.08,2024-12-11,2024-12-12
6225,63,2024-09-07,4,West,620.81,2024-09-10,2024-09-14
6226,85,2024-01-07,4,Northeast,901.68,2024-01-10,2024-01-13
6227,64,2024-06-27,5,Midwest,1271.84,2024-06-30,2024-07-04
6228,20,2024-05-24,8,Northeast,1281.98,2024-05-27,2024-05-30
6229,8,2025-02-19,2,Midwest,1175.9,2025-02-22,2025-02-25
6230,58,2024-04-30,5,Northeast,600.2,2024-05-03,2024-05-03
6231,46,2024-05-03,2,Northeast,1895.86,2024-05-06,2024-05-09
6232,31,2024-05-29,8,West,796.1,2024-06-01,2024-06-02
6233,93,2025-01-31,1,Northeast,449.45,2025-02-03,2025-02-02
6234,9,2025-01-15,7,Midwest,1117.94,2025-01-18,2025-01-21
6235,15,2024-01-01,3,South,1502.88,2024-01-04,2024-01-03
6236,94,2024-08-31,4,Midwest,44.22,2024-09-03,2024-09-05
6237,26,2025-02-01,8,Northeast,567.16,2025-02-04,2025-02-05
6238,10,2024-09-07,3,South,1653.46,2024-09-10,2024-09-10
6239,29,2024-10-25,7,West,1023.9,2024-10-28,2024-11-03
6240,80,2024-10-23,1,South,828.81,2024-10-26,2024-11-02
6241,36,2025-05-14,9,West,1863.18,2025-05-17,2025-05-18
6242,84,2024-04-24,6,Midwest,197.28,2024-04-27,2024-05-02
6243,37,2024-01-01,3,South,1238.83,2024-01-04,2024-01-02
6244,86,2025-04-26,7,South,697.53,2025-04-29,2025-04-27
6245,71,2025-05-24,5,South,160.23,2025-05-27,2025-05-29
6246,23,2024-11-30,8,West,443.21,2024-12-03,2024-12-02
6247,41,2025-04-09,8,West,1263.31,2025-04-12,2025-04-15
6248,93,2024-05-20,9,Midwest,75.99,2024-05-23,2024-05-26
6249,80,2024-05-16,6,Midwest,1192.65,2024-05-19,2024-05-21
6250,28,2024-06-15,4,Northeast,1914.56,2024-06-18,2024-06-27
6251,48,2024-12-08,2,West,1594.29,2024-12-11,2024-12-14
6252,38,2025-02-13,3,Midwest,704.28,2025-02-16,2025-02-20
6253,31,2024-03-05,5,South,293.65,2024-03-08,2024-03-11
6254,14,2024-03-07,8,South,940.83,2024-03-10,2024-03-09
6255,97,2025-03-08,10,South,798.04,2025-03-11,2025-03-19
6256,73,2024-02-19,2,Midwest,1944.03,2024-02-22,2024-02-20
6257,91,2024-11-09,5,South,1979.94,2024-11-12,2024-11-15
6258,88,2024-11-04,9,South,832.96,2024-11-07,2024-11-11
6259,77,2024-04-24,2,West,314.59,2024-04-27,2024-05-02
6260,90,2024-12-07,8,West,1823.01,2024-12-10,2024-12-11
6261,29,2025-05-09,3,Midwest,1591.21,2025-05-12,2025-05-16
6262,51,2024-09-25,8,West,1032.32,2024-09-28,2024-09-27
6263,49,2024-03-20,4,Northeast,743.4,2024-03-23,2024-03-30
6264,43,2025-03-31,4,Midwest,907.37,2025-04-03,2025-04-05
6265,92,2024-10-25,7,Northeast,1805.72,2024-10-28,2024-10-29
6266,92,2024-07-20,5,Northeast,385.59,2024-07-23,2024-07-23
6267,72,2025-05-17,4,Midwest,1617.43,2025-05-20,2025-05-23
6268,87,2025-04-29,7,West,56.02,2025-05-02,2025-04-30
6269,93,2024-01-18,3,West,1842.73,2024-01-21,2024-01-26
6270,5,2025-04-22,9,Midwest,1010.59,2025-04-25,2025-04-25
6271,42,2025-05-02,5,Northeast,468.96,2025-05-05,2025-05-11
6272,7,2025-03-21,3,Midwest,25.66,2025-03-24,2025-03-22
6273,42,2024-12-05,2,Midwest,1127.9,2024-12-08,2024-12-10
6274,36,2024-04-25,7,South,504.09,2024-04-28,2024-05-02
6275,27,2024-03-14,7,South,1269.9,2024-03-17,2024-03-21
6276,58,2024-09-25,5,Northeast,576.72,2024-09-28,2024-09-28
6277,46,2024-04-25,4,West,194.29,2024-04-28,2024-04-26
6278,66,2024-06-12,2,South,1020.0,2024-06-15,2024-06-16
6279,25,2024-08-09,2,South,1137.68,2024-08-12,2024-08-17
6280,73,2024-05-05,7,Northeast,916.13,2024-05-08,2024-05-16
6281,27,2024-06-24,10,Midwest,926.91,2024-06-27,2024-06-25
6282,1,2025-01-09,7,South,1187.51,2025-01-12,2025-01-12
6283,87,2025-05-12,4,West,1062.18,2025-05-15,2025-05-13
6284,74,2024-03-25,4,Northeast,282.48,2024-03-28,2024-03-28
6285,42,2025-01-17,4,South,410.23,2025-01-20,2025-01-20
6286,52,2025-04-07,2,Northeast,300.75,2025-04-10,2025-04-08
6287,25,2025-03-26,9,South,1392.73,2025-03-29,2025-04-05
6288,54,2025-06-01,1,South,1066.62,2025-06-04,2025-06-09
6289,67,2024-04-25,8,Northeast,871.11,2024-04-28,2024-05-01
6290,6,2024-01-08,6,West,1600.71,2024-01-11,2024-01-13
6291,58,2024-08-05,10,West,665.07,2024-08-08,2024-08-13
6292,70,2025-02-07,7,Midwest,1144.85,2025-02-10,2025-02-09
6293,53,2024-10-30,5,South,167.33,2024-11-02,2024-11-05
6294,66,2025-04-11,6,Midwest,1493.92,2025-04-14,2025-04-14
6295,58,2024-03-28,6,Northeast,1396.48,2024-03-31,2024-04-09
6296,82,2024-01-10,9,Midwest,1608.71,2024-01-13,2024-01-11
6297,87,2024-11-03,10,Northeast,1771.26,2024-11-06,2024-11-07
6298,2,2025-03-09,4,West,1520.9,2025-03-12,2025-03-10
6299,76,2024-06-12,5,Northeast,1692.09,2024-06-15,2024-06-19
6300,22,2024-08-26,4,Northeast,704.4,2024-08-29,2024-09-02
6301,37,2024-11-12,1,Midwest,699.81,2024-11-15,2024-11-15
6302,20,2024-11-30,10,South,1889.72,2024-12-03,2024-12-01
6303,24,2024-01-18,6,Midwest,1830.86,2024-01-21,2024-01-22
6304,84,2024-03-11,5,West,1106.02,2024-03-14,2024-03-14
6305,65,2024-06-23,4,West,745.79,2024-06-26,2024-06-28
6306,65,2024-12-04,6,West,1734.68,2024-12-07,2024-12-14
6307,81,2024-09-04,5,South,660.35,2024-09-07,2024-09-11
6308,1,2024-07-11,3,Midwest,324.2,2024-07-14,2024-07-18
6309,94,2025-02-22,2,Northeast,1286.2,2025-02-25,2025-02-27
6310,3,2024-11-20,6,Northeast,104.39,2024-11-23,2024-12-03
6311,46,2024-11-01,4,South,770.62,2024-11-04,2024-11-06
6312,55,2024-07-22,10,West,1619.17,2024-07-25,2024-07-29
6313,75,2024-05-02,3,South,604.53,2024-05-05,2024-05-10
6314,88,2025-03-22,8,Northeast,1864.0,2025-03-25,2025-03-27
6315,86,2025-05-05,9,West,1912.53,2025-05-08,2025-05-11
6316,64,2025-03-08,7,South,1635.32,2025-03-11,2025-03-11
6317,45,2024-05-07,2,Northeast,1975.53,2024-05-10,2024-05-12
6318,26,2024-02-16,8,Northeast,1070.91,2024-02-19,2024-02-25
6319,77,2025-05-19,5,South,1147.02,2025-05-22,2025-05-27
6320,65,2024-04-24,10,Northeast,1675.61,2024-04-27,2024-05-01
6321,24,2025-02-19,7,Midwest,995.75,2025-02-22,2025-02-27
6322,74,2024-08-10,5,Midwest,825.31,2024-08-13,2024-08-15
6323,35,2025-05-17,2,West,1237.21,2025-05-20,2025-05-25
6324,24,2024-04-05,4,Midwest,1322.17,2024-04-08,2024-04-10
6325,28,2024-04-16,5,Midwest,1506.77,2024-04-19,2024-04-17
6326,100,2024-02-01,6,South,1343.04,2024-02-04,2024-02-11
6327,80,2025-05-07,5,West,1496.53,2025-05-10,2025-05-11
6328,16,2024-03-06,10,South,1355.63,2024-03-09,2024-03-14
6329,59,2024-06-27,1,South,971.28,2024-06-30,2024-07-01
6330,81,2025-03-18,1,Midwest,287.17,2025-03-21,2025-03-19
6331,54,2024-07-19,3,Midwest,1575.18,2024-07-22,2024-07-24
6332,79,2024-02-18,9,Northeast,80.94,2024-02-21,2024-02-19
6333,16,2024-09-19,2,Northeast,1985.15,2024-09-22,2024-09-26
6334,15,2024-05-12,10,West,1660.35,2024-05-15,2024-05-16
6335,98,2024-12-09,5,Midwest,1348.4,2024-12-12,2024-12-18
6336,11,2024-06-24,9,Northeast,1933.88,2024-06-27,2024-06-30
6337,65,2025-01-25,7,South,1232.69,2025-01-28,2025-01-27
6338,79,2024-01-11,8,Midwest,131.74,2024-01-14,2024-01-18
6339,90,2024-07-19,2,West,1127.58,2024-07-22,2024-07-20
6340,68,2024-01-03,5,West,568.86,2024-01-06,2024-01-07
6341,43,2024-08-01,9,South,751.57,2024-08-04,2024-08-02
6342,69,2024-11-02,1,Northeast,929.98,2024-11-05,2024-11-08
6343,99,2024-11-22,1,South,1553.71,2024-11-25,2024-11-28
6344,13,2024-07-17,10,Northeast,1015.8,2024-07-20,2024-07-22
6345,10,2024-04-18,8,Midwest,959.87,2024-04-21,2024-04-20
6346,75,2024-10-17,2,West,617.9,2024-10-20,2024-10-26
6347,82,2024-04-17,9,Northeast,1088.95,2024-04-20,2024-04-25
6348,98,2025-02-11,10,South,511.81,2025-02-14,2025-02-17
6349,41,2024-02-21,9,Midwest,536.77,2024-02-24,2024-02-24
6350,50,2024-04-21,4,Northeast,1519.37,2024-04-24,2024-04-25
6351,87,2024-10-21,2,Midwest,698.24,2024-10-24,2024-10-26
6352,71,2024-07-07,3,Midwest,121.77,2024-07-10,2024-07-09
6353,59,2024-03-05,10,South,700.48,2024-03-08,2024-03-13
6354,39,2025-04-09,1,South,1284.37,2025-04-12,2025-04-18
6355,3,2024-09-14,3,Midwest,1631.69,2024-09-17,2024-09-24
6356,76,2024-11-26,5,Midwest,1924.63,2024-11-29,2024-11-30
6357,7,2025-05-15,3,Northeast,1497.52,2025-05-18,2025-05-24
6358,49,2024-07-28,3,South,869.13,2024-07-31,2024-08-06
6359,26,2024-03-29,10,Northeast,612.26,2024-04-01,2024-04-01
6360,33,2024-01-28,6,West,276.67,2024-01-31,2024-01-30
6361,48,2024-08-25,3,Northeast,1262.82,2024-08-28,2024-09-02
6362,79,2024-12-01,3,Midwest,1029.57,2024-12-04,2024-12-04
6363,2,2024-03-03,9,West,1361.85,2024-03-06,2024-03-06
6364,71,2025-05-14,2,Northeast,489.52,2025-05-17,2025-05-21
6365,32,2025-04-13,1,West,660.82,2025-04-16,2025-04-14
6366,4,2024-02-20,10,South,598.35,2024-02-23,2024-02-24
6367,20,2024-04-21,8,Northeast,1599.35,2024-04-24,2024-04-22
6368,36,2024-10-27,3,Northeast,359.04,2024-10-30,2024-10-29
6369,32,2024-03-30,7,South,1224.77,2024-04-02,2024-04-02
6370,28,2024-08-16,2,Northeast,121.68,2024-08-19,2024-08-19
6371,77,2024-05-29,8,West,1108.06,2024-06-01,2024-06-02
6372,1,2024-05-17,9,South,146.55,2024-05-20,2024-05-18
6373,60,2024-05-14,8,West,368.24,2024-05-17,2024-05-16
6374,56,2025-04-01,8,Northeast,243.79,2025-04-04,2025-04-10
6375,35,2025-05-08,8,Northeast,706.52,2025-05-11,2025-05-14
6376,30,2024-11-28,7,Northeast,700.59,2024-12-01,2024-12-01
6377,54,2024-12-27,2,Northeast,1656.31,2024-12-30,2024-12-30
6378,36,2024-06-22,8,West,466.86,2024-06-25,2024-06-29
6379,55,2024-07-31,5,Northeast,191.05,2024-08-03,2024-08-05
6380,89,2024-12-08,6,South,1214.95,2024-12-11,2024-12-10
6381,80,2024-03-01,4,South,1381.15,2024-03-04,2024-03-04
6382,58,2024-03-01,1,Midwest,603.75,2024-03-04,2024-03-02
6383,83,2024-08-03,5,South,1213.57,2024-08-06,2024-08-06
6384,65,2025-02-26,3,Midwest,1556.59,2025-03-01,2025-03-05
6385,69,2025-02-26,9,South,708.15,2025-03-01,2025-03-05
6386,51,2025-01-05,4,South,1060.2,2025-01-08,2025-01-13
6387,22,2024-07-24,10,Northeast,310.33,2024-07-27,2024-07-29
6388,88,2024-10-12,2,South,66.82,2024-10-15,2024-10-13
6389,53,2024-04-14,4,Northeast,1963.11,2024-04-17,2024-04-15
6390,100,2024-08-29,3,Northeast,613.47,2024-09-01,2024-09-04
6391,36,2025-05-05,3,South,572.23,2025-05-08,2025-05-10
6392,68,2025-05-12,5,West,1947.03,2025-05-15,2025-05-14
6393,36,2025-03-10,1,Northeast,1461.9,2025-03-13,2025-03-14
6394,52,2025-04-28,5,South,1178.89,2025-05-01,2025-05-09
6395,53,2025-03-22,8,West,1404.66,2025-03-25,2025-03-30
6396,82,2025-01-18,10,South,1425.65,2025-01-21,2025-01-27
6397,50,2025-05-24,9,South,1531.41,2025-05-27,2025-05-25
6398,80,2024-06-18,1,West,153.03,2024-06-21,2024-06-28
6399,41,2024-11-18,2,South,837.41,2024-11-21,2024-11-21
6400,18,2025-04-18,2,Northeast,604.36,2025-04-21,2025-04-28
6401,22,2024-08-19,6,Midwest,159.73,2024-08-22,2024-08-25
6402,66,2024-12-24,1,Midwest,836.95,2024-12-27,2024-12-31
6403,21,2024-10-01,1,South,1240.02,2024-10-04,2024-10-08
6404,100,2024-02-01,2,Midwest,373.43,2024-02-04,2024-02-06
6405,44,2024-06-25,4,Midwest,623.95,2024-06-28,2024-07-02
6406,47,2024-03-05,2,Midwest,1285.56,2024-03-08,2024-03-07
6407,39,2024-01-27,4,Northeast,1167.06,2024-01-30,2024-02-01
6408,29,2025-04-23,3,Northeast,1740.2,2025-04-26,2025-04-30
6409,54,2024-09-24,3,Midwest,1586.64,2024-09-27,2024-09-29
6410,90,2024-03-06,9,West,1931.91,2024-03-09,2024-03-10
6411,85,2024-05-12,8,West,1202.44,2024-05-15,2024-05-18
6412,17,2024-12-31,10,West,1402.97,2025-01-03,2025-01-01
6413,80,2024-03-22,9,Northeast,1723.8,2024-03-25,2024-03-30
6414,60,2024-11-23,1,Northeast,1683.19,2024-11-26,2024-11-24
6415,31,2024-04-07,5,Northeast,1443.07,2024-04-10,2024-04-12
6416,73,2024-11-22,4,Northeast,1010.51,2024-11-25,2024-11-29
6417,95,2024-05-04,9,Midwest,560.95,2024-05-07,2024-05-09
6418,78,2024-07-28,3,Northeast,1756.89,2024-07-31,2024-08-01
6419,49,2024-05-12,5,Midwest,1557.78,2024-05-15,2024-05-20
6420,2,2025-05-17,8,West,1679.06,2025-05-20,2025-05-20
6421,48,2024-06-05,10,Midwest,298.76,2024-06-08,2024-06-15
6422,14,2025-01-16,5,West,643.33,2025-01-19,2025-01-20
6423,59,2024-01-22,9,Northeast,861.27,2024-01-25,2024-01-26
6424,97,2025-02-22,2,West,1679.94,2025-02-25,2025-03-01
6425,99,2025-04-16,6,West,1787.92,2025-04-19,2025-04-20
6426,58,2024-08-21,5,Midwest,584.09,2024-08-24,2024-08-26
6427,58,2025-03-29,9,West,1379.13,2025-04-01,2025-04-05
6428,51,2024-06-10,7,South,174.07,2024-06-13,2024-06-11
6429,84,2024-10-27,8,West,830.96,2024-10-30,2024-11-03
6430,2,2024-11-01,7,Northeast,983.6,2024-11-04,2024-11-02
6431,41,2024-01-02,10,West,1535.95,2024-01-05,2024-01-07
6432,83,2024-09-27,10,South,1786.11,2024-09-30,2024-10-01
6433,82,2025-02-24,5,Midwest,687.82,2025-02-27,2025-02-25
6434,16,2024-05-22,5,West,1064.92,2024-05-25,2024-06-01
6435,4,2024-02-06,4,South,1301.95,2024-02-09,2024-02-12
6436,12,2024-04-16,2,Northeast,670.8,2024-04-19,2024-04-19
6437,29,2024-10-23,9,Northeast,1971.37,2024-10-26,2024-10-28
6438,7,2024-04-06,10,Midwest,1754.03,2024-04-09,2024-04-18
6439,14,2024-10-07,10,Northeast,606.88,2024-10-10,2024-10-09
6440,12,2024-04-19,10,South,1025.73,2024-04-22,2024-04-26
6441,99,2024-07-06,10,West,477.06,2024-07-09,2024-07-08
6442,5,2025-05-02,3,South,1038.72,2025-05-05,2025-05-08
6443,81,2024-12-19,3,Midwest,1373.0,2024-12-22,2024-12-22
6444,32,2024-01-19,3,West,189.33,2024-01-22,2024-01-24
6445,74,2025-01-27,8,South,1742.83,2025-01-30,2025-02-01
6446,43,2024-09-17,6,Midwest,1195.62,2024-09-20,2024-09-26
6447,81,2025-02-13,1,Midwest,1979.41,2025-02-16,2025-02-14
6448,69,2025-02-06,3,West,70.67,2025-02-09,2025-02-16
6449,45,2025-04-28,4,West,1666.37,2025-05-01,2025-04-29
6450,9,2024-10-30,2,Northeast,1588.09,2024-11-02,2024-11-05
6451,49,2024-01-18,6,Northeast,283.05,2024-01-21,2024-01-23
6452,33,2024-07-02,10,West,683.91,2024-07-05,2024-07-07
6453,100,2025-02-08,1,Northeast,1771.9,2025-02-11,2025-02-13
6454,100,2024-05-10,1,West,1046.54,2024-05-13,2024-05-17
6455,18,2025-04-23,8,Northeast,814.54,2025-04-26,2025-04-29
6456,9,2024-01-08,4,South,1812.88,2024-01-11,2024-01-12
6457,62,2024-11-13,1,Midwest,204.82,2024-11-16,2024-11-20
6458,57,2025-01-25,7,West,956.78,2025-01-28,2025-01-29
6459,29,2024-05-15,9,West,1311.7,2024-05-18,2024-05-20
6460,78,2025-01-01,10,West,1224.91,2025-01-04,2025-01-09
6461,25,2025-05-03,7,South,543.27,2025-05-06,2025-05-12
6462,15,2024-01-11,1,Midwest,1135.36,2024-01-14,2024-01-19
6463,6,2025-03-21,1,Northeast,1422.95,2025-03-24,2025-03-23
6464,42,2024-04-23,1,Northeast,1178.07,2024-04-26,2024-04-29
6465,29,2024-07-14,8,Midwest,1375.24,2024-07-17,2024-07-20
6466,79,2024-11-18,7,Northeast,527.04,2024-11-21,2024-11-28
6467,93,2025-05-26,3,West,1669.04,2025-05-29,2025-06-02
6468,4,2024-06-13,3,Midwest,910.39,2024-06-16,2024-06-16
6469,82,2024-09-08,3,South,1974.7,2024-09-11,2024-09-12
6470,57,2024-02-13,2,Midwest,66.1,2024-02-16,2024-02-14
6471,49,2025-04-14,4,West,773.02,2025-04-17,2025-04-19
6472,44,2025-05-03,7,Midwest,377.34,2025-05-06,2025-05-07
6473,80,2024-06-29,9,South,1120.11,2024-07-02,2024-07-02
6474,75,2024-03-17,3,South,501.55,2024-03-20,2024-03-20
6475,14,2025-01-08,10,Midwest,1480.21,2025-01-11,2025-01-18
6476,3,2024-03-07,7,Midwest,1766.09,2024-03-10,2024-03-08
6477,62,2024-04-01,4,Northeast,437.55,2024-04-04,2024-04-02
6478,64,2024-08-31,1,Northeast,338.14,2024-09-03,2024-09-12
6479,45,2024-12-06,5,West,1753.21,2024-12-09,2024-12-14
6480,82,2024-10-30,8,Northeast,735.32,2024-11-02,2024-11-05
6481,58,2025-02-01,3,West,880.48,2025-02-04,2025-02-06
6482,20,2025-03-23,10,West,457.52,2025-03-26,2025-03-26
6483,58,2024-04-06,4,Midwest,862.12,2024-04-09,2024-04-07
6484,89,2024-11-26,3,Northeast,477.97,2024-11-29,2024-12-02
6485,57,2024-07-23,10,South,1338.54,2024-07-26,2024-07-30
6486,77,2025-03-24,8,South,1007.78,2025-03-27,2025-03-27
6487,68,2025-02-21,10,Midwest,1580.36,2025-02-24,2025-02-22
6488,78,2024-03-17,8,South,639.2,2024-03-20,2024-03-24
6489,97,2025-02-28,4,South,1021.08,2025-03-03,2025-03-07
6490,92,2025-03-04,2,Midwest,533.86,2025-03-07,2025-03-11
6491,52,2025-04-29,3,South,1870.26,2025-05-02,2025-05-04
6492,37,2024-05-14,3,Midwest,1053.43,2024-05-17,2024-05-15
6493,8,2024-09-10,4,West,363.46,2024-09-13,2024-09-11
6494,44,2024-09-11,2,Northeast,560.08,2024-09-14,2024-09-20
6495,98,2025-05-13,2,South,184.15,2025-05-16,2025-05-14
6496,5,2025-04-28,3,Midwest,75.08,2025-05-01,2025-05-05
6497,69,2024-02-15,1,South,1061.33,2024-02-18,2024-02-17
6498,31,2025-03-18,8,Northeast,687.5,2025-03-21,2025-03-20
6499,45,2024-01-04,6,South,1928.27,2024-01-07,2024-01-14
6500,9,2024-01-01,3,West,359.24,2024-01-04,2024-01-12
6501,32,2024-10-16,1,Midwest,1591.95,2024-10-19,2024-10-21
6502,33,2024-04-18,3,Northeast,645.62,2024-04-21,2024-04-22
6503,67,2025-04-04,1,West,462.6,2025-04-07,2025-04-12
6504,30,2024-09-22,3,South,1939.88,2024-09-25,2024-09-23
6505,76,2024-05-17,4,South,1609.1,2024-05-20,2024-05-26
6506,29,2025-03-09,6,South,1268.63,2025-03-12,2025-03-20
6507,3,2024-02-13,7,Northeast,1400.3,2024-02-16,2024-02-20
6508,90,2025-05-24,7,Midwest,1982.94,2025-05-27,2025-05-26
6509,57,2024-09-18,9,Northeast,1194.55,2024-09-21,2024-09-28
6510,30,2024-05-31,8,West,221.76,2024-06-03,2024-06-06
6511,9,2024-07-31,4,Midwest,148.43,2024-08-03,2024-08-05
6512,26,2024-08-21,6,Northeast,1339.88,2024-08-24,2024-08-23
6513,2,2024-12-26,1,South,1322.05,2024-12-29,2024-12-28
6514,62,2024-11-15,8,West,1501.38,2024-11-18,2024-11-23
6515,3,2024-08-09,6,South,235.38,2024-08-12,2024-08-14
6516,46,2024-07-28,2,Northeast,1890.91,2024-07-31,2024-08-02
6517,68,2025-01-30,8,West,1111.29,2025-02-02,2025-02-04
6518,25,2025-05-03,4,Midwest,1306.12,2025-05-06,2025-05-04
6519,51,2025-04-08,9,Midwest,89.01,2025-04-11,2025-04-13
6520,13,2025-03-27,4,Northeast,1922.73,2025-03-30,2025-04-01
6521,44,2025-02-16,1,Northeast,1133.93,2025-02-19,2025-02-25
6522,35,2025-04-20,7,Midwest,1135.46,2025-04-23,2025-04-27
6523,55,2024-09-12,10,Midwest,1888.24,2024-09-15,2024-09-13
6524,87,2024-05-29,5,Northeast,1860.11,2024-06-01,2024-06-02
6525,9,2024-05-06,10,Midwest,456.19,2024-05-09,2024-05-14
6526,2,2025-01-26,5,West,1863.58,2025-01-29,2025-01-27
6527,61,2025-04-24,4,Northeast,1478.51,2025-04-27,2025-05-04
6528,41,2025-01-31,6,West,57.42,2025-02-03,2025-02-05
6529,44,2025-02-05,1,South,494.89,2025-02-08,2025-02-12
6530,64,2024-09-30,3,West,837.7,2024-10-03,2024-10-04
6531,31,2024-05-18,7,Northeast,1173.99,2024-05-21,2024-05-22
6532,47,2024-04-12,8,South,1408.63,2024-04-15,2024-04-14
6533,2,2024-08-29,9,Midwest,436.22,2024-09-01,2024-09-08
6534,96,2024-04-26,1,West,1676.67,2024-04-29,2024-05-03
6535,82,2024-08-01,4,West,1694.52,2024-08-04,2024-08-03
6536,77,2025-04-28,2,Northeast,1277.3,2025-05-01,2025-05-05
6537,69,2024-08-11,2,Midwest,1843.77,2024-08-14,2024-08-19
6538,58,2024-09-26,1,Northeast,1629.71,2024-09-29,2024-10-04
6539,44,2024-05-13,5,Midwest,458.81,2024-05-16,2024-05-19
6540,74,2024-04-23,2,Northeast,1601.38,2024-04-26,2024-04-29
6541,56,2025-03-16,4,Midwest,1907.34,2025-03-19,2025-03-18
6542,43,2024-12-30,9,South,292.46,2025-01-02,2025-01-08
6543,89,2024-08-19,3,Northeast,1957.82,2024-08-22,2024-08-26
6544,34,2025-04-02,8,South,69.49,2025-04-05,2025-04-10
6545,30,2025-01-09,10,Northeast,1053.89,2025-01-12,2025-01-10
6546,71,2024-07-25,6,Northeast,1552.31,2024-07-28,2024-08-02
6547,70,2025-04-12,10,Northeast,1585.07,2025-04-15,2025-04-17
6548,55,2025-03-18,5,West,1474.65,2025-03-21,2025-03-25
6549,67,2024-11-16,2,Northeast,1068.12,2024-11-19,2024-11-17
6550,13,2024-04-02,3,Midwest,1308.91,2024-04-05,2024-04-12
6551,3,2025-02-11,8,West,1405.87,2025-02-14,2025-02-14
6552,26,2024-06-06,9,Midwest,999.19,2024-06-09,2024-06-14
6553,57,2024-04-08,7,Midwest,1199.46,2024-04-11,2024-04-12
6554,24,2024-08-12,1,Midwest,1695.81,2024-08-15,2024-08-23
6555,53,2025-03-16,6,Midwest,639.5,2025-03-19,2025-03-22
6556,70,2025-02-04,7,Midwest,1055.95,2025-02-07,2025-02-15
6557,43,2024-03-04,6,South,36.79,2024-03-07,2024-03-09
6558,60,2024-10-05,10,West,1381.12,2024-10-08,2024-10-07
6559,58,2024-09-04,2,Midwest,406.86,2024-09-07,2024-09-10
6560,49,2025-01-02,9,South,972.38,2025-01-05,2025-01-07
6561,42,2024-04-07,3,South,436.21,2024-04-10,2024-04-10
6562,76,2024-09-24,6,Midwest,66.6,2024-09-27,2024-10-03
6563,100,2024-02-29,6,Northeast,976.78,2024-03-03,2024-03-01
6564,66,2025-05-14,8,Midwest,861.17,2025-05-17,2025-05-25
6565,11,2024-11-03,4,South,861.8,2024-11-06,2024-11-07
6566,98,2025-05-07,6,Midwest,433.44,2025-05-10,2025-05-08
6567,90,2025-02-14,1,South,1895.47,2025-02-17,2025-02-20
6568,18,2024-05-19,9,Midwest,26.94,2024-05-22,2024-05-25
6569,85,2024-11-23,9,South,1785.26,2024-11-26,2024-11-28
6570,100,2025-04-08,7,Midwest,1479.07,2025-04-11,2025-04-11
6571,52,2024-06-11,1,Northeast,360.7,2024-06-14,2024-06-20
6572,46,2024-02-29,3,Northeast,954.94,2024-03-03,2024-03-07
6573,44,2024-01-31,5,South,1977.92,2024-02-03,2024-02-04
6574,22,2024-11-28,4,Northeast,1294.52,2024-12-01,2024-12-04
6575,53,2024-03-16,5,Northeast,272.21,2024-03-19,2024-03-19
6576,59,2024-11-12,7,West,926.13,2024-11-15,2024-11-20
6577,94,2025-02-20,9,Midwest,947.04,2025-02-23,2025-03-03
6578,30,2024-07-08,1,Midwest,1608.48,2024-07-11,2024-07-16
6579,8,2025-05-03,5,Northeast,1834.0,2025-05-06,2025-05-06
6580,98,2024-11-10,3,Northeast,182.84,2024-11-13,2024-11-12
6581,57,2024-10-22,3,South,641.79,2024-10-25,2024-10-27
6582,73,2025-05-15,2,Midwest,610.91,2025-05-18,2025-05-16
6583,20,2024-06-25,6,West,1992.18,2024-06-28,2024-07-03
6584,25,2024-08-02,6,West,1127.27,2024-08-05,2024-08-09
6585,19,2024-11-27,3,Northeast,1762.07,2024-11-30,2024-12-02
6586,5,2024-05-07,1,South,863.55,2024-05-10,2024-05-11
6587,75,2024-09-25,7,South,1450.99,2024-09-28,2024-09-30
6588,79,2024-12-31,2,Midwest,587.44,2025-01-03,2025-01-10
6589,72,2024-12-13,8,Northeast,1825.34,2024-12-16,2024-12-17
6590,83,2024-05-21,3,Northeast,921.19,2024-05-24,2024-05-22
6591,87,2024-05-24,1,South,1611.38,2024-05-27,2024-05-27
6592,27,2024-09-01,10,West,526.52,2024-09-04,2024-09-09
6593,40,2025-03-17,9,West,1393.34,2025-03-20,2025-03-19
6594,96,2024-10-16,5,Midwest,822.21,2024-10-19,2024-10-25
6595,26,2024-04-21,1,Northeast,82.25,2024-04-24,2024-04-25
6596,27,2024-08-01,10,Northeast,837.76,2024-08-04,2024-08-02
6597,62,2024-07-18,6,West,1109.04,2024-07-21,2024-07-25
6598,83,2025-02-08,10,Northeast,320.49,2025-02-11,2025-02-12
6599,50,2025-02-24,3,Northeast,384.15,2025-02-27,2025-03-02
6600,42,2024-01-07,4,South,940.43,2024-01-10,2024-01-10
6601,29,2024-10-12,8,Midwest,698.6,2024-10-15,2024-10-21
6602,39,2025-01-23,5,Midwest,892.67,2025-01-26,2025-01-29
6603,60,2025-02-19,6,Midwest,932.44,2025-02-22,2025-03-02
6604,41,2024-05-29,10,South,297.35,2024-06-01,2024-06-05
6605,33,2025-03-03,4,Midwest,378.77,2025-03-06,2025-03-07
6606,83,2024-10-19,6,Midwest,1699.37,2024-10-22,2024-10-21
6607,83,2024-11-29,3,West,342.18,2024-12-02,2024-11-30
6608,97,2024-09-28,10,West,1338.51,2024-10-01,2024-10-03
6609,16,2024-02-12,1,Midwest,848.69,2024-02-15,2024-02-17
6610,23,2025-04-12,6,South,1937.11,2025-04-15,2025-04-22
6611,7,2024-11-14,1,South,150.89,2024-11-17,2024-11-18
6612,26,2025-05-06,10,South,1664.17,2025-05-09,2025-05-14
6613,96,2024-06-20,3,Northeast,993.07,2024-06-23,2024-06-25
6614,12,2024-11-16,8,Northeast,30.6,2024-11-19,2024-11-27
6615,72,2024-02-13,7,South,542.05,2024-02-16,2024-02-14
6616,5,2025-03-29,8,West,827.24,2025-04-01,2025-04-07
6617,92,2024-03-23,10,Northeast,642.11,2024-03-26,2024-03-27
6618,69,2024-11-17,10,South,737.65,2024-11-20,2024-11-25
6619,49,2024-08-21,2,Northeast,1835.01,2024-08-24,2024-08-31
6620,26,2024-09-08,10,Northeast,734.65,2024-09-11,2024-09-12
6621,5,2025-03-24,7,Northeast,849.28,2025-03-27,2025-03-26
6622,22,2024-08-26,4,Northeast,1527.04,2024-08-29,2024-08-27
6623,79,2025-05-04,1,South,1591.79,2025-05-07,2025-05-06
6624,13,2025-04-08,3,Northeast,186.5,2025-04-11,2025-04-09
6625,28,2024-11-09,5,Midwest,1414.06,2024-11-12,2024-11-13
6626,33,2024-06-23,10,South,975.49,2024-06-26,2024-06-30
6627,23,2024-06-28,8,South,285.03,2024-07-01,2024-07-04
6628,97,2025-01-19,2,South,544.13,2025-01-22,2025-01-23
6629,18,2024-10-21,2,Northeast,109.17,2024-10-24,2024-10-23
6630,30,2024-08-02,8,South,733.27,2024-08-05,2024-08-05
6631,26,2024-03-15,9,West,525.7,2024-03-18,2024-03-21
6632,16,2024-12-09,10,Midwest,776.56,2024-12-12,2024-12-16
6633,77,2024-05-21,1,West,1169.07,2024-05-24,2024-05-22
6634,39,2024-07-17,2,Midwest,1470.03,2024-07-20,2024-07-22
6635,33,2024-06-19,4,Midwest,1218.6,2024-06-22,2024-06-25
6636,26,2025-02-09,3,Northeast,1363.19,2025-02-12,2025-02-11
6637,48,2024-08-15,1,Midwest,1733.97,2024-08-18,2024-08-22
6638,65,2025-02-14,4,Midwest,1750.17,2025-02-17,2025-02-22
6639,38,2024-03-02,2,West,1724.22,2024-03-05,2024-03-05
6640,2,2024-11-22,10,Midwest,323.27,2024-11-25,2024-11-24
6641,6,2024-05-12,5,South,517.12,2024-05-15,2024-05-23
6642,46,2024-07-07,1,South,1014.6,2024-07-10,2024-07-14
6643,50,2024-12-21,8,Midwest,730.3,2024-12-24,2024-12-27
6644,38,2024-03-11,10,South,280.7,2024-03-14,2024-03-14
6645,88,2024-09-19,2,Northeast,589.75,2024-09-22,2024-09-22
6646,18,2024-11-01,3,South,1951.35,2024-11-04,2024-11-08
6647,27,2024-08-11,3,Northeast,706.91,2024-08-14,2024-08-14
6648,41,2024-11-23,4,Midwest,849.45,2024-11-26,2024-11-25
6649,72,2024-03-14,7,Northeast,32.67,2024-03-17,2024-03-19
6650,92,2025-05-25,9,Northeast,1444.44,2025-05-28,2025-06-01
6651,74,2024-05-21,3,Midwest,838.83,2024-05-24,2024-05-31
6652,17,2024-04-11,1,Midwest,224.22,2024-04-14,2024-04-17
6653,62,2024-03-05,10,Northeast,1937.74,2024-03-08,2024-03-08
6654,29,2024-07-11,1,West,1559.32,2024-07-14,2024-07-15
6655,58,2024-03-02,6,Midwest,1457.78,2024-03-05,2024-03-11
6656,70,2024-08-28,5,Midwest,1916.59,2024-08-31,2024-09-06
6657,78,2025-02-13,10,West,826.81,2025-02-16,2025-02-22
6658,22,2024-10-26,7,South,1442.7,2024-10-29,2024-11-03
6659,6,2024-07-13,7,West,428.29,2024-07-16,2024-07-24
6660,26,2025-03-29,3,South,1400.3,2025-04-01,2025-04-04
6661,39,2024-10-27,7,West,47.88,2024-10-30,2024-11-03
6662,12,2025-03-31,9,Northeast,270.08,2025-04-03,2025-04-03
6663,99,2024-07-20,8,Midwest,862.01,2024-07-23,2024-07-26
6664,14,2024-10-28,3,West,43.94,2024-10-31,2024-11-03
6665,22,2024-12-02,10,Midwest,934.69,2024-12-05,2024-12-09
6666,51,2024-02-01,5,South,1055.13,2024-02-04,2024-02-04
6667,23,2024-04-07,8,Northeast,1250.78,2024-04-10,2024-04-08
6668,48,2024-07-09,2,Midwest,218.77,2024-07-12,2024-07-12
6669,71,2024-02-17,7,West,378.4,2024-02-20,2024-02-25
6670,50,2024-09-06,10,West,1234.3,2024-09-09,2024-09-10
6671,89,2024-08-13,10,Northeast,1323.21,2024-08-16,2024-08-19
6672,13,2024-09-28,7,South,71.28,2024-10-01,2024-10-01
6673,85,2025-04-29,8,Northeast,1089.93,2025-05-02,2025-05-07
6674,10,2024-11-23,1,Northeast,1574.26,2024-11-26,2024-11-28
6675,55,2024-06-28,8,Midwest,156.82,2024-07-01,2024-07-03
6676,9,2024-01-23,1,South,838.08,2024-01-26,2024-02-01
6677,79,2025-01-04,3,Northeast,666.49,2025-01-07,2025-01-14
6678,52,2024-09-01,9,Midwest,1829.06,2024-09-04,2024-09-10
6679,2,2024-06-08,4,Midwest,387.89,2024-06-11,2024-06-12
6680,25,2025-01-07,10,South,650.35,2025-01-10,2025-01-10
6681,13,2024-10-11,9,South,1798.92,2024-10-14,2024-10-13
6682,98,2025-03-25,1,Midwest,674.69,2025-03-28,2025-03-26
6683,51,2024-05-15,8,South,1072.07,2024-05-18,2024-05-17
6684,58,2024-04-05,3,Midwest,85.41,2024-04-08,2024-04-07
6685,34,2024-04-28,7,South,1970.11,2024-05-01,2024-04-29
6686,35,2025-01-08,2,South,1653.39,2025-01-11,2025-01-09
6687,3,2024-09-30,7,South,1276.11,2024-10-03,2024-10-01
6688,59,2024-06-25,7,West,140.3,2024-06-28,2024-06-30
6689,70,2024-10-03,9,South,168.24,2024-10-06,2024-10-09
6690,48,2024-05-17,2,West,1099.05,2024-05-20,2024-05-23
6691,64,2024-05-11,8,Midwest,584.43,2024-05-14,2024-05-14
6692,19,2024-02-13,5,Northeast,1253.12,2024-02-16,2024-02-17
6693,67,2024-05-02,10,Northeast,1204.42,2024-05-05,2024-05-08
6694,82,2024-05-15,9,Northeast,1680.53,2024-05-18,2024-05-21
6695,73,2025-01-01,8,Midwest,577.13,2025-01-04,2025-01-08
6696,76,2025-01-07,3,South,1164.17,2025-01-10,2025-01-09
6697,5,2024-05-05,3,West,1559.18,2024-05-08,2024-05-15
6698,67,2025-03-14,10,Midwest,991.73,2025-03-17,2025-03-21
6699,11,2024-02-20,8,Northeast,1664.67,2024-02-23,2024-02-27
6700,94,2024-05-16,9,Northeast,279.93,2024-05-19,2024-05-18
6701,68,2024-06-06,2,Northeast,1473.12,2024-06-09,2024-06-08
6702,69,2024-02-25,3,Northeast,1887.1,2024-02-28,2024-02-28
6703,1,2025-03-03,8,West,677.13,2025-03-06,2025-03-10
6704,91,2025-03-18,2,Northeast,745.35,2025-03-21,2025-03-20
6705,92,2024-11-21,8,West,185.43,2024-11-24,2024-11-27
6706,63,2024-03-20,5,Northeast,1290.16,2024-03-23,2024-03-29
6707,29,2025-04-18,6,Midwest,1113.85,2025-04-21,2025-04-21
6708,82,2025-01-11,10,West,99.88,2025-01-14,2025-01-13
6709,12,2024-11-28,4,West,1509.38,2024-12-01,2024-12-01
6710,77,2024-06-23,3,Midwest,1661.98,2024-06-26,2024-06-28
6711,41,2025-03-16,8,Northeast,1816.1,2025-03-19,2025-03-24
6712,2,2024-05-05,9,Northeast,1100.55,2024-05-08,2024-05-13
6713,37,2024-08-06,8,South,916.11,2024-08-09,2024-08-13
6714,45,2024-10-04,9,South,1754.75,2024-10-07,2024-10-05
6715,80,2025-04-29,1,West,809.42,2025-05-02,2025-05-03
6716,48,2024-05-20,5,South,1317.78,2024-05-23,2024-05-22
6717,24,2024-04-19,7,Midwest,1238.42,2024-04-22,2024-04-25
6718,99,2024-02-21,8,Midwest,756.88,2024-02-24,2024-02-29
6719,22,2024-11-14,2,Midwest,192.04,2024-11-17,2024-11-18
6720,100,2024-07-17,4,West,62.4,2024-07-20,2024-07-28
6721,11,2024-02-15,7,Midwest,867.91,2024-02-18,2024-02-17
6722,58,2025-05-19,5,West,972.78,2025-05-22,2025-05-26
6723,46,2025-05-28,1,West,1648.9,2025-05-31,2025-06-08
6724,29,2024-01-17,2,Midwest,840.54,2024-01-20,2024-01-25
6725,35,2024-11-10,5,Midwest,576.7,2024-11-13,2024-11-17
6726,15,2025-03-11,6,West,934.95,2025-03-14,2025-03-15
6727,60,2025-01-22,1,Midwest,491.22,2025-01-25,2025-01-29
6728,95,2024-03-17,3,South,200.89,2024-03-20,2024-03-20
6729,42,2025-01-05,6,West,243.83,2025-01-08,2025-01-13
6730,43,2024-06-13,6,Northeast,651.93,2024-06-16,2024-06-16
6731,80,2024-01-24,7,West,45.1,2024-01-27,2024-01-28
6732,74,2024-02-04,10,Midwest,456.0,2024-02-07,2024-02-06
6733,49,2025-05-28,3,Midwest,1579.3,2025-05-31,2025-06-01
6734,64,2025-04-05,1,West,484.54,2025-04-08,2025-04-09
6735,32,2024-05-17,7,West,239.24,2024-05-20,2024-05-18
6736,64,2024-09-21,3,Northeast,1899.18,2024-09-24,2024-09-26
6737,2,2024-11-28,5,Northeast,1252.49,2024-12-01,2024-12-02
6738,24,2024-07-06,4,West,138.85,2024-07-09,2024-07-07
6739,87,2024-03-03,1,Midwest,143.24,2024-03-06,2024-03-06
6740,66,2024-10-05,7,West,1232.0,2024-10-08,2024-10-11
6741,38,2024-06-19,4,South,1089.46,2024-06-22,2024-06-20
6742,31,2025-05-17,1,South,155.38,2025-05-20,2025-05-22
6743,26,2024-10-25,6,Midwest,464.14,2024-10-28,2024-11-02
6744,29,2024-07-19,4,West,1859.5,2024-07-22,2024-07-23
6745,67,2024-05-14,4,West,1152.58,2024-05-17,2024-05-23
6746,78,2024-09-28,2,South,891.84,2024-10-01,2024-10-06
6747,25,2025-03-17,1,West,515.31,2025-03-20,2025-03-23
6748,48,2024-03-27,3,Midwest,284.72,2024-03-30,2024-04-01
6749,65,2024-01-31,10,Midwest,817.21,2024-02-03,2024-02-05
6750,53,2024-04-30,5,Northeast,1846.29,2024-05-03,2024-05-06
6751,67,2024-03-09,9,Midwest,116.45,2024-03-12,2024-03-20
6752,90,2025-05-10,7,West,1982.14,2025-05-13,2025-05-17
6753,18,2024-05-25,4,West,431.47,2024-05-28,2024-06-03
6754,9,2024-11-28,8,South,829.36,2024-12-01,2024-11-30
6755,38,2025-04-25,4,South,109.2,2025-04-28,2025-04-28
6756,87,2024-09-19,6,Midwest,1177.87,2024-09-22,2024-09-24
6757,21,2024-10-19,1,Northeast,977.44,2024-10-22,2024-10-28
6758,65,2025-03-04,6,West,1340.08,2025-03-07,2025-03-05
6759,21,2024-03-26,10,Northeast,1094.5,2024-03-29,2024-04-08
6760,27,2024-01-16,5,West,808.39,2024-01-19,2024-01-21
6761,70,2024-04-27,2,Midwest,1480.76,2024-04-30,2024-05-06
6762,44,2024-09-26,1,Midwest,69.54,2024-09-29,2024-10-01
6763,100,2025-01-29,6,South,1091.24,2025-02-01,2025-02-01
6764,28,2024-06-10,2,Northeast,245.47,2024-06-13,2024-06-20
6765,45,2024-04-13,9,South,883.3,2024-04-16,2024-04-17
6766,17,2024-06-15,9,Midwest,1586.43,2024-06-18,2024-06-18
6767,40,2024-10-26,1,Northeast,302.07,2024-10-29,2024-11-01
6768,3,2024-01-28,5,West,1872.9,2024-01-31,2024-02-04
6769,76,2025-02-27,8,South,1779.24,2025-03-02,2025-03-05
6770,76,2024-06-04,4,Midwest,841.51,2024-06-07,2024-06-10
6771,66,2024-11-19,3,West,31.83,2024-11-22,2024-11-25
6772,46,2024-12-13,5,Midwest,1583.69,2024-12-16,2024-12-22
6773,86,2024-04-30,5,West,1764.17,2024-05-03,2024-05-05
6774,87,2024-06-12,8,South,365.98,2024-06-15,2024-06-15
6775,30,2024-03-02,6,West,1834.06,2024-03-05,2024-03-09
6776,69,2024-12-05,2,Northeast,1829.91,2024-12-08,2024-12-06
6777,9,2024-11-07,1,West,953.16,2024-11-10,2024-11-14
6778,85,2025-01-10,3,Midwest,1600.11,2025-01-13,2025-01-20
6779,11,2024-12-11,2,West,901.0,2024-12-14,2024-12-18
6780,69,2024-05-29,4,South,1136.81,2024-06-01,2024-05-30
6781,99,2024-06-25,3,Midwest,653.28,2024-06-28,2024-07-04
6782,91,2024-12-19,9,Midwest,335.75,2024-12-22,2024-12-22
6783,66,2025-05-28,5,Midwest,1498.14,2025-05-31,2025-06-03
6784,88,2024-11-04,4,Midwest,22.76,2024-11-07,2024-11-13
6785,31,2024-04-28,10,Northeast,1167.51,2024-05-01,2024-05-01
6786,33,2025-04-22,9,Midwest,1732.08,2025-04-25,2025-04-27
6787,39,2025-02-17,4,Midwest,458.13,2025-02-20,2025-02-18
6788,94,2024-12-16,6,Midwest,679.14,2024-12-19,2024-12-20
6789,46,2025-05-20,10,South,1183.22,2025-05-23,2025-05-21
6790,37,2024-07-13,1,South,508.8,2024-07-16,2024-07-19
6791,92,2024-07-05,2,Midwest,1698.02,2024-07-08,2024-07-06
6792,60,2025-03-25,4,Northeast,745.87,2025-03-28,2025-03-30
6793,31,2025-05-10,9,West,1171.6,2025-05-13,2025-05-13
6794,11,2025-05-29,6,Northeast,467.72,2025-06-01,2025-06-01
6795,87,2024-09-29,6,Midwest,101.94,2024-10-02,2024-10-07
6796,2,2024-02-21,9,Midwest,363.93,2024-02-24,2024-02-23
6797,27,2024-09-19,4,Northeast,111.47,2024-09-22,2024-09-22
6798,99,2025-01-02,3,Midwest,947.84,2025-01-05,2025-01-08
6799,2,2024-05-12,7,West,1181.54,2024-05-15,2024-05-19
6800,21,2024-08-12,7,South,108.46,2024-08-15,2024-08-13
6801,58,2024-11-05,9,West,199.15,2024-11-08,2024-11-09
6802,5,2024-01-16,6,West,981.34,2024-01-19,2024-01-23
6803,52,2024-07-13,2,West,1602.38,2024-07-16,2024-07-23
6804,45,2025-03-18,6,Northeast,1263.46,2025-03-21,2025-03-23
6805,85,2024-10-29,8,Northeast,227.33,2024-11-01,2024-10-30
6806,93,2024-02-17,6,West,1777.33,2024-02-20,2024-02-22
6807,20,2024-04-30,9,Northeast,1836.55,2024-05-03,2024-05-04
6808,61,2025-05-13,4,Midwest,663.41,2025-05-16,2025-05-19
6809,38,2025-04-13,3,South,1239.72,2025-04-16,2025-04-24
6810,20,2024-02-10,5,Northeast,994.81,2024-02-13,2024-02-11
6811,25,2025-03-31,3,Northeast,1885.21,2025-04-03,2025-04-08
6812,2,2025-01-05,2,West,1027.32,2025-01-08,2025-01-13
6813,32,2024-06-30,2,South,1920.73,2024-07-03,2024-07-07
6814,26,2025-05-31,4,Midwest,414.7,2025-06-03,2025-06-06
6815,70,2024-08-18,3,Midwest,704.16,2024-08-21,2024-08-29
6816,41,2024-12-13,9,South,1567.06,2024-12-16,2024-12-22
6817,67,2025-04-23,7,Midwest,1571.55,2025-04-26,2025-04-26
6818,97,2024-07-27,6,South,1469.72,2024-07-30,2024-08-01
6819,1,2024-10-04,10,West,1722.03,2024-10-07,2024-10-06
6820,51,2024-02-22,8,Midwest,1411.04,2024-02-25,2024-03-02
6821,5,2024-01-10,9,Midwest,1279.45,2024-01-13,2024-01-15
6822,13,2025-04-08,3,South,928.67,2025-04-11,2025-04-09
6823,19,2024-06-06,10,Midwest,944.83,2024-06-09,2024-06-07
6824,12,2024-01-19,7,Northeast,824.2,2024-01-22,2024-01-22
6825,48,2024-02-24,9,West,1248.02,2024-02-27,2024-02-26
6826,25,2024-01-21,1,Midwest,825.19,2024-01-24,2024-01-25
6827,57,2024-10-08,10,Midwest,312.04,2024-10-11,2024-10-12
6828,35,2025-02-20,9,Midwest,230.93,2025-02-23,2025-03-01
6829,76,2024-10-11,7,South,1850.46,2024-10-14,2024-10-20
6830,94,2025-05-25,10,West,68.98,2025-05-28,2025-06-06
6831,5,2025-01-30,4,West,228.83,2025-02-02,2025-02-09
6832,98,2024-04-29,6,Midwest,901.7,2024-05-02,2024-05-06
6833,22,2024-04-06,6,Midwest,540.59,2024-04-09,2024-04-07
6834,77,2024-04-29,6,South,823.58,2024-05-02,2024-05-06
6835,57,2024-06-01,2,West,252.55,2024-06-04,2024-06-02
6836,47,2024-09-01,5,Northeast,279.2,2024-09-04,2024-09-07
6837,54,2025-05-30,7,Midwest,1605.3,2025-06-02,2025-05-31
6838,3,2025-01-27,6,Northeast,1523.04,2025-01-30,2025-02-07
6839,53,2024-05-22,3,Northeast,226.42,2024-05-25,2024-05-28
6840,84,2025-05-18,5,West,1342.23,2025-05-21,2025-05-22
6841,31,2024-08-07,8,Northeast,1226.44,2024-08-10,2024-08-11
6842,69,2024-06-08,5,Midwest,1432.46,2024-06-11,2024-06-13
6843,88,2024-03-16,10,Midwest,959.41,2024-03-19,2024-03-19
6844,33,2024-02-01,3,South,554.57,2024-02-04,2024-02-05
6845,72,2024-11-29,9,West,1334.08,2024-12-02,2024-11-30
6846,88,2025-03-15,3,West,755.29,2025-03-18,2025-03-17
6847,50,2024-12-17,2,Northeast,453.53,2024-12-20,2024-12-19
6848,84,2024-12-04,6,Midwest,829.09,2024-12-07,2024-12-11
6849,16,2025-02-03,8,Midwest,1531.27,2025-02-06,2025-02-08
6850,76,2025-01-30,6,South,962.07,2025-02-02,2025-02-07
6851,77,2024-07-20,1,Northeast,613.73,2024-07-23,2024-07-24
6852,39,2024-04-02,8,Midwest,1667.1,2024-04-05,2024-04-07
6853,89,2024-12-23,1,West,1765.65,2024-12-26,2024-12-24
6854,46,2025-01-30,9,South,877.84,2025-02-02,2025-02-07
6855,96,2024-02-29,8,West,761.88,2024-03-03,2024-03-09
6856,88,2025-04-21,6,South,1233.14,2025-04-24,2025-04-28
6857,47,2024-01-01,2,West,134.79,2024-01-04,2024-01-03
6858,44,2024-11-06,9,Northeast,1388.82,2024-11-09,2024-11-13
6859,9,2024-06-16,8,Midwest,1568.93,2024-06-19,2024-06-22
6860,87,2024-07-10,4,West,806.94,2024-07-13,2024-07-11
6861,50,2024-02-03,2,Northeast,365.74,2024-02-06,2024-02-12
6862,77,2024-02-03,6,West,77.06,2024-02-06,2024-02-05
6863,60,2025-02-20,1,Northeast,1281.75,2025-02-23,2025-02-27
6864,96,2024-06-06,7,South,552.61,2024-06-09,2024-06-11
6865,15,2025-05-14,1,Northeast,938.5,2025-05-17,2025-05-23
6866,36,2024-12-31,6,West,784.98,2025-01-03,2025-01-02
6867,63,2024-12-05,5,Midwest,366.27,2024-12-08,2024-12-08
6868,69,2024-11-30,10,South,1026.57,2024-12-03,2024-12-07
6869,86,2024-11-22,3,South,930.0,2024-11-25,2024-11-25
6870,80,2024-04-23,6,Northeast,1255.81,2024-04-26,2024-05-02
6871,41,2025-02-21,4,West,518.73,2025-02-24,2025-02-24
6872,74,2025-04-12,6,Northeast,444.99,2025-04-15,2025-04-19
6873,24,2024-05-22,4,South,1632.4,2024-05-25,2024-05-27
6874,82,2024-11-04,1,Midwest,1410.34,2024-11-07,2024-11-07
6875,49,2025-02-04,5,Northeast,1548.97,2025-02-07,2025-02-13
6876,18,2024-11-15,8,West,264.11,2024-11-18,2024-11-17
6877,7,2024-07-30,6,Northeast,463.6,2024-08-02,2024-08-06
6878,4,2024-11-12,10,Northeast,1159.55,2024-11-15,2024-11-13
6879,90,2024-07-03,9,Northeast,1717.26,2024-07-06,2024-07-09
6880,69,2024-07-23,4,Midwest,1786.39,2024-07-26,2024-08-01
6881,60,2024-12-29,10,West,1667.18,2025-01-01,2025-01-03
6882,55,2024-08-03,9,West,105.93,2024-08-06,2024-08-09
6883,16,2024-09-02,8,South,1645.34,2024-09-05,2024-09-12
6884,99,2024-08-26,3,South,1800.2,2024-08-29,2024-09-03
6885,90,2025-01-25,6,Northeast,132.36,2025-01-28,2025-01-26
6886,82,2024-10-03,4,South,844.24,2024-10-06,2024-10-06
6887,29,2024-07-20,1,West,1082.49,2024-07-23,2024-07-24
6888,23,2024-08-01,9,Northeast,480.85,2024-08-04,2024-08-07
6889,14,2025-04-22,4,South,1043.04,2025-04-25,2025-04-27
6890,79,2025-05-22,5,Midwest,1774.19,2025-05-25,2025-05-25
6891,49,2024-03-15,3,South,1736.55,2024-03-18,2024-03-18
6892,33,2024-05-21,4,Midwest,1880.88,2024-05-24,2024-05-22
6893,25,2024-11-17,9,South,978.54,2024-11-20,2024-11-19
6894,21,2025-04-05,7,West,832.92,2025-04-08,2025-04-13
6895,17,2024-05-25,8,South,1338.26,2024-05-28,2024-05-27
6896,23,2024-02-23,3,Midwest,845.19,2024-02-26,2024-02-26
6897,57,2024-12-21,3,Midwest,103.05,2024-12-24,2024-12-22
6898,81,2024-10-03,7,South,1445.44,2024-10-06,2024-10-09
6899,58,2025-02-03,8,Northeast,576.35,2025-02-06,2025-02-11
6900,14,2025-05-30,5,Midwest,117.19,2025-06-02,2025-06-07
6901,93,2025-05-13,1,West,60.83,2025-05-16,2025-05-17
6902,20,2024-11-06,3,South,1864.1,2024-11-09,2024-11-11
6903,30,2024-09-27,5,Midwest,519.11,2024-09-30,2024-10-02
6904,19,2025-03-24,3,South,906.84,2025-03-27,2025-03-28
6905,53,2024-04-21,1,South,1902.14,2024-04-24,2024-04-27
6906,56,2024-08-26,7,Northeast,945.68,2024-08-29,2024-09-03
6907,77,2024-05-23,1,South,175.65,2024-05-26,2024-05-31
6908,82,2025-01-08,10,South,1112.83,2025-01-11,2025-01-12
6909,23,2024-01-20,6,South,194.63,2024-01-23,2024-01-23
6910,62,2024-10-15,6,West,208.27,2024-10-18,2024-10-17
6911,33,2024-07-15,7,South,1705.92,2024-07-18,2024-07-16
6912,18,2025-01-16,1,West,593.05,2025-01-19,2025-01-23
6913,73,2025-05-06,3,South,1363.77,2025-05-09,2025-05-11
6914,33,2024-06-12,9,Northeast,1027.67,2024-06-15,2024-06-17
6915,32,2024-09-05,2,Northeast,460.21,2024-09-08,2024-09-17
6916,61,2024-03-08,5,Midwest,1045.28,2024-03-11,2024-03-18
6917,54,2024-01-21,3,South,156.61,2024-01-24,2024-01-26
6918,17,2025-05-26,5,Northeast,707.48,2025-05-29,2025-06-01
6919,19,2025-01-24,7,Northeast,1055.22,2025-01-27,2025-01-26
6920,91,2024-04-20,1,South,472.22,2024-04-23,2024-04-27
6921,70,2025-04-04,3,Midwest,1327.17,2025-04-07,2025-04-10
6922,99,2024-03-18,6,West,122.59,2024-03-21,2024-03-20
6923,34,2025-03-09,7,Northeast,979.92,2025-03-12,2025-03-15
6924,84,2025-01-14,10,Northeast,1435.69,2025-01-17,2025-01-22
6925,25,2025-03-15,3,West,871.29,2025-03-18,2025-03-26
6926,68,2024-12-04,4,Northeast,1751.68,2024-12-07,2024-12-05
6927,74,2025-02-27,6,West,1271.74,2025-03-02,2025-03-01
6928,74,2024-06-17,5,West,1917.82,2024-06-20,2024-06-22
6929,88,2024-09-18,9,Midwest,582.56,2024-09-21,2024-09-24
6930,85,2024-08-16,1,West,1878.8,2024-08-19,2024-08-26
6931,11,2024-06-09,5,West,1221.51,2024-06-12,2024-06-18
6932,91,2025-03-02,1,West,1495.45,2025-03-05,2025-03-03
6933,16,2024-05-01,8,West,1806.28,2024-05-04,2024-05-05
6934,90,2024-05-28,7,Northeast,1111.37,2024-05-31,2024-05-29
6935,61,2024-04-20,5,West,1727.12,2024-04-23,2024-04-21
6936,94,2024-08-08,6,Northeast,1092.56,2024-08-11,2024-08-15
6937,80,2024-03-04,4,South,1206.41,2024-03-07,2024-03-09
6938,7,2024-12-19,9,South,901.3,2024-12-22,2024-12-29
6939,16,2025-04-18,3,West,308.36,2025-04-21,2025-04-19
6940,99,2025-04-29,2,Midwest,1115.94,2025-05-02,2025-05-04
6941,16,2024-01-13,7,Midwest,1955.35,2024-01-16,2024-01-16
6942,40,2024-06-01,2,Northeast,1578.63,2024-06-04,2024-06-11
6943,12,2024-08-26,6,Northeast,1500.05,2024-08-29,2024-08-28
6944,35,2024-07-08,8,South,1293.75,2024-07-11,2024-07-14
6945,21,2024-03-26,3,Northeast,708.86,2024-03-29,2024-03-27
6946,50,2024-01-21,3,Midwest,355.84,2024-01-24,2024-01-30
6947,43,2024-11-14,3,South,464.61,2024-11-17,2024-11-25
6948,100,2024-06-06,1,West,32.52,2024-06-09,2024-06-09
6949,17,2025-04-25,9,Northeast,1353.49,2025-04-28,2025-04-28
6950,32,2024-03-16,5,West,1627.52,2024-03-19,2024-03-22
6951,41,2024-11-24,9,Northeast,552.44,2024-11-27,2024-11-27
6952,6,2025-02-19,5,Midwest,201.86,2025-02-22,2025-02-27
6953,88,2024-07-21,7,Northeast,684.74,2024-07-24,2024-07-27
6954,27,2024-08-16,1,Midwest,598.26,2024-08-19,2024-08-25
6955,20,2024-05-31,9,Midwest,912.74,2024-06-03,2024-06-02
6956,25,2024-03-12,1,West,542.92,2024-03-15,2024-03-13
6957,66,2024-08-12,4,Northeast,692.67,2024-08-15,2024-08-18
6958,9,2025-04-17,7,West,1816.96,2025-04-20,2025-04-27
6959,92,2024-12-25,9,Midwest,682.97,2024-12-28,2024-12-27
6960,53,2024-02-15,1,Midwest,1575.33,2024-02-18,2024-02-21
6961,61,2024-01-01,6,Midwest,1259.15,2024-01-04,2024-01-04
6962,38,2024-09-01,10,Midwest,688.33,2024-09-04,2024-09-09
6963,3,2024-08-06,5,South,1639.22,2024-08-09,2024-08-08
6964,84,2024-10-17,3,Midwest,1198.25,2024-10-20,2024-10-23
6965,70,2025-04-02,10,Northeast,37.07,2025-04-05,2025-04-10
6966,97,2024-07-22,2,Midwest,156.08,2024-07-25,2024-07-23
6967,55,2024-07-20,1,South,1510.23,2024-07-23,2024-07-27
6968,1,2025-04-26,2,Northeast,904.13,2025-04-29,2025-04-30
6969,70,2025-05-25,4,South,822.91,2025-05-28,2025-06-02
6970,45,2024-10-04,6,South,308.74,2024-10-07,2024-10-10
6971,98,2024-01-16,5,Northeast,331.49,2024-01-19,2024-01-20
6972,47,2024-12-21,4,South,1599.55,2024-12-24,2024-12-26
6973,79,2024-12-21,8,Midwest,1661.45,2024-12-24,2024-12-22
6974,26,2024-03-18,7,West,1128.81,2024-03-21,2024-03-26
6975,14,2024-03-07,4,West,604.35,2024-03-10,2024-03-18
6976,54,2024-08-01,10,West,1866.75,2024-08-04,2024-08-04
6977,71,2025-03-24,5,Northeast,1255.45,2025-03-27,2025-03-29
6978,46,2025-03-08,10,Northeast,1597.35,2025-03-11,2025-03-18
6979,31,2024-04-24,5,Northeast,26.5,2024-04-27,2024-04-25
6980,88,2025-02-23,3,West,911.63,2025-02-26,2025-03-02
6981,59,2025-05-13,9,West,1744.48,2025-05-16,2025-05-23
6982,95,2025-01-14,5,Northeast,689.7,2025-01-17,2025-01-17
6983,29,2024-05-22,10,West,1458.57,2024-05-25,2024-05-25
6984,96,2024-01-24,2,South,1322.2,2024-01-27,2024-02-02
6985,17,2024-03-15,4,South,321.39,2024-03-18,2024-03-17
6986,14,2024-02-10,4,West,1554.31,2024-02-13,2024-02-18
6987,36,2025-02-16,5,Northeast,242.8,2025-02-19,2025-02-22
6988,58,2025-02-18,8,Midwest,1461.27,2025-02-21,2025-02-26
6989,24,2025-03-24,5,Midwest,1982.12,2025-03-27,2025-03-29
6990,63,2025-03-11,1,West,1916.8,2025-03-14,2025-03-21
6991,91,2024-08-26,2,Midwest,1604.48,2024-08-29,2024-08-30
6992,25,2024-02-11,3,Northeast,1078.34,2024-02-14,2024-02-12
6993,59,2024-01-10,3,South,1356.15,2024-01-13,2024-01-11
6994,32,2024-09-21,10,South,1461.65,2024-09-24,2024-09-23
6995,82,2025-03-20,6,Northeast,36.64,2025-03-23,2025-03-27
6996,18,2024-05-18,9,Midwest,222.69,2024-05-21,2024-05-21
6997,37,2024-07-14,10,West,1202.18,2024-07-17,2024-07-19
6998,26,2024-03-14,1,South,32.94,2024-03-17,2024-03-19
6999,9,2024-08-12,6,Midwest,1819.63,2024-08-15,2024-08-15
7000,99,2024-04-11,9,Midwest,989.53,2024-04-14,2024-04-16
7001,64,2024-09-20,4,South,530.38,2024-09-23,2024-09-28
7002,72,2024-06-09,10,South,799.77,2024-06-12,2024-06-14
7003,20,2024-08-20,3,West,1704.54,2024-08-23,2024-08-28
7004,54,2025-05-05,6,Northeast,1855.84,2025-05-08,2025-05-09
7005,86,2024-11-06,6,Midwest,250.15,2024-11-09,2024-11-12
7006,83,2024-08-14,2,West,1560.36,2024-08-17,2024-08-19
7007,30,2024-09-29,5,South,1164.89,2024-10-02,2024-10-07
7008,53,2024-11-12,1,Northeast,1179.3,2024-11-15,2024-11-18
7009,92,2024-03-26,9,Northeast,1563.32,2024-03-29,2024-03-29
7010,99,2024-10-17,9,Midwest,461.23,2024-10-20,2024-10-23
7011,63,2025-04-13,3,Northeast,1071.47,2025-04-16,2025-04-15
7012,11,2025-02-07,5,South,652.32,2025-02-10,2025-02-13
7013,31,2025-03-02,3,South,207.13,2025-03-05,2025-03-07
7014,49,2025-01-09,7,South,228.06,2025-01-12,2025-01-14
7015,100,2024-09-08,1,West,290.21,2024-09-11,2024-09-13
7016,94,2024-11-02,5,South,1237.5,2024-11-05,2024-11-05
7017,87,2025-03-05,6,West,229.54,2025-03-08,2025-03-08
7018,19,2024-09-20,7,South,1148.81,2024-09-23,2024-09-28
7019,12,2024-03-08,3,South,1184.83,2024-03-11,2024-03-19
7020,15,2024-04-16,7,Northeast,1809.72,2024-04-19,2024-04-22
7021,31,2025-02-03,4,Midwest,1260.23,2025-02-06,2025-02-08
7022,43,2024-07-17,10,South,1971.46,2024-07-20,2024-07-18
7023,37,2024-07-10,6,Northeast,81.37,2024-07-13,2024-07-11
7024,79,2025-05-28,5,Northeast,1414.21,2025-05-31,2025-05-29
7025,29,2025-03-17,4,Midwest,72.43,2025-03-20,2025-03-24
7026,26,2024-01-01,6,Northeast,1464.17,2024-01-04,2024-01-02
7027,2,2024-12-23,3,Northeast,783.98,2024-12-26,2024-12-30
7028,84,2024-04-24,3,Midwest,1230.39,2024-04-27,2024-04-26
7029,15,2024-07-15,5,West,632.89,2024-07-18,2024-07-20
7030,4,2024-09-30,5,Midwest,335.03,2024-10-03,2024-10-04
7031,86,2024-06-08,9,Midwest,1452.55,2024-06-11,2024-06-10
7032,50,2024-06-21,4,South,1811.15,2024-06-24,2024-06-22
7033,38,2025-04-02,5,South,383.49,2025-04-05,2025-04-03
7034,23,2025-03-08,9,West,1842.99,2025-03-11,2025-03-10
7035,59,2025-04-25,4,Midwest,297.56,2025-04-28,2025-05-07
7036,90,2025-03-30,3,Midwest,1476.61,2025-04-02,2025-04-08
7037,75,2024-07-14,7,West,1919.7,2024-07-17,2024-07-20
7038,28,2024-11-04,7,South,311.79,2024-11-07,2024-11-08
7039,66,2025-05-08,8,Midwest,881.48,2025-05-11,2025-05-11
7040,8,2025-03-14,4,West,688.17,2025-03-17,2025-03-19
7041,29,2024-12-24,4,South,789.19,2024-12-27,2024-12-27
7042,11,2024-02-05,9,Northeast,1511.22,2024-02-08,2024-02-08
7043,18,2024-02-03,10,West,1329.15,2024-02-06,2024-02-09
7044,55,2024-03-28,7,West,1938.0,2024-03-31,2024-03-30
7045,50,2024-01-16,3,Midwest,387.25,2024-01-19,2024-01-17
7046,14,2025-02-24,9,Northeast,1095.66,2025-02-27,2025-02-27
7047,74,2024-05-05,5,South,909.27,2024-05-08,2024-05-14
7048,99,2024-01-08,4,Northeast,1839.34,2024-01-11,2024-01-09
7049,9,2025-04-16,1,Midwest,41.03,2025-04-19,2025-04-17
7050,99,2025-04-12,9,Midwest,1978.56,2025-04-15,2025-04-15
7051,11,2025-05-24,6,South,969.87,2025-05-27,2025-05-25
7052,63,2025-02-05,2,South,1258.57,2025-02-08,2025-02-15
7053,76,2024-06-24,7,South,732.9,2024-06-27,2024-06-29
7054,67,2025-01-01,3,Midwest,1708.0,2025-01-04,2025-01-02
7055,53,2025-05-02,6,South,1132.74,2025-05-05,2025-05-07
7056,39,2024-01-18,8,South,1332.37,2024-01-21,2024-01-23
7057,78,2024-02-25,3,South,1304.83,2024-02-28,2024-02-29
7058,56,2024-02-04,5,West,740.68,2024-02-07,2024-02-09
7059,28,2024-12-12,6,South,170.46,2024-12-15,2024-12-17
7060,75,2024-02-01,1,Midwest,1619.26,2024-02-04,2024-02-07
7061,39,2024-05-12,10,West,593.64,2024-05-15,2024-05-18
7062,25,2024-07-17,7,Midwest,1700.88,2024-07-20,2024-07-18
7063,21,2024-09-12,4,Northeast,1225.11,2024-09-15,2024-09-17
7064,10,2024-12-07,10,West,720.33,2024-12-10,2024-12-13
7065,43,2024-08-18,7,South,1196.61,2024-08-21,2024-08-21
7066,15,2024-10-27,7,West,1298.08,2024-10-30,2024-11-06
7067,83,2024-01-26,5,Midwest,1419.23,2024-01-29,2024-01-31
7068,48,2025-04-18,8,West,1648.23,2025-04-21,2025-04-25
7069,86,2025-01-21,8,Northeast,336.31,2025-01-24,2025-01-25
7070,21,2024-10-11,5,South,1889.41,2024-10-14,2024-10-15
7071,60,2025-03-25,5,South,833.46,2025-03-28,2025-03-31
7072,96,2024-11-15,7,Northeast,1723.69,2024-11-18,2024-11-16
7073,50,2024-06-04,6,Midwest,456.55,2024-06-07,2024-06-11
7074,23,2025-04-15,4,West,77.48,2025-04-18,2025-04-16
7075,13,2025-02-23,2,Midwest,1155.22,2025-02-26,2025-03-03
7076,69,2024-04-22,8,Midwest,662.84,2024-04-25,2024-04-26
7077,4,2025-02-25,3,Midwest,1969.23,2025-02-28,2025-03-08
7078,92,2024-10-11,2,South,226.82,2024-10-14,2024-10-19
7079,78,2024-02-23,10,West,113.66,2024-02-26,2024-03-02
7080,72,2024-11-20,7,South,109.14,2024-11-23,2024-11-25
7081,9,2025-04-02,10,South,449.41,2025-04-05,2025-04-10
7082,35,2024-09-21,6,South,1166.8,2024-09-24,2024-09-28
7083,21,2025-01-16,8,West,1021.02,2025-01-19,2025-01-17
7084,58,2024-07-31,6,Northeast,713.15,2024-08-03,2024-08-02
7085,18,2024-11-28,7,South,195.81,2024-12-01,2024-11-30
7086,97,2024-01-10,2,South,482.8,2024-01-13,2024-01-13
7087,72,2024-12-23,10,South,384.61,2024-12-26,2024-12-27
7088,81,2024-07-21,2,West,1496.42,2024-07-24,2024-07-28
7089,43,2024-02-27,6,West,1564.29,2024-03-01,2024-03-07
7090,95,2025-05-08,9,Midwest,1558.49,2025-05-11,2025-05-15
7091,98,2025-05-24,3,South,1938.7,2025-05-27,2025-06-02
7092,6,2024-08-10,10,South,1770.79,2024-08-13,2024-08-12
7093,86,2025-01-03,8,West,1005.65,2025-01-06,2025-01-06
7094,78,2025-02-21,5,West,841.57,2025-02-24,2025-02-25
7095,67,2024-04-12,6,South,1833.22,2024-04-15,2024-04-15
7096,12,2024-06-09,6,Northeast,1230.23,2024-06-12,2024-06-11
7097,100,2024-07-18,10,Midwest,602.91,2024-07-21,2024-07-24
7098,12,2024-06-08,3,Midwest,1137.64,2024-06-11,2024-06-11
7099,66,2024-05-15,5,South,1984.46,2024-05-18,2024-05-22
7100,2,2025-02-01,1,Midwest,1701.95,2025-02-04,2025-02-02
7101,15,2025-01-26,2,Midwest,576.93,2025-01-29,2025-02-03
7102,23,2024-04-15,10,South,1906.85,2024-04-18,2024-04-21
7103,29,2024-02-23,3,Midwest,1963.29,2024-02-26,2024-02-29
7104,81,2024-10-03,4,West,477.71,2024-10-06,2024-10-09
7105,96,2024-04-20,9,South,1793.27,2024-04-23,2024-04-25
7106,7,2024-08-11,1,West,1768.74,2024-08-14,2024-08-16
7107,94,2024-03-15,3,South,98.71,2024-03-18,2024-03-19
7108,28,2025-05-20,3,West,1345.98,2025-05-23,2025-05-26
7109,14,2024-01-14,6,Midwest,624.46,2024-01-17,2024-01-21
7110,44,2025-04-26,5,Northeast,1355.73,2025-04-29,2025-04-30
7111,30,2024-07-07,3,West,1828.85,2024-07-10,2024-07-16
7112,81,2024-12-29,4,West,1007.58,2025-01-01,2025-01-02
7113,32,2024-08-26,7,Northeast,840.54,2024-08-29,2024-08-29
7114,70,2025-02-04,3,Northeast,1844.63,2025-02-07,2025-02-09
7115,88,2024-10-30,9,West,1948.75,2024-11-02,2024-11-02
7116,6,2024-03-31,8,West,143.23,2024-04-03,2024-04-06
7117,27,2025-01-26,2,West,1847.24,2025-01-29,2025-01-31
7118,82,2024-07-02,5,South,183.88,2024-07-05,2024-07-09
7119,88,2024-01-17,4,West,687.83,2024-01-20,2024-01-22
7120,24,2024-01-12,5,West,1529.9,2024-01-15,2024-01-17
7121,34,2024-06-14,3,Northeast,1558.53,2024-06-17,2024-06-18
7122,40,2024-05-25,10,Northeast,1457.13,2024-05-28,2024-06-01
7123,47,2024-10-08,1,South,97.44,2024-10-11,2024-10-12
7124,79,2024-06-17,8,South,283.27,2024-06-20,2024-06-23
7125,75,2024-06-18,9,Midwest,1873.71,2024-06-21,2024-06-26
7126,86,2024-12-11,8,West,181.29,2024-12-14,2024-12-16
7127,24,2025-05-13,4,West,175.52,2025-05-16,2025-05-18
7128,65,2025-04-04,2,Northeast,1674.58,2025-04-07,2025-04-08
7129,18,2024-10-23,4,Midwest,1289.71,2024-10-26,2024-10-29
7130,44,2024-05-21,9,West,716.28,2024-05-24,2024-05-28
7131,76,2024-02-22,10,Midwest,348.11,2024-02-25,2024-02-29
7132,57,2024-04-27,9,South,1770.66,2024-04-30,2024-05-03
7133,28,2024-12-30,5,West,1977.3,2025-01-02,2025-01-08
7134,71,2024-05-15,5,West,118.94,2024-05-18,2024-05-20
7135,23,2025-02-17,10,South,1117.14,2025-02-20,2025-02-26
7136,85,2024-03-17,3,West,537.38,2024-03-20,2024-03-25
7137,34,2024-01-18,6,South,1668.13,2024-01-21,2024-01-21
7138,11,2025-02-06,7,South,705.22,2025-02-09,2025-02-13
7139,86,2024-07-23,10,Midwest,1434.97,2024-07-26,2024-07-24
7140,35,2025-05-13,9,Northeast,1088.26,2025-05-16,2025-05-22
7141,93,2024-11-19,7,Northeast,1092.22,2024-11-22,2024-11-24
7142,42,2024-10-07,3,South,1718.84,2024-10-10,2024-10-10
7143,28,2024-06-14,7,Midwest,951.4,2024-06-17,2024-06-15
7144,82,2024-08-30,1,South,1694.29,2024-09-02,2024-09-04
7145,78,2025-04-23,2,Midwest,739.59,2025-04-26,2025-05-02
7146,82,2024-06-12,4,Midwest,366.07,2024-06-15,2024-06-18
7147,92,2024-11-19,7,Northeast,921.85,2024-11-22,2024-11-23
7148,24,2024-07-26,9,Northeast,1006.74,2024-07-29,2024-07-30
7149,8,2024-11-10,5,Midwest,967.2,2024-11-13,2024-11-19
7150,53,2024-10-30,8,Northeast,1620.49,2024-11-02,2024-11-06
7151,72,2024-08-26,7,Midwest,1138.06,2024-08-29,2024-08-31
7152,4,2024-08-11,5,West,1779.12,2024-08-14,2024-08-19
7153,91,2024-03-28,3,South,1038.09,2024-03-31,2024-04-04
7154,100,2025-03-04,3,Northeast,464.94,2025-03-07,2025-03-06
7155,5,2024-08-07,6,South,276.4,2024-08-10,2024-08-11
7156,97,2024-10-01,10,Northeast,1739.36,2024-10-04,2024-10-10
7157,49,2024-03-06,4,South,131.22,2024-03-09,2024-03-13
7158,98,2025-02-26,3,South,252.87,2025-03-01,2025-03-08
7159,30,2024-09-11,4,Northeast,146.04,2024-09-14,2024-09-18
7160,72,2024-05-04,3,Northeast,858.99,2024-05-07,2024-05-07
7161,63,2024-05-25,10,Northeast,1074.58,2024-05-28,2024-05-30
7162,47,2025-01-19,6,Northeast,59.35,2025-01-22,2025-01-26
7163,26,2025-03-22,7,Midwest,1040.86,2025-03-25,2025-03-27
7164,57,2025-01-21,4,Northeast,799.64,2025-01-24,2025-01-26
7165,37,2025-01-17,3,Northeast,1551.82,2025-01-20,2025-01-28
7166,98,2024-10-03,3,Northeast,1663.31,2024-10-06,2024-10-07
7167,7,2025-01-16,3,West,1376.24,2025-01-19,2025-01-22
7168,40,2024-05-03,9,South,957.52,2024-05-06,2024-05-09
7169,92,2024-09-23,3,Northeast,447.97,2024-09-26,2024-10-01
7170,39,2024-04-20,3,Northeast,1697.29,2024-04-23,2024-04-26
7171,62,2025-01-15,8,South,696.5,2025-01-18,2025-01-20
7172,92,2024-06-06,4,South,725.46,2024-06-09,2024-06-17
7173,78,2024-04-27,7,Midwest,1833.7,2024-04-30,2024-05-02
7174,53,2024-11-23,3,South,1951.68,2024-11-26,2024-11-30
7175,4,2024-03-08,8,South,1798.3,2024-03-11,2024-03-09
7176,82,2025-03-09,3,West,1996.5,2025-03-12,2025-03-14
7177,25,2024-12-24,5,Midwest,1740.44,2024-12-27,2024-12-29
7178,7,2025-03-18,1,West,1414.63,2025-03-21,2025-03-23
7179,28,2024-06-12,5,South,601.76,2024-06-15,2024-06-13
7180,69,2024-12-26,6,Northeast,1906.85,2024-12-29,2024-12-30
7181,67,2024-04-28,7,Midwest,1755.72,2024-05-01,2024-04-30
7182,95,2024-07-13,2,South,496.68,2024-07-16,2024-07-21
7183,20,2024-08-28,2,South,988.54,2024-08-31,2024-08-30
7184,83,2025-05-23,9,Northeast,158.71,2025-05-26,2025-05-30
7185,11,2024-05-21,10,Northeast,1907.55,2024-05-24,2024-05-28
7186,67,2024-01-31,1,Northeast,1154.08,2024-02-03,2024-02-03
7187,87,2024-08-10,2,Midwest,505.5,2024-08-13,2024-08-12
7188,7,2024-09-22,2,West,598.95,2024-09-25,2024-09-26
7189,23,2024-10-08,10,Midwest,1961.7,2024-10-11,2024-10-12
7190,61,2025-01-15,7,Northeast,1238.92,2025-01-18,2025-01-17
7191,71,2024-03-02,6,Midwest,852.95,2024-03-05,2024-03-06
7192,34,2024-03-11,9,Northeast,1009.69,2024-03-14,2024-03-17
7193,19,2024-05-19,7,West,215.13,2024-05-22,2024-05-20
7194,58,2024-11-11,3,Midwest,168.55,2024-11-14,2024-11-15
7195,9,2024-12-05,3,West,1193.56,2024-12-08,2024-12-08
7196,48,2025-02-19,1,West,1033.77,2025-02-22,2025-02-24
7197,82,2025-04-11,8,Northeast,731.12,2025-04-14,2025-04-22
7198,41,2025-01-09,1,Midwest,1140.91,2025-01-12,2025-01-10
7199,48,2024-10-17,2,Midwest,163.9,2024-10-20,2024-10-22
7200,45,2024-02-12,7,West,1889.1,2024-02-15,2024-02-18
7201,25,2024-02-22,1,Northeast,601.55,2024-02-25,2024-02-25
7202,78,2024-08-19,4,West,162.12,2024-08-22,2024-08-25
7203,25,2024-07-30,9,West,355.62,2024-08-02,2024-07-31
7204,19,2024-01-08,8,West,209.04,2024-01-11,2024-01-12
7205,39,2025-04-27,8,West,373.64,2025-04-30,2025-04-28
7206,79,2024-02-11,3,Midwest,845.17,2024-02-14,2024-02-15
7207,80,2024-11-28,5,South,1481.34,2024-12-01,2024-11-29
7208,27,2024-08-20,4,Midwest,559.25,2024-08-23,2024-08-26
7209,74,2024-03-10,8,Northeast,883.13,2024-03-13,2024-03-19
7210,63,2024-01-16,7,South,1858.94,2024-01-19,2024-01-22
7211,68,2024-03-09,7,West,605.73,2024-03-12,2024-03-14
7212,19,2024-02-22,10,Midwest,1593.55,2024-02-25,2024-02-25
7213,28,2025-01-13,10,South,332.48,2025-01-16,2025-01-17
7214,85,2025-04-07,7,West,373.08,2025-04-10,2025-04-11
7215,78,2024-03-03,1,Midwest,923.18,2024-03-06,2024-03-08
7216,33,2024-09-17,7,South,483.52,2024-09-20,2024-09-23
7217,10,2025-05-14,4,Midwest,1808.0,2025-05-17,2025-05-17
7218,83,2024-04-30,3,South,120.49,2024-05-03,2024-05-08
7219,30,2024-08-27,5,Northeast,1202.6,2024-08-30,2024-08-31
7220,22,2025-04-09,2,Midwest,1216.37,2025-04-12,2025-04-14
7221,3,2024-04-16,8,Midwest,150.73,2024-04-19,2024-04-25
7222,82,2024-06-28,9,South,1470.48,2024-07-01,2024-06-29
7223,75,2024-01-16,5,Northeast,948.42,2024-01-19,2024-01-17
7224,48,2024-12-20,3,Midwest,1451.69,2024-12-23,2024-12-26
7225,2,2024-11-04,10,Northeast,1657.31,2024-11-07,2024-11-09
7226,76,2024-06-29,7,Northeast,659.34,2024-07-02,2024-07-08
7227,54,2024-06-22,1,Midwest,979.28,2024-06-25,2024-06-24
7228,6,2024-12-19,10,West,536.31,2024-12-22,2024-12-25
7229,40,2024-12-19,3,South,419.0,2024-12-22,2024-12-23
7230,93,2024-08-06,9,Midwest,21.18,2024-08-09,2024-08-14
7231,94,2024-11-10,2,Northeast,1927.99,2024-11-13,2024-11-11
7232,2,2025-03-09,9,South,893.04,2025-03-12,2025-03-13
7233,73,2024-10-08,1,Midwest,45.88,2024-10-11,2024-10-15
7234,2,2024-09-15,4,South,37.7,2024-09-18,2024-09-18
7235,93,2024-01-05,10,South,590.94,2024-01-08,2024-01-10
7236,97,2025-01-28,6,Northeast,47.6,2025-01-31,2025-02-02
7237,74,2024-12-01,7,West,761.54,2024-12-04,2024-12-07
7238,98,2024-03-03,3,West,144.62,2024-03-06,2024-03-05
7239,55,2024-02-13,9,South,97.72,2024-02-16,2024-02-17
7240,72,2024-06-01,4,Northeast,1345.38,2024-06-04,2024-06-07
7241,60,2024-06-04,5,Northeast,1815.55,2024-06-07,2024-06-11
7242,97,2025-04-22,8,Midwest,830.59,2025-04-25,2025-04-28
7243,6,2024-10-01,3,South,1676.81,2024-10-04,2024-10-05
7244,19,2024-12-23,8,Midwest,77.95,2024-12-26,2024-12-28
7245,96,2025-03-01,1,Northeast,1559.83,2025-03-04,2025-03-09
7246,27,2025-04-27,8,South,144.34,2025-04-30,2025-05-03
7247,1,2024-08-01,10,West,1680.11,2024-08-04,2024-08-02
7248,33,2024-03-19,8,West,1767.09,2024-03-22,2024-03-21
7249,40,2024-05-18,6,Midwest,1576.23,2024-05-21,2024-05-23
7250,32,2024-04-07,5,South,1645.08,2024-04-10,2024-04-08
7251,69,2024-07-16,9,Northeast,1131.74,2024-07-19,2024-07-23
7252,17,2024-06-04,6,Midwest,544.47,2024-06-07,2024-06-06
7253,8,2024-02-19,1,West,1293.6,2024-02-22,2024-02-21
7254,57,2025-04-23,6,Northeast,890.29,2025-04-26,2025-05-03
7255,42,2024-08-15,1,South,30.57,2024-08-18,2024-08-18
7256,98,2025-04-01,6,West,964.11,2025-04-04,2025-04-07
7257,9,2024-05-28,3,Northeast,1309.35,2024-05-31,2024-06-04
7258,87,2024-02-27,6,West,47.49,2024-03-01,2024-03-07
7259,35,2024-06-10,6,South,1250.29,2024-06-13,2024-06-13
7260,71,2025-04-21,1,Midwest,1312.01,2025-04-24,2025-04-27
7261,79,2024-04-16,9,Northeast,333.05,2024-04-19,2024-04-21
7262,53,2025-03-02,8,Northeast,873.53,2025-03-05,2025-03-14
7263,54,2025-01-29,2,South,1929.38,2025-02-01,2025-01-30
7264,84,2024-07-04,2,West,1770.69,2024-07-07,2024-07-09
7265,25,2025-03-21,5,West,833.43,2025-03-24,2025-03-26
7266,67,2025-03-23,10,West,712.7,2025-03-26,2025-03-28
7267,62,2024-03-27,2,Northeast,265.68,2024-03-30,2024-03-28
7268,55,2024-09-05,1,Northeast,89.67,2024-09-08,2024-09-06
7269,46,2025-03-15,2,West,608.98,2025-03-18,2025-03-16
7270,24,2024-09-13,5,Northeast,1881.76,2024-09-16,2024-09-21
7271,98,2024-10-03,10,Midwest,1918.05,2024-10-06,2024-10-08
7272,46,2025-03-13,7,South,1628.79,2025-03-16,2025-03-14
7273,22,2025-05-30,5,South,714.63,2025-06-02,2025-06-08
7274,11,2024-07-20,1,Northeast,304.38,2024-07-23,2024-07-31
7275,48,2024-06-28,7,Midwest,1199.16,2024-07-01,2024-07-04
7276,8,2024-11-20,6,Midwest,1300.08,2024-11-23,2024-11-26
7277,39,2025-04-19,7,West,860.66,2025-04-22,2025-04-24
7278,35,2025-02-03,2,South,1389.46,2025-02-06,2025-02-06
7279,49,2024-08-04,5,South,1498.43,2024-08-07,2024-08-05
7280,46,2025-03-28,8,South,1570.46,2025-03-31,2025-03-30
7281,38,2025-02-07,7,Northeast,1014.55,2025-02-10,2025-02-12
7282,8,2024-08-27,6,Midwest,1587.45,2024-08-30,2024-09-03
7283,54,2024-07-04,6,West,70.44,2024-07-07,2024-07-08
7284,37,2024-02-17,1,Northeast,1367.2,2024-02-20,2024-02-22
7285,91,2025-01-20,1,West,486.56,2025-01-23,2025-01-25
7286,92,2024-07-26,7,Northeast,555.63,2024-07-29,2024-07-31
7287,40,2024-06-05,3,South,200.78,2024-06-08,2024-06-08
7288,34,2024-08-12,6,West,400.94,2024-08-15,2024-08-18
7289,96,2024-05-23,5,Midwest,1984.18,2024-05-26,2024-05-25
7290,79,2025-02-22,3,Midwest,842.47,2025-02-25,2025-02-28
7291,17,2024-04-20,6,Northeast,1856.98,2024-04-23,2024-04-21
7292,33,2025-04-09,3,South,342.54,2025-04-12,2025-04-10
7293,47,2024-05-11,8,Northeast,424.04,2024-05-14,2024-05-14
7294,52,2024-11-29,7,West,1124.47,2024-12-02,2024-12-05
7295,80,2024-03-15,9,Midwest,712.07,2024-03-18,2024-03-21
7296,93,2025-02-15,5,Midwest,1294.95,2025-02-18,2025-02-17
7297,9,2024-02-05,1,Midwest,855.65,2024-02-08,2024-02-06
7298,33,2024-08-10,10,Midwest,1626.96,2024-08-13,2024-08-19
7299,60,2024-08-28,8,West,874.49,2024-08-31,2024-09-02
7300,93,2024-05-13,2,Midwest,1153.25,2024-05-16,2024-05-18
7301,77,2025-01-25,6,Northeast,655.72,2025-01-28,2025-01-31
7302,21,2024-04-11,1,Midwest,1414.0,2024-04-14,2024-04-13
7303,58,2025-05-12,6,West,1316.37,2025-05-15,2025-05-20
7304,85,2025-05-25,4,South,806.06,2025-05-28,2025-06-01
7305,69,2024-12-08,5,South,566.54,2024-12-11,2024-12-12
7306,10,2024-01-06,10,Midwest,1235.93,2024-01-09,2024-01-11
7307,6,2024-07-12,7,South,1887.44,2024-07-15,2024-07-16
7308,13,2024-05-16,6,West,282.63,2024-05-19,2024-05-25
7309,65,2025-04-17,1,Midwest,1602.25,2025-04-20,2025-04-23
7310,20,2024-08-03,9,West,1095.12,2024-08-06,2024-08-10
7311,57,2024-12-14,6,South,1060.61,2024-12-17,2024-12-19
7312,46,2024-07-01,6,South,1924.13,2024-07-04,2024-07-06
7313,8,2024-06-16,9,Midwest,1219.63,2024-06-19,2024-06-27
7314,10,2024-02-07,10,South,1664.43,2024-02-10,2024-02-11
7315,73,2025-04-15,5,Midwest,1038.66,2025-04-18,2025-04-21
7316,67,2025-03-27,6,Midwest,514.71,2025-03-30,2025-04-07
7317,11,2025-05-04,6,Northeast,1395.09,2025-05-07,2025-05-13
7318,12,2024-05-21,7,Northeast,1847.89,2024-05-24,2024-05-27
7319,10,2024-04-12,9,Northeast,1685.64,2024-04-15,2024-04-13
7320,25,2024-02-11,5,West,412.76,2024-02-14,2024-02-23
7321,49,2024-05-26,5,South,647.44,2024-05-29,2024-05-30
7322,49,2024-03-06,4,South,1043.42,2024-03-09,2024-03-11
7323,89,2024-07-11,10,Northeast,1151.77,2024-07-14,2024-07-19
7324,11,2024-10-24,4,Midwest,403.75,2024-10-27,2024-10-28
7325,62,2024-02-07,8,Midwest,475.42,2024-02-10,2024-02-13
7326,36,2025-05-16,2,Midwest,1522.49,2025-05-19,2025-05-21
7327,39,2025-03-03,10,Midwest,1466.03,2025-03-06,2025-03-07
7328,53,2024-12-17,8,West,1681.63,2024-12-20,2024-12-23
7329,90,2024-11-21,2,South,1867.2,2024-11-24,2024-11-24
7330,78,2024-02-07,1,Northeast,630.36,2024-02-10,2024-02-09
7331,56,2024-04-06,10,West,1722.0,2024-04-09,2024-04-13
7332,1,2024-04-17,9,South,1338.7,2024-04-20,2024-04-26
7333,56,2024-05-30,8,West,1916.39,2024-06-02,2024-06-02
7334,4,2024-03-14,6,Midwest,558.71,2024-03-17,2024-03-17
7335,30,2024-02-26,4,West,553.95,2024-02-29,2024-03-02
7336,12,2024-11-30,2,West,1414.5,2024-12-03,2024-12-05
7337,35,2024-09-08,8,Midwest,1858.25,2024-09-11,2024-09-09
7338,77,2024-09-10,3,Midwest,1652.62,2024-09-13,2024-09-14
7339,52,2025-01-19,10,Northeast,1459.54,2025-01-22,2025-01-29
7340,31,2025-03-31,4,Northeast,786.87,2025-04-03,2025-04-09
7341,87,2024-09-15,5,South,1441.18,2024-09-18,2024-09-25
7342,68,2025-04-09,4,Northeast,1606.17,2025-04-12,2025-04-16
7343,52,2024-02-03,8,Northeast,1511.51,2024-02-06,2024-02-06
7344,80,2025-05-09,9,South,1360.09,2025-05-12,2025-05-15
7345,7,2024-11-21,1,West,113.32,2024-11-24,2024-11-28
7346,22,2024-08-25,2,West,1326.24,2024-08-28,2024-08-29
7347,93,2025-04-10,4,West,967.02,2025-04-13,2025-04-11
7348,75,2024-10-30,1,Midwest,1923.91,2024-11-02,2024-11-07
7349,56,2024-04-26,6,South,1222.24,2024-04-29,2024-04-30
7350,97,2024-07-25,5,West,1224.29,2024-07-28,2024-08-01
7351,58,2025-04-25,7,Northeast,1988.23,2025-04-28,2025-04-26
7352,93,2025-02-06,6,Northeast,205.3,2025-02-09,2025-02-09
7353,64,2024-08-20,3,Northeast,567.11,2024-08-23,2024-08-26
7354,12,2024-10-10,5,South,1319.04,2024-10-13,2024-10-17
7355,7,2025-04-24,3,South,644.17,2025-04-27,2025-05-01
7356,55,2024-01-09,9,Northeast,705.38,2024-01-12,2024-01-14
7357,62,2025-01-13,2,Midwest,1787.44,2025-01-16,2025-01-19
7358,90,2025-01-15,6,Midwest,1167.12,2025-01-18,2025-01-21
7359,73,2024-12-25,9,West,223.67,2024-12-28,2024-12-31
7360,98,2024-06-24,10,West,635.51,2024-06-27,2024-07-01
7361,77,2025-04-29,7,West,170.6,2025-05-02,2025-05-01
7362,55,2025-02-08,5,West,1121.14,2025-02-11,2025-02-19
7363,36,2024-02-02,2,West,363.07,2024-02-05,2024-02-06
7364,89,2025-04-09,2,South,1717.09,2025-04-12,2025-04-14
7365,24,2024-06-05,4,South,1163.08,2024-06-08,2024-06-09
7366,44,2024-07-20,10,Midwest,137.56,2024-07-23,2024-07-26
7367,17,2024-06-23,2,Midwest,615.73,2024-06-26,2024-06-24
7368,2,2024-08-31,8,South,1240.35,2024-09-03,2024-09-04
7369,13,2024-09-25,10,Midwest,684.29,2024-09-28,2024-09-26
7370,31,2025-03-21,7,Northeast,1036.09,2025-03-24,2025-03-25
7371,93,2024-03-14,7,Midwest,1820.54,2024-03-17,2024-03-19
7372,28,2024-04-05,3,Northeast,713.07,2024-04-08,2024-04-12
7373,60,2024-06-21,7,Northeast,685.03,2024-06-24,2024-06-26
7374,27,2025-02-09,8,West,1643.12,2025-02-12,2025-02-15
7375,15,2024-06-03,5,Midwest,651.14,2024-06-06,2024-06-04
7376,95,2024-07-01,1,Northeast,174.36,2024-07-04,2024-07-06
7377,79,2024-11-18,1,Midwest,378.27,2024-11-21,2024-11-27
7378,33,2024-10-15,4,Midwest,1898.62,2024-10-18,2024-10-21
7379,20,2024-09-14,2,South,1867.92,2024-09-17,2024-09-17
7380,42,2024-06-22,7,South,465.13,2024-06-25,2024-06-28
7381,12,2024-11-25,3,West,1115.93,2024-11-28,2024-12-04
7382,73,2024-08-18,4,Midwest,291.99,2024-08-21,2024-08-25
7383,23,2024-06-09,9,South,1355.86,2024-06-12,2024-06-16
7384,72,2024-07-04,2,Northeast,386.91,2024-07-07,2024-07-07
7385,96,2024-05-22,8,Northeast,118.59,2024-05-25,2024-05-26
7386,14,2024-10-08,1,West,1653.3,2024-10-11,2024-10-13
7387,91,2024-01-27,3,Northeast,664.29,2024-01-30,2024-02-06
7388,25,2024-09-02,4,Midwest,234.87,2024-09-05,2024-09-04
7389,77,2025-05-01,6,Northeast,1671.13,2025-05-04,2025-05-07
7390,85,2024-07-20,1,West,1529.55,2024-07-23,2024-07-27
7391,31,2024-01-21,8,West,1373.84,2024-01-24,2024-01-28
7392,54,2024-04-03,2,Northeast,1824.27,2024-04-06,2024-04-07
7393,5,2024-01-08,5,Midwest,988.67,2024-01-11,2024-01-12
7394,13,2025-04-16,6,South,273.55,2025-04-19,2025-04-27
7395,28,2024-12-04,8,Midwest,141.47,2024-12-07,2024-12-08
7396,43,2024-09-15,3,Midwest,650.51,2024-09-18,2024-09-19
7397,89,2024-02-24,9,Midwest,191.93,2024-02-27,2024-03-03
7398,99,2024-01-06,5,Northeast,1080.31,2024-01-09,2024-01-11
7399,47,2025-01-11,8,South,48.71,2025-01-14,2025-01-12
7400,71,2024-02-19,4,Midwest,898.65,2024-02-22,2024-02-27
7401,38,2024-04-21,9,South,373.35,2024-04-24,2024-04-25
7402,96,2024-05-25,8,West,749.17,2024-05-28,2024-05-29
7403,67,2024-08-17,5,South,1356.57,2024-08-20,2024-08-30
7404,62,2025-05-11,3,Northeast,714.91,2025-05-14,2025-05-15
7405,39,2024-11-01,1,West,695.85,2024-11-04,2024-11-06
7406,37,2025-04-05,5,West,1981.69,2025-04-08,2025-04-13
7407,86,2024-08-13,5,Midwest,1443.25,2024-08-16,2024-08-15
7408,8,2024-02-28,4,South,1037.45,2024-03-02,2024-03-06
7409,81,2024-03-16,10,West,1167.16,2024-03-19,2024-03-24
7410,52,2025-03-03,10,West,1247.96,2025-03-06,2025-03-12
7411,91,2024-05-11,8,South,68.66,2024-05-14,2024-05-18
7412,33,2025-05-12,3,South,178.92,2025-05-15,2025-05-14
7413,81,2024-10-31,10,West,1305.39,2024-11-03,2024-11-06
7414,42,2024-03-07,9,West,741.65,2024-03-10,2024-03-08
7415,76,2024-08-17,3,South,129.78,2024-08-20,2024-08-26
7416,27,2024-11-28,4,Northeast,609.08,2024-12-01,2024-12-06
7417,8,2024-10-03,6,South,277.96,2024-10-06,2024-10-09
7418,23,2024-05-23,9,Northeast,1834.3,2024-05-26,2024-05-29
7419,64,2024-09-07,10,West,421.79,2024-09-10,2024-09-12
7420,93,2024-03-20,2,Midwest,304.51,2024-03-23,2024-03-25
7421,20,2024-02-26,2,South,1259.81,2024-02-29,2024-03-05
7422,16,2024-12-31,2,West,1053.39,2025-01-03,2025-01-04
7423,17,2024-11-03,5,West,1160.35,2024-11-06,2024-11-15
7424,80,2024-06-22,6,Midwest,883.18,2024-06-25,2024-06-28
7425,19,2025-04-06,3,South,945.0,2025-04-09,2025-04-15
7426,8,2025-05-07,3,West,1562.02,2025-05-10,2025-05-08
7427,38,2025-01-08,2,Northeast,455.45,2025-01-11,2025-01-11
7428,38,2024-12-14,6,Midwest,805.13,2024-12-17,2024-12-22
7429,53,2024-03-07,1,Northeast,1916.49,2024-03-10,2024-03-13
7430,93,2024-11-25,9,South,396.17,2024-11-28,2024-11-30
7431,100,2024-07-12,10,Northeast,601.67,2024-07-15,2024-07-20
7432,90,2024-06-03,4,Midwest,399.3,2024-06-06,2024-06-14
7433,31,2024-06-08,2,West,60.58,2024-06-11,2024-06-10
7434,44,2024-09-22,6,Midwest,554.26,2024-09-25,2024-09-30
7435,60,2024-06-16,5,West,112.01,2024-06-19,2024-06-20
7436,76,2024-05-24,3,West,326.28,2024-05-27,2024-06-01
7437,17,2024-07-04,3,Northeast,738.11,2024-07-07,2024-07-08
7438,79,2025-02-26,5,Midwest,61.03,2025-03-01,2025-03-05
7439,73,2025-04-01,4,Midwest,1510.85,2025-04-04,2025-04-08
7440,39,2024-12-10,5,West,1595.27,2024-12-13,2024-12-13
7441,42,2025-05-30,2,Midwest,834.6,2025-06-02,2025-06-03
7442,48,2024-04-13,1,South,1969.64,2024-04-16,2024-04-17
7443,12,2024-09-03,5,South,1364.41,2024-09-06,2024-09-04
7444,96,2024-01-23,1,Northeast,1492.57,2024-01-26,2024-01-29
7445,89,2024-05-23,3,Northeast,400.75,2024-05-26,2024-06-01
7446,18,2024-07-11,8,Midwest,1678.13,2024-07-14,2024-07-12
7447,79,2025-04-09,8,Northeast,1891.19,2025-04-12,2025-04-16
7448,96,2025-01-09,9,Midwest,487.89,2025-01-12,2025-01-15
7449,6,2024-09-22,1,Northeast,1379.2,2024-09-25,2024-09-25
7450,43,2025-01-12,4,South,1498.94,2025-01-15,2025-01-23
7451,35,2024-03-14,6,West,624.23,2024-03-17,2024-03-22
7452,98,2025-03-13,7,West,960.52,2025-03-16,2025-03-22
7453,54,2024-08-13,5,South,213.13,2024-08-16,2024-08-18
7454,62,2024-11-03,7,West,362.73,2024-11-06,2024-11-04
7455,69,2024-12-13,10,Midwest,141.91,2024-12-16,2024-12-19
7456,82,2025-04-20,8,Midwest,1129.13,2025-04-23,2025-04-25
7457,16,2024-11-10,10,South,1258.02,2024-11-13,2024-11-18
7458,8,2025-02-28,6,South,1833.92,2025-03-03,2025-03-03
7459,89,2024-09-05,4,South,1093.53,2024-09-08,2024-09-14
7460,96,2024-06-30,1,South,536.01,2024-07-03,2024-07-03
7461,90,2024-04-15,5,West,137.76,2024-04-18,2024-04-22
7462,86,2024-07-09,10,West,1772.21,2024-07-12,2024-07-12
7463,31,2024-05-16,10,West,968.14,2024-05-19,2024-05-21
7464,10,2024-04-29,10,Midwest,1479.9,2024-05-02,2024-04-30
7465,56,2024-03-12,4,Northeast,49.01,2024-03-15,2024-03-17
7466,76,2024-05-10,5,Midwest,986.52,2024-05-13,2024-05-12
7467,92,2025-04-01,4,Northeast,664.93,2025-04-04,2025-04-08
7468,70,2025-04-23,9,South,80.06,2025-04-26,2025-04-30
7469,20,2024-02-21,3,South,1555.83,2024-02-24,2024-02-26
7470,5,2024-04-28,3,West,1035.55,2024-05-01,2024-05-01
7471,23,2024-09-20,10,West,679.7,2024-09-23,2024-09-26
7472,9,2024-08-26,7,Northeast,1615.48,2024-08-29,2024-09-03
7473,58,2024-12-16,2,Northeast,904.91,2024-12-19,2024-12-20
7474,59,2024-09-11,9,West,26.93,2024-09-14,2024-09-15
7475,93,2024-11-04,8,South,1890.01,2024-11-07,2024-11-05
7476,80,2025-05-09,6,West,526.25,2025-05-12,2025-05-15
7477,54,2024-02-26,9,South,1664.54,2024-02-29,2024-03-05
7478,46,2025-02-06,3,South,1636.5,2025-02-09,2025-02-15
7479,22,2024-03-07,4,Midwest,341.5,2024-03-10,2024-03-13
7480,64,2024-02-15,7,Midwest,958.53,2024-02-18,2024-02-16
7481,8,2025-01-03,1,Northeast,99.59,2025-01-06,2025-01-07
7482,20,2024-08-19,1,South,722.01,2024-08-22,2024-08-28
7483,51,2025-02-05,1,West,1467.34,2025-02-08,2025-02-12
7484,78,2024-01-23,8,South,489.4,2024-01-26,2024-01-25
7485,39,2024-09-23,6,Northeast,251.91,2024-09-26,2024-10-04
7486,37,2024-04-27,3,South,1024.1,2024-04-30,2024-04-29
7487,50,2024-02-24,10,South,1083.23,2024-02-27,2024-02-28
7488,34,2024-06-01,7,Northeast,1358.14,2024-06-04,2024-06-08
7489,75,2024-08-26,6,South,1523.09,2024-08-29,2024-08-31
7490,33,2024-09-21,5,Midwest,1397.7,2024-09-24,2024-09-25
7491,31,2024-09-24,3,Northeast,1693.92,2024-09-27,2024-09-29
7492,54,2024-04-22,4,Midwest,461.35,2024-04-25,2024-04-30
7493,44,2024-06-14,1,Northeast,1148.14,2024-06-17,2024-06-25
7494,34,2024-01-08,9,South,732.99,2024-01-11,2024-01-14
7495,71,2024-08-04,5,Midwest,1924.98,2024-08-07,2024-08-07
7496,62,2025-03-06,2,Midwest,891.75,2025-03-09,2025-03-11
7497,23,2024-10-18,9,West,1920.23,2024-10-21,2024-10-29
7498,46,2024-02-19,7,Midwest,1542.75,2024-02-22,2024-02-26
7499,56,2024-04-16,8,Midwest,1442.56,2024-04-19,2024-04-25
7500,7,2024-01-09,3,South,993.3,2024-01-12,2024-01-16
7501,89,2025-03-31,7,Midwest,897.89,2025-04-03,2025-04-08
7502,61,2024-11-18,1,Midwest,1062.57,2024-11-21,2024-11-23
7503,3,2024-11-04,6,Midwest,601.39,2024-11-07,2024-11-13
7504,38,2024-05-24,10,South,1810.93,2024-05-27,2024-05-25
7505,84,2025-02-15,6,Northeast,1592.77,2025-02-18,2025-02-22
7506,34,2024-04-23,10,South,1606.76,2024-04-26,2024-04-29
7507,44,2025-02-02,6,Midwest,877.64,2025-02-05,2025-02-04
7508,30,2024-10-01,3,Northeast,160.76,2024-10-04,2024-10-07
7509,17,2024-05-03,6,South,1372.49,2024-05-06,2024-05-10
7510,59,2024-03-26,3,South,761.34,2024-03-29,2024-03-27
7511,10,2024-02-16,10,Northeast,1743.45,2024-02-19,2024-02-22
7512,99,2024-07-19,9,West,1565.07,2024-07-22,2024-07-28
7513,84,2024-10-02,7,Midwest,307.75,2024-10-05,2024-10-12
7514,18,2024-05-09,4,West,1211.4,2024-05-12,2024-05-16
7515,45,2025-03-23,3,Midwest,1390.58,2025-03-26,2025-03-28
7516,91,2025-01-23,6,Midwest,1144.91,2025-01-26,2025-01-31
7517,59,2024-09-19,9,West,1037.8,2024-09-22,2024-09-21
7518,62,2024-10-04,3,West,471.17,2024-10-07,2024-10-11
7519,59,2024-02-15,8,Midwest,487.1,2024-02-18,2024-02-20
7520,49,2024-06-16,6,Northeast,1540.66,2024-06-19,2024-06-25
7521,100,2025-03-20,4,Northeast,57.01,2025-03-23,2025-03-24
7522,63,2024-02-15,5,West,1562.24,2024-02-18,2024-02-25
7523,87,2024-03-27,3,West,1063.06,2024-03-30,2024-04-05
7524,32,2025-01-19,2,South,1873.72,2025-01-22,2025-01-25
7525,10,2024-09-21,9,Northeast,1994.7,2024-09-24,2024-09-27
7526,11,2024-01-22,3,Northeast,1333.7,2024-01-25,2024-02-01
7527,70,2025-03-25,6,Midwest,836.27,2025-03-28,2025-04-06
7528,62,2024-08-19,5,South,960.67,2024-08-22,2024-08-23
7529,47,2024-07-04,10,Midwest,424.35,2024-07-07,2024-07-08
7530,34,2024-11-21,8,South,216.48,2024-11-24,2024-11-30
7531,100,2024-07-01,5,Northeast,1165.95,2024-07-04,2024-07-02
7532,17,2025-01-31,8,Midwest,1614.88,2025-02-03,2025-02-01
7533,54,2025-04-25,5,South,538.3,2025-04-28,2025-04-28
7534,76,2025-02-06,10,Midwest,850.91,2025-02-09,2025-02-12
7535,85,2025-04-07,6,South,1118.45,2025-04-10,2025-04-09
7536,40,2025-02-20,5,West,1817.64,2025-02-23,2025-02-21
7537,19,2024-07-20,2,Midwest,294.49,2024-07-23,2024-07-24
7538,67,2024-03-05,10,West,489.03,2024-03-08,2024-03-14
7539,82,2024-01-17,10,South,1838.69,2024-01-20,2024-01-21
7540,53,2024-07-01,6,Midwest,98.28,2024-07-04,2024-07-09
7541,64,2025-01-25,7,South,1319.11,2025-01-28,2025-01-30
7542,83,2024-02-13,3,South,1286.26,2024-02-16,2024-02-23
7543,47,2025-04-26,3,West,778.84,2025-04-29,2025-04-30
7544,6,2024-09-19,7,Midwest,946.97,2024-09-22,2024-09-25
7545,16,2024-06-22,10,Northeast,1712.74,2024-06-25,2024-06-28
7546,72,2025-03-16,4,South,346.66,2025-03-19,2025-03-21
7547,18,2024-08-07,2,West,478.5,2024-08-10,2024-08-15
7548,52,2025-01-28,9,Northeast,1034.45,2025-01-31,2025-02-04
7549,48,2024-07-13,9,West,831.3,2024-07-16,2024-07-19
7550,43,2025-02-12,6,West,1157.26,2025-02-15,2025-02-13
7551,39,2025-04-15,2,West,1843.26,2025-04-18,2025-04-17
7552,49,2024-12-12,3,South,1835.86,2024-12-15,2024-12-14
7553,12,2025-04-06,5,Northeast,475.44,2025-04-09,2025-04-12
7554,10,2024-03-01,5,South,618.25,2024-03-04,2024-03-06
7555,71,2024-06-14,9,South,340.9,2024-06-17,2024-06-17
7556,55,2024-05-30,10,Midwest,1857.02,2024-06-02,2024-06-02
7557,1,2024-04-20,3,Northeast,807.77,2024-04-23,2024-04-27
7558,49,2025-05-02,2,Midwest,910.42,2025-05-05,2025-05-05
7559,36,2024-01-03,10,West,1609.23,2024-01-06,2024-01-04
7560,21,2025-04-27,8,Northeast,1035.69,2025-04-30,2025-05-03
7561,37,2024-01-13,7,Northeast,257.12,2024-01-16,2024-01-17
7562,24,2024-06-10,9,South,886.94,2024-06-13,2024-06-17
7563,55,2024-12-09,3,West,1268.44,2024-12-12,2024-12-12
7564,25,2025-03-24,6,South,1444.03,2025-03-27,2025-03-28
7565,7,2024-11-27,5,Midwest,1297.8,2024-11-30,2024-12-03
7566,81,2024-09-20,5,West,255.98,2024-09-23,2024-09-21
7567,93,2024-03-23,10,South,622.6,2024-03-26,2024-03-26
7568,94,2024-11-29,8,South,1472.46,2024-12-02,2024-12-02
7569,71,2025-01-14,1,South,1762.78,2025-01-17,2025-01-18
7570,97,2024-08-06,1,West,113.43,2024-08-09,2024-08-10
7571,71,2025-03-29,3,Midwest,103.61,2025-04-01,2025-04-03
7572,24,2024-03-29,2,Northeast,1293.94,2024-04-01,2024-04-04
7573,11,2024-11-28,2,South,1105.13,2024-12-01,2024-12-05
7574,73,2024-11-05,2,West,327.57,2024-11-08,2024-11-12
7575,12,2025-02-23,4,Northeast,1105.62,2025-02-26,2025-03-04
7576,35,2024-12-19,1,South,1949.48,2024-12-22,2024-12-27
7577,63,2024-04-09,10,West,1269.18,2024-04-12,2024-04-18
7578,68,2024-05-24,9,Midwest,909.3,2024-05-27,2024-06-02
7579,100,2024-01-10,5,South,1658.51,2024-01-13,2024-01-14
7580,92,2024-02-13,5,West,441.39,2024-02-16,2024-02-17
7581,57,2025-01-20,9,South,840.37,2025-01-23,2025-01-24
7582,13,2025-05-09,5,West,1064.98,2025-05-12,2025-05-18
7583,23,2025-05-07,8,Midwest,1018.99,2025-05-10,2025-05-11
7584,83,2024-06-17,1,Midwest,1843.53,2024-06-20,2024-06-25
7585,39,2024-12-01,1,West,599.48,2024-12-04,2024-12-02
7586,88,2025-05-27,4,Northeast,131.88,2025-05-30,2025-05-28
7587,80,2024-05-09,8,Midwest,1834.43,2024-05-12,2024-05-18
7588,97,2025-05-28,3,South,449.79,2025-05-31,2025-06-04
7589,12,2024-09-06,1,Midwest,770.48,2024-09-09,2024-09-15
7590,34,2024-05-17,9,South,1071.17,2024-05-20,2024-05-18
7591,71,2024-10-01,9,Midwest,1952.24,2024-10-04,2024-10-07
7592,75,2025-04-08,9,Midwest,1079.83,2025-04-11,2025-04-09
7593,31,2024-05-20,9,South,906.53,2024-05-23,2024-05-28
7594,93,2024-09-12,2,Midwest,1175.6,2024-09-15,2024-09-17
7595,62,2025-03-31,4,South,1942.2,2025-04-03,2025-04-05
7596,13,2025-03-09,2,South,1639.53,2025-03-12,2025-03-17
7597,31,2024-06-21,7,Midwest,354.56,2024-06-24,2024-06-26
7598,2,2025-04-17,3,Midwest,1610.45,2025-04-20,2025-04-22
7599,15,2025-02-26,9,South,1685.38,2025-03-01,2025-02-27
7600,57,2025-03-14,7,West,1387.57,2025-03-17,2025-03-23
7601,75,2024-02-26,8,Midwest,1321.32,2024-02-29,2024-03-03
7602,34,2025-05-12,9,Northeast,892.94,2025-05-15,2025-05-19
7603,68,2024-06-17,8,Midwest,1290.56,2024-06-20,2024-06-18
7604,75,2025-03-03,7,West,1480.4,2025-03-06,2025-03-12
7605,29,2025-02-22,9,West,263.18,2025-02-25,2025-02-28
7606,66,2024-12-12,1,Midwest,529.51,2024-12-15,2024-12-22
7607,16,2025-05-31,4,Midwest,404.28,2025-06-03,2025-06-08
7608,39,2025-03-30,4,Northeast,1685.6,2025-04-02,2025-03-31
7609,77,2024-07-20,5,Midwest,1366.41,2024-07-23,2024-07-28
7610,37,2024-06-27,8,West,912.54,2024-06-30,2024-07-05
7611,81,2024-02-26,10,Northeast,1655.59,2024-02-29,2024-03-04
7612,21,2025-05-15,1,Midwest,1439.23,2025-05-18,2025-05-21
7613,44,2024-04-21,6,Northeast,1828.91,2024-04-24,2024-04-26
7614,19,2024-05-27,9,Northeast,172.08,2024-05-30,2024-06-01
7615,71,2025-01-12,10,West,1028.13,2025-01-15,2025-01-21
7616,8,2024-12-13,8,West,1419.36,2024-12-16,2024-12-23
7617,77,2024-12-23,2,South,430.84,2024-12-26,2024-12-28
7618,66,2024-02-25,7,West,667.71,2024-02-28,2024-02-28
7619,41,2024-11-11,5,South,849.57,2024-11-14,2024-11-20
7620,75,2024-07-03,2,West,1592.76,2024-07-06,2024-07-11
7621,88,2024-02-23,1,West,997.28,2024-02-26,2024-02-29
7622,70,2024-02-06,2,South,995.88,2024-02-09,2024-02-08
7623,61,2024-09-26,10,South,873.16,2024-09-29,2024-09-27
7624,26,2025-05-22,6,South,472.61,2025-05-25,2025-05-29
7625,71,2024-08-15,8,Northeast,1847.68,2024-08-18,2024-08-18
7626,83,2025-03-03,3,South,649.25,2025-03-06,2025-03-06
7627,70,2024-01-01,5,Northeast,1143.58,2024-01-04,2024-01-07
7628,29,2024-01-23,2,Northeast,314.58,2024-01-26,2024-01-27
7629,66,2025-05-17,8,South,879.8,2025-05-20,2025-05-21
7630,19,2025-03-23,4,South,1809.53,2025-03-26,2025-03-26
7631,68,2025-05-10,10,South,1991.02,2025-05-13,2025-05-17
7632,58,2025-02-28,6,West,736.27,2025-03-03,2025-03-02
7633,70,2024-01-18,3,West,324.9,2024-01-21,2024-01-19
7634,57,2025-03-20,8,South,642.61,2025-03-23,2025-03-22
7635,37,2024-02-08,8,Midwest,667.94,2024-02-11,2024-02-17
7636,61,2024-07-28,3,South,1296.13,2024-07-31,2024-07-31
7637,92,2024-07-29,9,Midwest,1002.39,2024-08-01,2024-08-04
7638,30,2024-10-07,10,West,1541.55,2024-10-10,2024-10-11
7639,71,2024-05-12,5,West,1408.58,2024-05-15,2024-05-16
7640,73,2025-03-24,10,Midwest,517.59,2025-03-27,2025-04-02
7641,25,2024-09-20,9,West,1572.83,2024-09-23,2024-09-25
7642,97,2024-04-20,7,South,1697.97,2024-04-23,2024-04-30
7643,65,2024-08-25,10,Midwest,1204.81,2024-08-28,2024-09-05
7644,6,2025-04-01,3,Midwest,1856.78,2025-04-04,2025-04-11
7645,18,2025-05-30,6,Northeast,1570.24,2025-06-02,2025-06-02
7646,10,2024-06-21,10,West,1198.88,2024-06-24,2024-06-27
7647,92,2024-07-11,2,Midwest,1814.21,2024-07-14,2024-07-20
7648,11,2025-05-29,6,Midwest,1208.71,2025-06-01,2025-06-05
7649,97,2025-02-12,5,Midwest,1051.96,2025-02-15,2025-02-20
7650,65,2024-03-24,3,West,725.39,2024-03-27,2024-04-02
7651,77,2024-03-20,7,Midwest,1768.07,2024-03-23,2024-03-29
7652,84,2024-07-27,4,Midwest,263.0,2024-07-30,2024-07-29
7653,65,2024-07-17,6,South,957.54,2024-07-20,2024-07-22
7654,52,2024-08-21,9,South,1084.08,2024-08-24,2024-08-24
7655,67,2024-08-31,6,Northeast,1118.4,2024-09-03,2024-09-05
7656,82,2025-01-27,4,Midwest,1310.74,2025-01-30,2025-02-02
7657,78,2025-03-21,10,West,1021.48,2025-03-24,2025-03-26
7658,31,2025-01-27,2,Northeast,528.5,2025-01-30,2025-01-30
7659,91,2024-01-09,9,Northeast,1716.75,2024-01-12,2024-01-10
7660,17,2024-06-01,4,Northeast,1321.9,2024-06-04,2024-06-02
7661,55,2024-04-19,4,Midwest,1719.21,2024-04-22,2024-04-29
7662,93,2024-09-22,2,Northeast,566.57,2024-09-25,2024-10-01
7663,36,2025-01-07,5,West,1281.37,2025-01-10,2025-01-13
7664,26,2024-05-31,6,South,1434.06,2024-06-03,2024-06-01
7665,53,2025-02-18,10,South,779.14,2025-02-21,2025-02-21
7666,17,2024-11-21,6,Midwest,1628.24,2024-11-24,2024-11-28
7667,86,2024-06-24,3,West,24.97,2024-06-27,2024-07-02
7668,25,2024-11-10,9,West,1197.94,2024-11-13,2024-11-14
7669,2,2024-03-07,7,West,1234.87,2024-03-10,2024-03-14
7670,86,2024-07-02,3,Midwest,1077.01,2024-07-05,2024-07-07
7671,5,2024-02-04,4,West,1267.5,2024-02-07,2024-02-12
7672,4,2025-05-19,7,South,351.11,2025-05-22,2025-05-24
7673,36,2024-03-16,8,West,1375.87,2024-03-19,2024-03-21
7674,6,2025-04-16,6,West,684.86,2025-04-19,2025-04-20
7675,21,2024-10-09,4,Midwest,915.07,2024-10-12,2024-10-16
7676,77,2024-09-30,2,Northeast,679.56,2024-10-03,2024-10-06
7677,89,2024-02-23,10,Northeast,958.39,2024-02-26,2024-02-25
7678,26,2024-02-24,8,Midwest,1250.71,2024-02-27,2024-03-01
7679,55,2024-10-03,1,Midwest,1679.92,2024-10-06,2024-10-09
7680,39,2025-03-18,9,Midwest,977.2,2025-03-21,2025-03-26
7681,84,2025-02-21,8,Midwest,659.98,2025-02-24,2025-02-26
7682,33,2024-08-12,3,West,986.12,2024-08-15,2024-08-14
7683,14,2024-09-11,10,West,1383.83,2024-09-14,2024-09-15
7684,56,2024-06-24,4,Northeast,706.47,2024-06-27,2024-07-05
7685,100,2024-05-25,10,Midwest,840.28,2024-05-28,2024-05-29
7686,81,2025-01-19,4,Midwest,1134.42,2025-01-22,2025-01-27
7687,21,2024-09-18,2,West,602.14,2024-09-21,2024-09-19
7688,46,2025-01-05,10,Midwest,433.99,2025-01-08,2025-01-11
7689,16,2024-07-15,5,South,297.98,2024-07-18,2024-07-16
7690,16,2024-10-10,3,West,718.17,2024-10-13,2024-10-15
7691,84,2024-10-28,1,South,115.72,2024-10-31,2024-10-31
7692,29,2024-05-11,2,West,1175.3,2024-05-14,2024-05-13
7693,92,2024-04-29,7,West,368.3,2024-05-02,2024-05-01
7694,8,2024-05-15,1,West,767.24,2024-05-18,2024-05-19
7695,88,2024-02-03,2,Northeast,553.06,2024-02-06,2024-02-04
7696,3,2024-07-26,10,Northeast,1268.17,2024-07-29,2024-07-27
7697,89,2024-10-25,7,West,1703.68,2024-10-28,2024-10-30
7698,19,2024-04-03,1,West,1273.94,2024-04-06,2024-04-04
7699,97,2025-02-17,7,West,1094.16,2025-02-20,2025-02-18
7700,66,2025-01-05,8,West,1344.79,2025-01-08,2025-01-15
7701,79,2025-02-12,2,Midwest,79.38,2025-02-15,2025-02-22
7702,86,2025-01-17,4,Midwest,263.23,2025-01-20,2025-01-20
7703,74,2025-03-16,7,Midwest,207.96,2025-03-19,2025-03-22
7704,82,2025-03-22,1,Northeast,214.43,2025-03-25,2025-03-25
7705,22,2024-03-11,6,South,535.76,2024-03-14,2024-03-14
7706,46,2024-03-24,5,West,1073.46,2024-03-27,2024-03-25
7707,91,2024-07-27,6,Midwest,247.07,2024-07-30,2024-08-06
7708,13,2024-09-15,8,Midwest,1871.53,2024-09-18,2024-09-22
7709,33,2024-08-26,1,Midwest,1711.43,2024-08-29,2024-09-02
7710,5,2024-10-28,3,West,1943.86,2024-10-31,2024-11-04
7711,90,2024-08-19,9,West,104.15,2024-08-22,2024-08-23
7712,77,2024-10-08,8,South,1705.78,2024-10-11,2024-10-12
7713,27,2025-01-28,4,Northeast,1611.39,2025-01-31,2025-02-02
7714,78,2025-02-21,10,South,1806.17,2025-02-24,2025-03-02
7715,24,2024-07-24,9,West,1065.33,2024-07-27,2024-07-29
7716,67,2024-09-20,7,South,1580.02,2024-09-23,2024-10-01
7717,63,2024-11-06,2,Midwest,121.55,2024-11-09,2024-11-09
7718,94,2024-03-19,1,South,170.24,2024-03-22,2024-03-20
7719,99,2024-12-07,1,Midwest,254.69,2024-12-10,2024-12-09
7720,48,2024-04-04,3,South,1831.28,2024-04-07,2024-04-09
7721,63,2024-12-16,10,Midwest,141.12,2024-12-19,2024-12-25
7722,78,2024-03-02,2,South,218.3,2024-03-05,2024-03-06
7723,12,2024-05-21,4,Northeast,1862.21,2024-05-24,2024-05-22
7724,28,2024-04-20,8,South,232.64,2024-04-23,2024-04-25
7725,44,2024-06-05,5,West,1742.12,2024-06-08,2024-06-14
7726,93,2024-01-09,5,West,1582.76,2024-01-12,2024-01-14
7727,43,2024-10-02,6,Midwest,99.76,2024-10-05,2024-10-08
7728,17,2024-08-14,5,West,63.26,2024-08-17,2024-08-19
7729,40,2024-07-04,5,Midwest,1078.09,2024-07-07,2024-07-08
7730,49,2024-08-03,7,Northeast,1994.41,2024-08-06,2024-08-15
7731,85,2025-03-08,6,West,1760.08,2025-03-11,2025-03-17
7732,57,2024-12-21,10,West,633.85,2024-12-24,2025-01-01
7733,87,2025-01-26,2,Midwest,784.89,2025-01-29,2025-02-08
7734,84,2024-10-01,1,Northeast,788.05,2024-10-04,2024-10-10
7735,64,2025-05-08,1,Northeast,1473.67,2025-05-11,2025-05-12
7736,75,2025-03-26,4,South,695.44,2025-03-29,2025-04-03
7737,57,2025-02-23,2,Midwest,312.64,2025-02-26,2025-03-06
7738,98,2024-06-12,6,Midwest,1499.27,2024-06-15,2024-06-19
7739,74,2024-07-01,9,Northeast,926.87,2024-07-04,2024-07-05
7740,74,2024-11-05,10,Midwest,172.02,2024-11-08,2024-11-14
7741,70,2024-01-17,10,West,1584.3,2024-01-20,2024-01-18
7742,100,2025-03-21,8,West,1178.92,2025-03-24,2025-03-26
7743,88,2024-06-18,4,West,988.95,2024-06-21,2024-06-25
7744,76,2024-10-06,2,Midwest,1353.22,2024-10-09,2024-10-11
7745,43,2024-12-05,1,South,1020.63,2024-12-08,2024-12-12
7746,23,2024-01-11,7,South,1303.87,2024-01-14,2024-01-18
7747,27,2024-05-12,10,Northeast,1737.63,2024-05-15,2024-05-19
7748,58,2024-05-27,3,Midwest,1234.76,2024-05-30,2024-05-31
7749,37,2024-03-19,6,Northeast,1326.01,2024-03-22,2024-03-23
7750,6,2024-12-11,5,Midwest,1235.44,2024-12-14,2024-12-16
7751,65,2024-09-05,5,South,1071.74,2024-09-08,2024-09-06
7752,6,2024-01-24,2,West,360.51,2024-01-27,2024-02-02
7753,50,2025-04-15,9,Midwest,684.64,2025-04-18,2025-04-22
7754,22,2024-07-19,4,South,1392.36,2024-07-22,2024-07-25
7755,88,2024-05-10,10,South,862.44,2024-05-13,2024-05-13
7756,25,2024-12-21,1,South,824.14,2024-12-24,2024-12-26
7757,79,2024-05-29,2,West,1523.35,2024-06-01,2024-06-03
7758,90,2024-10-30,9,South,31.03,2024-11-02,2024-11-03
7759,72,2024-02-19,7,Northeast,1364.41,2024-02-22,2024-02-27
7760,51,2025-04-08,10,South,988.67,2025-04-11,2025-04-10
7761,88,2024-08-27,2,South,765.99,2024-08-30,2024-08-29
7762,48,2025-04-26,7,Midwest,694.26,2025-04-29,2025-05-04
7763,70,2025-03-30,4,Midwest,362.29,2025-04-02,2025-04-09
7764,99,2024-10-09,10,Midwest,681.82,2024-10-12,2024-10-15
7765,65,2024-11-30,2,South,795.01,2024-12-03,2024-12-02
7766,60,2024-12-17,4,South,886.15,2024-12-20,2024-12-26
7767,46,2024-11-22,5,Northeast,1351.16,2024-11-25,2024-11-28
7768,36,2024-12-01,4,West,918.07,2024-12-04,2024-12-06
7769,58,2024-03-21,3,South,1596.64,2024-03-24,2024-03-31
7770,76,2024-03-27,6,West,1286.68,2024-03-30,2024-04-04
7771,38,2024-09-14,1,South,395.4,2024-09-17,2024-09-18
7772,11,2024-07-03,8,West,568.8,2024-07-06,2024-07-04
7773,12,2024-05-02,5,Midwest,176.91,2024-05-05,2024-05-06
7774,42,2024-04-05,8,South,1892.53,2024-04-08,2024-04-11
7775,39,2025-05-29,10,Northeast,1775.37,2025-06-01,2025-06-05
7776,71,2025-03-18,4,West,187.9,2025-03-21,2025-03-19
7777,11,2025-05-28,4,Midwest,1156.67,2025-05-31,2025-05-31
7778,36,2025-01-05,5,Northeast,1921.6,2025-01-08,2025-01-06
7779,52,2024-10-31,5,Midwest,1499.34,2024-11-03,2024-11-06
7780,31,2024-12-22,6,South,993.79,2024-12-25,2024-12-23
7781,33,2024-05-27,5,Northeast,497.38,2024-05-30,2024-05-31
7782,13,2024-10-11,5,West,572.49,2024-10-14,2024-10-13
7783,18,2024-09-18,8,West,1477.75,2024-09-21,2024-09-25
7784,41,2025-05-05,6,Northeast,1565.54,2025-05-08,2025-05-11
7785,58,2024-01-31,2,West,1066.81,2024-02-03,2024-02-03
7786,56,2024-09-24,4,Midwest,259.48,2024-09-27,2024-09-29
7787,24,2024-01-12,4,Northeast,1869.06,2024-01-15,2024-01-19
7788,73,2024-07-09,5,West,1692.63,2024-07-12,2024-07-15
7789,31,2025-02-03,6,Midwest,298.27,2025-02-06,2025-02-04
7790,55,2024-03-31,5,West,132.32,2024-04-03,2024-04-12
7791,10,2025-05-15,6,Midwest,1081.02,2025-05-18,2025-05-22
7792,60,2024-10-27,8,South,582.6,2024-10-30,2024-11-04
7793,2,2024-04-20,4,Midwest,580.83,2024-04-23,2024-04-23
7794,15,2024-03-20,3,West,192.7,2024-03-23,2024-03-22
7795,3,2025-03-08,9,Midwest,1907.7,2025-03-11,2025-03-11
7796,43,2025-02-20,3,West,1663.73,2025-02-23,2025-03-03
7797,31,2024-08-01,8,Northeast,245.39,2024-08-04,2024-08-05
7798,70,2025-03-22,10,Northeast,1755.67,2025-03-25,2025-03-27
7799,67,2024-01-18,5,South,1372.25,2024-01-21,2024-01-29
7800,56,2024-02-23,9,Midwest,664.37,2024-02-26,2024-02-27
7801,63,2024-08-27,3,South,1745.08,2024-08-30,2024-09-01
7802,75,2025-02-21,10,Northeast,1204.08,2025-02-24,2025-02-22
7803,15,2025-04-30,10,Midwest,1700.37,2025-05-03,2025-05-11
7804,92,2025-03-19,8,Midwest,949.15,2025-03-22,2025-03-22
7805,10,2024-05-02,7,South,1011.29,2024-05-05,2024-05-06
7806,38,2025-02-23,7,South,596.2,2025-02-26,2025-02-24
7807,47,2024-08-03,10,Midwest,787.63,2024-08-06,2024-08-07
7808,57,2025-02-23,9,Midwest,1144.15,2025-02-26,2025-02-28
7809,50,2024-08-15,8,Midwest,1895.18,2024-08-18,2024-08-19
7810,71,2024-08-24,3,South,1208.23,2024-08-27,2024-08-25
7811,15,2024-11-25,6,West,311.81,2024-11-28,2024-12-02
7812,18,2025-04-13,6,Northeast,33.85,2025-04-16,2025-04-14
7813,82,2025-05-01,5,Northeast,1704.96,2025-05-04,2025-05-02
7814,88,2025-02-18,3,South,741.36,2025-02-21,2025-02-22
7815,2,2024-08-06,9,Midwest,643.63,2024-08-09,2024-08-15
7816,84,2025-01-15,7,Northeast,1605.45,2025-01-18,2025-01-20
7817,98,2024-03-27,4,Northeast,1891.82,2024-03-30,2024-04-02
7818,43,2025-04-05,6,Northeast,1501.13,2025-04-08,2025-04-08
7819,26,2025-02-14,5,Northeast,364.22,2025-02-17,2025-02-17
7820,71,2025-03-22,1,Midwest,794.93,2025-03-25,2025-03-30
7821,38,2024-10-26,2,South,1523.61,2024-10-29,2024-11-04
7822,94,2025-02-11,1,Midwest,1815.71,2025-02-14,2025-02-19
7823,42,2025-01-09,9,Midwest,1997.23,2025-01-12,2025-01-16
7824,5,2024-08-20,9,Northeast,1032.89,2024-08-23,2024-08-26
7825,11,2024-02-18,5,Northeast,1648.6,2024-02-21,2024-02-19
7826,65,2024-07-04,8,Midwest,112.33,2024-07-07,2024-07-07
7827,34,2024-07-23,10,Midwest,585.93,2024-07-26,2024-07-26
7828,1,2024-03-18,4,Midwest,755.6,2024-03-21,2024-03-23
7829,83,2025-04-25,1,West,1951.54,2025-04-28,2025-05-02
7830,2,2025-01-20,4,Northeast,26.72,2025-01-23,2025-01-24
7831,85,2024-07-12,7,South,629.88,2024-07-15,2024-07-13
7832,20,2024-04-12,2,South,1862.22,2024-04-15,2024-04-21
7833,61,2025-01-10,2,South,627.22,2025-01-13,2025-01-12
7834,87,2024-10-13,6,West,465.63,2024-10-16,2024-10-15
7835,21,2025-04-26,9,West,1465.58,2025-04-29,2025-05-03
7836,88,2024-09-06,3,South,1495.77,2024-09-09,2024-09-09
7837,68,2024-07-19,7,South,954.91,2024-07-22,2024-07-24
7838,12,2025-04-05,10,South,1894.9,2025-04-08,2025-04-11
7839,22,2024-10-26,9,Midwest,421.36,2024-10-29,2024-10-31
7840,20,2025-04-22,9,Northeast,1828.56,2025-04-25,2025-04-26
7841,82,2024-03-23,4,West,1515.91,2024-03-26,2024-03-28
7842,1,2025-04-02,2,West,749.05,2025-04-05,2025-04-14
7843,30,2024-10-24,1,Midwest,1617.68,2024-10-27,2024-11-02
7844,97,2024-12-29,6,West,283.74,2025-01-01,2025-01-06
7845,24,2024-02-09,5,South,279.35,2024-02-12,2024-02-15
7846,14,2024-12-05,6,West,1861.28,2024-12-08,2024-12-15
7847,36,2025-05-30,7,Midwest,207.67,2025-06-02,2025-06-07
7848,69,2024-04-17,9,Northeast,28.08,2024-04-20,2024-04-26
7849,75,2024-11-11,10,South,790.28,2024-11-14,2024-11-20
7850,24,2024-04-23,10,West,225.62,2024-04-26,2024-04-30
7851,60,2024-06-15,6,South,1728.81,2024-06-18,2024-06-22
7852,95,2024-09-17,6,Northeast,1846.93,2024-09-20,2024-09-21
7853,55,2024-08-11,3,West,975.2,2024-08-14,2024-08-22
7854,77,2024-09-18,8,South,862.43,2024-09-21,2024-09-23
7855,80,2024-09-07,9,Midwest,1087.3,2024-09-10,2024-09-09
7856,24,2024-05-05,1,Midwest,467.87,2024-05-08,2024-05-11
7857,77,2024-07-24,6,Northeast,609.97,2024-07-27,2024-07-29
7858,24,2024-05-19,7,Northeast,219.93,2024-05-22,2024-05-21
7859,54,2024-03-02,8,Northeast,903.97,2024-03-05,2024-03-04
7860,26,2024-10-09,10,West,1231.15,2024-10-12,2024-10-14
7861,66,2024-02-23,8,Northeast,1861.84,2024-02-26,2024-02-28
7862,80,2024-12-11,7,West,1483.36,2024-12-14,2024-12-12
7863,38,2024-05-15,8,South,1451.67,2024-05-18,2024-05-19
7864,65,2024-11-25,9,Midwest,629.84,2024-11-28,2024-12-03
7865,75,2024-05-23,10,South,1778.82,2024-05-26,2024-05-24
7866,51,2025-03-11,7,Midwest,1894.97,2025-03-14,2025-03-15
7867,35,2024-10-08,3,Northeast,1865.88,2024-10-11,2024-10-13
7868,43,2024-05-15,9,South,96.83,2024-05-18,2024-05-22
7869,29,2025-05-03,1,South,1216.61,2025-05-06,2025-05-07
7870,37,2025-02-04,8,Northeast,1293.59,2025-02-07,2025-02-08
7871,81,2025-03-24,6,South,604.23,2025-03-27,2025-03-31
7872,58,2024-09-26,3,West,1984.98,2024-09-29,2024-10-01
7873,54,2024-01-17,9,Midwest,596.55,2024-01-20,2024-01-27
7874,39,2024-09-25,6,Northeast,448.89,2024-09-28,2024-10-02
7875,42,2025-04-26,7,West,978.61,2025-04-29,2025-05-03
7876,28,2024-08-06,2,West,659.83,2024-08-09,2024-08-11
7877,29,2024-11-14,1,Northeast,1849.58,2024-11-17,2024-11-25
7878,43,2024-08-25,1,South,891.35,2024-08-28,2024-08-28
7879,3,2024-10-11,3,Midwest,832.1,2024-10-14,2024-10-13
7880,10,2024-02-06,3,West,1259.21,2024-02-09,2024-02-11
7881,59,2024-04-12,8,South,180.61,2024-04-15,2024-04-16
7882,14,2025-03-05,7,Northeast,1518.33,2025-03-08,2025-03-10
7883,76,2024-08-26,10,Northeast,1541.43,2024-08-29,2024-09-06
7884,47,2024-05-04,8,Midwest,958.57,2024-05-07,2024-05-07
7885,42,2024-07-06,1,Northeast,1912.28,2024-07-09,2024-07-11
7886,94,2024-09-12,4,Midwest,1167.09,2024-09-15,2024-09-13
7887,32,2025-01-26,8,Northeast,1396.57,2025-01-29,2025-02-06
7888,32,2025-04-12,10,Northeast,1850.2,2025-04-15,2025-04-13
7889,42,2024-09-09,2,West,1339.36,2024-09-12,2024-09-14
7890,32,2024-06-24,7,South,875.02,2024-06-27,2024-06-25
7891,26,2025-04-10,8,West,69.05,2025-04-13,2025-04-11
7892,1,2024-10-15,9,Midwest,1462.03,2024-10-18,2024-10-17
7893,56,2024-02-19,7,West,1930.43,2024-02-22,2024-02-21
7894,2,2024-01-04,9,Northeast,951.07,2024-01-07,2024-01-10
7895,81,2025-05-14,2,Northeast,692.74,2025-05-17,2025-05-15
7896,30,2024-08-10,1,South,1048.13,2024-08-13,2024-08-18
7897,71,2024-09-18,1,Midwest,1462.31,2024-09-21,2024-09-27
7898,52,2025-01-10,4,Northeast,21.37,2025-01-13,2025-01-20
7899,91,2024-03-01,1,South,1776.68,2024-03-04,2024-03-02
7900,9,2024-12-21,7,South,1775.0,2024-12-24,2024-12-24
7901,22,2024-01-24,8,Northeast,1091.77,2024-01-27,2024-01-28
7902,34,2024-10-19,3,Northeast,262.31,2024-10-22,2024-10-22
7903,49,2024-12-21,1,Midwest,1350.18,2024-12-24,2024-12-28
7904,1,2024-01-29,3,South,292.93,2024-02-01,2024-02-04
7905,73,2024-12-22,2,South,1024.94,2024-12-25,2024-12-24
7906,84,2024-12-30,6,South,205.39,2025-01-02,2025-01-03
7907,53,2025-02-12,7,Midwest,1186.35,2025-02-15,2025-02-17
7908,83,2024-09-22,9,South,649.78,2024-09-25,2024-09-26
7909,100,2024-10-17,5,West,1665.36,2024-10-20,2024-10-20
7910,40,2024-06-01,4,West,1603.89,2024-06-04,2024-06-03
7911,45,2024-08-06,1,South,1996.98,2024-08-09,2024-08-13
7912,68,2024-06-21,6,West,529.86,2024-06-24,2024-06-22
7913,9,2024-01-12,8,West,142.37,2024-01-15,2024-01-19
7914,22,2025-05-30,4,Midwest,897.15,2025-06-02,2025-06-05
7915,18,2024-12-27,1,South,185.14,2024-12-30,2024-12-29
7916,76,2025-04-21,5,Midwest,373.43,2025-04-24,2025-04-28
7917,43,2024-03-22,10,South,1202.65,2024-03-25,2024-03-25
7918,39,2024-12-05,5,Northeast,1192.42,2024-12-08,2024-12-12
7919,73,2025-03-16,2,West,105.79,2025-03-19,2025-03-19
7920,6,2024-08-13,6,Midwest,896.95,2024-08-16,2024-08-18
7921,83,2025-01-05,10,Midwest,1069.83,2025-01-08,2025-01-10
7922,48,2024-01-28,9,Northeast,550.69,2024-01-31,2024-01-31
7923,7,2024-01-16,6,Northeast,1746.65,2024-01-19,2024-01-20
7924,80,2024-10-03,8,West,338.98,2024-10-06,2024-10-06
7925,69,2024-11-28,10,West,522.73,2024-12-01,2024-12-07
7926,16,2025-04-27,3,South,330.85,2025-04-30,2025-04-30
7927,1,2024-10-14,10,South,250.76,2024-10-17,2024-10-19
7928,37,2024-04-23,2,Northeast,1760.38,2024-04-26,2024-04-24
7929,83,2024-02-07,4,West,570.16,2024-02-10,2024-02-10
7930,37,2025-03-29,9,West,1450.6,2025-04-01,2025-04-05
7931,81,2024-06-14,9,Northeast,867.41,2024-06-17,2024-06-20
7932,64,2024-07-23,3,Northeast,1279.03,2024-07-26,2024-07-29
7933,90,2024-09-01,1,Midwest,1857.79,2024-09-04,2024-09-06
7934,86,2024-11-28,1,Northeast,1692.32,2024-12-01,2024-12-04
7935,62,2025-01-30,4,Midwest,156.59,2025-02-02,2025-02-08
7936,72,2025-05-21,4,South,1693.5,2025-05-24,2025-05-23
7937,61,2024-04-30,10,Northeast,914.61,2024-05-03,2024-05-09
7938,33,2024-09-15,6,Northeast,713.29,2024-09-18,2024-09-17
7939,66,2025-02-13,5,Northeast,1351.33,2025-02-16,2025-02-19
7940,30,2024-11-05,6,Midwest,1901.41,2024-11-08,2024-11-07
7941,20,2024-03-08,10,Northeast,206.39,2024-03-11,2024-03-16
7942,60,2024-04-23,7,Northeast,1540.79,2024-04-26,2024-04-24
7943,82,2024-08-07,7,West,422.95,2024-08-10,2024-08-09
7944,74,2024-08-07,10,West,772.67,2024-08-10,2024-08-12
7945,24,2025-04-17,10,West,1750.17,2025-04-20,2025-04-20
7946,4,2025-01-20,9,Northeast,1100.68,2025-01-23,2025-01-23
7947,37,2024-10-24,6,West,153.56,2024-10-27,2024-10-29
7948,4,2024-09-09,8,South,1025.94,2024-09-12,2024-09-10
7949,77,2025-02-08,2,West,1583.49,2025-02-11,2025-02-13
7950,89,2025-05-06,8,Northeast,1067.18,2025-05-09,2025-05-12
7951,77,2024-12-22,9,West,350.44,2024-12-25,2024-12-23
7952,18,2025-03-03,4,West,901.18,2025-03-06,2025-03-09
7953,88,2024-08-02,5,West,1850.2,2024-08-05,2024-08-08
7954,66,2025-01-14,5,South,1323.24,2025-01-17,2025-01-20
7955,48,2024-08-01,2,South,1465.18,2024-08-04,2024-08-06
7956,33,2024-04-07,5,Midwest,1576.15,2024-04-10,2024-04-13
7957,58,2024-11-23,9,Northeast,199.57,2024-11-26,2024-11-29
7958,83,2024-06-13,4,South,1171.44,2024-06-16,2024-06-19
7959,73,2024-04-25,10,South,764.31,2024-04-28,2024-05-01
7960,28,2024-05-29,3,South,295.54,2024-06-01,2024-06-08
7961,35,2025-06-01,7,Northeast,421.36,2025-06-04,2025-06-10
7962,10,2024-02-01,8,Midwest,1566.7,2024-02-04,2024-02-06
7963,65,2024-10-19,10,Northeast,339.75,2024-10-22,2024-10-22
7964,42,2024-06-25,6,West,638.59,2024-06-28,2024-07-04
7965,85,2024-03-01,6,Midwest,584.05,2024-03-04,2024-03-13
7966,9,2025-02-19,5,West,116.29,2025-02-22,2025-02-24
7967,60,2025-01-17,6,South,935.07,2025-01-20,2025-01-23
7968,15,2024-01-07,9,Northeast,1536.54,2024-01-10,2024-01-11
7969,99,2024-03-25,2,West,63.86,2024-03-28,2024-04-01
7970,57,2025-02-01,10,Midwest,242.85,2025-02-04,2025-02-02
7971,69,2025-01-27,3,West,1445.97,2025-01-30,2025-01-30
7972,22,2024-02-16,1,West,1195.29,2024-02-19,2024-02-23
7973,64,2024-12-06,4,South,1436.19,2024-12-09,2024-12-08
7974,41,2025-05-12,2,West,475.61,2025-05-15,2025-05-19
7975,87,2025-04-22,6,West,1611.46,2025-04-25,2025-04-29
7976,71,2025-03-01,1,South,970.14,2025-03-04,2025-03-08
7977,56,2025-03-01,8,Midwest,1228.4,2025-03-04,2025-03-04
7978,23,2025-05-29,10,South,202.46,2025-06-01,2025-06-05
7979,25,2024-05-08,6,West,425.96,2024-05-11,2024-05-19
7980,91,2024-09-05,9,Northeast,1551.25,2024-09-08,2024-09-09
7981,6,2024-05-10,6,South,463.34,2024-05-13,2024-05-13
7982,34,2024-11-18,10,South,203.21,2024-11-21,2024-11-22
7983,63,2024-03-06,7,West,1202.46,2024-03-09,2024-03-12
7984,9,2024-04-10,5,Northeast,1104.91,2024-04-13,2024-04-12
7985,60,2024-01-31,8,Midwest,1223.63,2024-02-03,2024-02-04
7986,49,2024-07-09,8,Northeast,1244.24,2024-07-12,2024-07-18
7987,97,2025-02-18,10,South,1010.39,2025-02-21,2025-02-26
7988,51,2025-05-14,9,Northeast,997.67,2025-05-17,2025-05-16
7989,60,2024-02-15,6,Midwest,1849.85,2024-02-18,2024-02-26
7990,70,2024-03-29,1,Northeast,1077.09,2024-04-01,2024-04-02
7991,37,2025-01-09,9,Northeast,1242.25,2025-01-12,2025-01-15
7992,31,2024-09-02,3,Northeast,548.6,2024-09-05,2024-09-07
7993,98,2024-09-13,9,South,1744.76,2024-09-16,2024-09-21
7994,41,2024-12-17,7,West,68.25,2024-12-20,2024-12-19
7995,62,2024-04-14,3,West,1123.31,2024-04-17,2024-04-17
7996,93,2024-12-02,9,Northeast,780.02,2024-12-05,2024-12-04
7997,58,2024-10-27,7,South,1215.73,2024-10-30,2024-10-29
7998,14,2024-03-17,7,South,733.14,2024-03-20,2024-03-20
7999,36,2025-05-25,7,South,1441.02,2025-05-28,2025-05-27
8000,36,2024-08-17,2,West,60.26,2024-08-20,2024-08-24
8001,79,2024-02-01,4,South,823.66,2024-02-04,2024-02-05
8002,8,2024-02-27,10,Northeast,1665.9,2024-03-01,2024-03-02
8003,26,2024-04-13,8,West,515.4,2024-04-16,2024-04-14
8004,36,2024-11-07,2,South,124.45,2024-11-10,2024-11-15
8005,48,2024-03-07,4,Northeast,1003.12,2024-03-10,2024-03-08
8006,85,2025-01-08,10,West,1953.54,2025-01-11,2025-01-13
8007,28,2024-08-22,8,South,147.03,2024-08-25,2024-08-31
8008,68,2024-04-21,3,Midwest,158.71,2024-04-24,2024-05-01
8009,62,2025-01-23,6,Northeast,1198.33,2025-01-26,2025-01-24
8010,80,2025-02-11,2,Midwest,515.13,2025-02-14,2025-02-15
8011,86,2024-02-23,8,West,832.26,2024-02-26,2024-03-01
8012,76,2024-08-26,8,South,1664.4,2024-08-29,2024-08-30
8013,80,2024-10-21,1,Northeast,413.72,2024-10-24,2024-10-29
8014,51,2024-04-21,3,Northeast,1444.21,2024-04-24,2024-04-22
8015,42,2024-03-28,2,Northeast,1018.88,2024-03-31,2024-04-02
8016,29,2025-04-20,7,Midwest,1811.82,2025-04-23,2025-04-26
8017,82,2024-10-30,7,South,1946.46,2024-11-02,2024-11-01
8018,10,2024-10-31,4,South,980.22,2024-11-03,2024-11-07
8019,39,2024-10-16,8,South,1177.6,2024-10-19,2024-10-18
8020,82,2024-07-26,3,Midwest,1496.77,2024-07-29,2024-08-05
8021,1,2025-01-04,9,West,650.97,2025-01-07,2025-01-08
8022,39,2024-08-07,5,Midwest,468.95,2024-08-10,2024-08-12
8023,21,2024-08-18,2,West,1930.08,2024-08-21,2024-08-20
8024,65,2024-12-14,9,Midwest,876.58,2024-12-17,2024-12-18
8025,15,2024-09-11,1,South,23.15,2024-09-14,2024-09-14
8026,4,2025-03-27,8,South,1678.68,2025-03-30,2025-04-02
8027,60,2024-05-21,6,South,1207.34,2024-05-24,2024-05-27
8028,61,2024-03-09,1,Midwest,353.75,2024-03-12,2024-03-14
8029,20,2024-03-29,4,Northeast,79.68,2024-04-01,2024-04-04
8030,10,2024-05-15,3,Midwest,597.14,2024-05-18,2024-05-17
8031,87,2025-03-17,7,West,1857.22,2025-03-20,2025-03-19
8032,34,2024-02-07,7,Midwest,1868.31,2024-02-10,2024-02-16
8033,48,2024-07-26,6,West,635.79,2024-07-29,2024-07-29
8034,33,2024-07-28,10,Midwest,1675.14,2024-07-31,2024-08-03
8035,98,2025-05-27,10,Northeast,894.85,2025-05-30,2025-05-28
8036,61,2024-12-25,8,Northeast,1315.6,2024-12-28,2024-12-31
8037,10,2024-01-01,7,South,682.2,2024-01-04,2024-01-09
8038,54,2025-01-15,4,Northeast,1041.63,2025-01-18,2025-01-20
8039,84,2025-01-28,7,Midwest,601.68,2025-01-31,2025-02-03
8040,65,2024-02-19,1,Northeast,141.01,2024-02-22,2024-02-29
8041,77,2025-01-30,3,South,295.97,2025-02-02,2025-02-05
8042,1,2024-02-01,2,Midwest,595.54,2024-02-04,2024-02-04
8043,5,2024-08-21,7,West,1952.98,2024-08-24,2024-08-25
8044,80,2024-01-26,9,Midwest,1932.03,2024-01-29,2024-01-29
8045,15,2025-03-09,5,South,1658.77,2025-03-12,2025-03-17
8046,28,2024-03-01,9,Northeast,480.36,2024-03-04,2024-03-10
8047,95,2025-03-16,8,Northeast,894.37,2025-03-19,2025-03-24
8048,23,2024-05-09,1,Midwest,890.77,2024-05-12,2024-05-12
8049,17,2024-12-19,2,West,786.21,2024-12-22,2024-12-24
8050,98,2024-07-16,6,West,108.86,2024-07-19,2024-07-23
8051,13,2025-01-05,5,West,1078.36,2025-01-08,2025-01-06
8052,14,2024-05-26,7,West,164.17,2024-05-29,2024-06-03
8053,11,2025-05-12,9,Midwest,1607.8,2025-05-15,2025-05-20
8054,28,2024-02-17,4,Northeast,1388.79,2024-02-20,2024-02-24
8055,42,2024-06-20,8,West,718.42,2024-06-23,2024-06-27
8056,96,2024-11-10,4,Midwest,1301.33,2024-11-13,2024-11-15
8057,99,2025-01-10,3,Midwest,481.41,2025-01-13,2025-01-12
8058,61,2025-02-23,2,Midwest,545.2,2025-02-26,2025-03-04
8059,64,2025-01-30,8,West,641.98,2025-02-02,2025-02-04
8060,31,2024-07-05,8,West,1598.08,2024-07-08,2024-07-08
8061,81,2024-02-02,3,Midwest,437.17,2024-02-05,2024-02-07
8062,73,2024-03-09,1,Midwest,1134.31,2024-03-12,2024-03-14
8063,10,2024-07-09,6,Midwest,416.92,2024-07-12,2024-07-13
8064,8,2024-04-10,5,Northeast,584.37,2024-04-13,2024-04-17
8065,21,2025-04-29,8,Northeast,486.25,2025-05-02,2025-05-10
8066,77,2024-10-11,6,South,1297.11,2024-10-14,2024-10-12
8067,59,2025-01-24,4,South,1062.92,2025-01-27,2025-01-25
8068,50,2024-06-08,10,West,1448.17,2024-06-11,2024-06-17
8069,69,2024-02-16,10,Northeast,455.49,2024-02-19,2024-02-23
8070,70,2024-06-07,2,South,38.11,2024-06-10,2024-06-17
8071,30,2025-03-21,8,Midwest,1367.41,2025-03-24,2025-04-01
8072,95,2024-06-03,5,Midwest,247.41,2024-06-06,2024-06-10
8073,17,2024-12-04,8,West,507.68,2024-12-07,2024-12-06
8074,75,2024-12-30,5,West,625.26,2025-01-02,2025-01-05
8075,20,2024-05-27,6,South,1498.67,2024-05-30,2024-05-31
8076,48,2024-05-23,10,Midwest,1259.27,2024-05-26,2024-05-30
8077,73,2024-04-12,5,West,384.85,2024-04-15,2024-04-15
8078,2,2024-04-02,3,West,1203.82,2024-04-05,2024-04-09
8079,37,2024-10-12,10,Northeast,1422.13,2024-10-15,2024-10-19
8080,1,2025-02-27,8,South,790.02,2025-03-02,2025-03-05
8081,4,2024-04-28,3,West,506.99,2024-05-01,2024-05-04
8082,100,2024-01-29,4,South,1364.39,2024-02-01,2024-02-05
8083,54,2025-05-25,6,Midwest,1229.56,2025-05-28,2025-05-28
8084,25,2024-01-30,2,South,174.27,2024-02-02,2024-02-05
8085,3,2024-12-31,7,West,1340.03,2025-01-03,2025-01-05
8086,9,2024-05-17,5,Northeast,987.27,2024-05-20,2024-05-25
8087,86,2025-04-19,10,South,1511.67,2025-04-22,2025-04-26
8088,87,2025-01-26,5,South,397.62,2025-01-29,2025-01-29
8089,76,2025-03-10,5,Midwest,531.27,2025-03-13,2025-03-17
8090,74,2024-08-21,2,Northeast,1095.76,2024-08-24,2024-08-30
8091,34,2024-02-24,10,South,973.83,2024-02-27,2024-03-01
8092,43,2024-10-18,9,Northeast,785.0,2024-10-21,2024-10-22
8093,74,2024-11-07,3,West,1497.15,2024-11-10,2024-11-09
8094,94,2024-03-29,7,Northeast,1138.21,2024-04-01,2024-03-30
8095,22,2024-07-30,5,West,1426.34,2024-08-02,2024-08-07
8096,70,2024-11-13,10,Midwest,323.44,2024-11-16,2024-11-14
8097,2,2025-04-09,10,Midwest,1463.4,2025-04-12,2025-04-11
8098,94,2024-03-27,5,Midwest,933.83,2024-03-30,2024-04-01
8099,66,2025-02-12,4,West,86.86,2025-02-15,2025-02-18
8100,32,2024-08-27,10,South,484.29,2024-08-30,2024-09-05
8101,16,2024-02-26,6,West,71.0,2024-02-29,2024-03-03
8102,76,2024-04-22,7,Northeast,924.61,2024-04-25,2024-04-26
8103,1,2024-03-10,7,Northeast,665.24,2024-03-13,2024-03-14
8104,72,2024-07-02,8,West,1975.15,2024-07-05,2024-07-03
8105,48,2024-10-02,5,Midwest,1739.64,2024-10-05,2024-10-11
8106,50,2024-08-20,7,Midwest,1654.83,2024-08-23,2024-08-28
8107,13,2024-02-23,4,Northeast,1012.21,2024-02-26,2024-02-29
8108,15,2024-09-13,9,Northeast,1618.03,2024-09-16,2024-09-22
8109,53,2024-03-30,5,South,548.4,2024-04-02,2024-04-07
8110,44,2025-03-10,3,South,1130.09,2025-03-13,2025-03-17
8111,8,2025-02-11,5,South,797.98,2025-02-14,2025-02-16
8112,74,2024-09-25,9,Northeast,359.26,2024-09-28,2024-09-30
8113,46,2024-12-31,8,South,163.77,2025-01-03,2025-01-01
8114,69,2024-12-16,1,Northeast,1125.27,2024-12-19,2024-12-24
8115,19,2024-10-25,5,Northeast,213.33,2024-10-28,2024-10-29
8116,38,2024-06-07,6,West,1441.65,2024-06-10,2024-06-15
8117,11,2025-05-01,10,South,1844.51,2025-05-04,2025-05-08
8118,43,2024-12-20,2,West,340.97,2024-12-23,2024-12-25
8119,20,2025-02-04,6,West,952.46,2025-02-07,2025-02-12
8120,20,2025-02-08,9,South,1482.77,2025-02-11,2025-02-11
8121,21,2024-04-05,4,Northeast,587.94,2024-04-08,2024-04-06
8122,82,2025-01-26,3,Northeast,1843.11,2025-01-29,2025-01-31
8123,57,2024-12-17,9,Northeast,1779.16,2024-12-20,2024-12-23
8124,50,2024-10-14,2,South,225.43,2024-10-17,2024-10-22
8125,74,2024-06-10,9,Northeast,74.25,2024-06-13,2024-06-15
8126,98,2024-06-30,10,West,1953.39,2024-07-03,2024-07-02
8127,26,2024-03-22,2,Midwest,1913.82,2024-03-25,2024-03-31
8128,30,2024-01-04,10,South,856.13,2024-01-07,2024-01-08
8129,73,2025-05-09,3,Midwest,120.12,2025-05-12,2025-05-15
8130,31,2024-02-20,7,West,1245.37,2024-02-23,2024-02-27
8131,42,2024-09-17,2,Midwest,600.95,2024-09-20,2024-09-22
8132,68,2024-05-13,1,West,1874.71,2024-05-16,2024-05-14
8133,61,2024-12-27,9,Midwest,1593.43,2024-12-30,2024-12-30
8134,61,2024-08-04,6,Midwest,1306.2,2024-08-07,2024-08-10
8135,70,2024-03-08,9,Northeast,583.32,2024-03-11,2024-03-18
8136,78,2024-05-22,3,Midwest,1408.51,2024-05-25,2024-05-29
8137,68,2024-12-11,3,West,592.55,2024-12-14,2024-12-17
8138,90,2024-07-12,10,West,94.51,2024-07-15,2024-07-13
8139,17,2024-09-02,3,West,1026.7,2024-09-05,2024-09-10
8140,19,2024-11-09,2,South,987.6,2024-11-12,2024-11-17
8141,51,2025-01-18,6,West,1530.75,2025-01-21,2025-01-25
8142,70,2024-10-03,3,South,1734.03,2024-10-06,2024-10-09
8143,63,2024-03-12,5,West,721.85,2024-03-15,2024-03-19
8144,93,2024-05-08,5,South,909.96,2024-05-11,2024-05-17
8145,75,2024-12-23,10,Midwest,951.39,2024-12-26,2024-12-28
8146,80,2024-08-07,3,Midwest,661.96,2024-08-10,2024-08-13
8147,30,2024-01-06,3,West,1491.91,2024-01-09,2024-01-10
8148,25,2024-08-15,1,South,1053.76,2024-08-18,2024-08-20
8149,75,2024-01-17,6,Northeast,1829.63,2024-01-20,2024-01-22
8150,71,2024-01-12,3,Northeast,1307.62,2024-01-15,2024-01-19
8151,26,2025-05-13,1,Northeast,439.56,2025-05-16,2025-05-17
8152,56,2025-05-16,10,Midwest,346.32,2025-05-19,2025-05-21
8153,22,2024-03-10,9,Midwest,757.32,2024-03-13,2024-03-16
8154,89,2024-04-17,1,South,706.91,2024-04-20,2024-04-22
8155,19,2024-07-19,5,West,826.12,2024-07-22,2024-07-24
8156,31,2024-02-21,5,Midwest,383.51,2024-02-24,2024-02-22
8157,26,2024-09-15,2,West,1956.88,2024-09-18,2024-09-22
8158,42,2025-04-26,1,Northeast,308.51,2025-04-29,2025-04-29
8159,41,2024-09-20,6,Northeast,1312.24,2024-09-23,2024-09-21
8160,100,2024-10-29,7,West,45.88,2024-11-01,2024-11-04
8161,23,2024-05-04,9,South,825.78,2024-05-07,2024-05-10
8162,47,2024-09-26,8,Northeast,632.18,2024-09-29,2024-10-02
8163,13,2025-04-24,10,South,776.41,2025-04-27,2025-04-30
8164,89,2024-05-11,3,Northeast,1006.19,2024-05-14,2024-05-17
8165,66,2024-01-02,9,Midwest,1208.74,2024-01-05,2024-01-11
8166,66,2024-04-24,1,Northeast,1175.35,2024-04-27,2024-05-02
8167,16,2025-04-25,6,South,1268.81,2025-04-28,2025-05-03
8168,73,2024-01-01,10,Midwest,1692.2,2024-01-04,2024-01-08
8169,28,2024-11-26,2,Northeast,1775.7,2024-11-29,2024-12-04
8170,77,2025-01-25,10,Midwest,1479.76,2025-01-28,2025-01-29
8171,35,2024-05-22,9,Midwest,176.31,2024-05-25,2024-05-29
8172,41,2024-11-23,9,Northeast,1923.36,2024-11-26,2024-12-01
8173,77,2025-01-11,8,West,1895.85,2025-01-14,2025-01-15
8174,31,2024-03-30,7,West,1429.17,2024-04-02,2024-04-08
8175,85,2024-02-11,6,South,1044.53,2024-02-14,2024-02-15
8176,32,2024-02-04,2,South,516.22,2024-02-07,2024-02-10
8177,54,2025-05-08,4,Northeast,1517.58,2025-05-11,2025-05-10
8178,98,2024-05-03,10,Midwest,1758.16,2024-05-06,2024-05-10
8179,72,2024-02-26,7,Midwest,1337.07,2024-02-29,2024-03-06
8180,59,2025-03-31,6,West,1265.56,2025-04-03,2025-04-05
8181,41,2024-08-22,9,West,402.15,2024-08-25,2024-08-23
8182,66,2025-01-26,5,Midwest,728.44,2025-01-29,2025-01-31
8183,96,2025-05-06,6,Midwest,1451.81,2025-05-09,2025-05-08
8184,54,2024-12-08,10,South,53.46,2024-12-11,2024-12-13
8185,40,2024-06-24,6,Midwest,1289.7,2024-06-27,2024-07-02
8186,28,2024-02-21,8,Midwest,1538.01,2024-02-24,2024-02-27
8187,37,2025-04-22,8,Northeast,682.71,2025-04-25,2025-04-23
8188,65,2025-05-03,6,Midwest,170.81,2025-05-06,2025-05-07
8189,74,2024-01-05,8,West,1641.86,2024-01-08,2024-01-11
8190,55,2024-07-27,7,West,300.84,2024-07-30,2024-08-05
8191,4,2024-08-04,1,South,754.19,2024-08-07,2024-08-09
8192,99,2024-12-07,5,South,1420.36,2024-12-10,2024-12-13
8193,10,2025-02-04,10,Northeast,1637.63,2025-02-07,2025-02-10
8194,47,2025-04-06,10,South,1727.52,2025-04-09,2025-04-09
8195,75,2024-07-29,10,Midwest,1070.23,2024-08-01,2024-08-02
8196,14,2024-01-26,5,Midwest,962.23,2024-01-29,2024-01-30
8197,38,2024-09-08,10,Northeast,1699.67,2024-09-11,2024-09-17
8198,12,2024-01-03,9,West,1134.89,2024-01-06,2024-01-06
8199,45,2024-01-02,7,Midwest,1165.73,2024-01-05,2024-01-06
8200,17,2024-01-02,7,Midwest,879.27,2024-01-05,2024-01-05
8201,80,2024-05-29,10,Northeast,758.17,2024-06-01,2024-06-07
8202,35,2024-01-04,2,West,971.47,2024-01-07,2024-01-10
8203,66,2025-05-11,8,South,742.4,2025-05-14,2025-05-20
8204,75,2025-04-12,3,Midwest,700.22,2025-04-15,2025-04-13
8205,41,2024-03-10,9,West,1987.46,2024-03-13,2024-03-18
8206,67,2024-07-19,6,Northeast,685.7,2024-07-22,2024-07-21
8207,29,2024-11-03,9,Northeast,527.64,2024-11-06,2024-11-06
8208,18,2024-09-08,9,West,720.77,2024-09-11,2024-09-12
8209,20,2024-10-13,7,Northeast,1189.75,2024-10-16,2024-10-18
8210,14,2024-10-18,10,South,1823.76,2024-10-21,2024-10-23
8211,34,2024-06-02,8,West,1579.97,2024-06-05,2024-06-05
8212,49,2024-05-12,2,South,1687.64,2024-05-15,2024-05-17
8213,54,2024-09-30,5,Northeast,1720.84,2024-10-03,2024-10-05
8214,31,2025-05-23,3,South,1842.65,2025-05-26,2025-05-24
8215,58,2024-12-18,1,South,485.44,2024-12-21,2024-12-24
8216,42,2024-01-05,6,South,927.56,2024-01-08,2024-01-10
8217,58,2024-10-19,9,South,782.69,2024-10-22,2024-10-25
8218,82,2024-12-25,2,West,776.12,2024-12-28,2024-12-29
8219,30,2024-08-01,9,Northeast,1311.52,2024-08-04,2024-08-06
8220,25,2025-02-09,8,Northeast,815.57,2025-02-12,2025-02-10
8221,63,2025-03-11,9,Midwest,1240.33,2025-03-14,2025-03-14
8222,19,2024-01-15,5,South,776.91,2024-01-18,2024-01-19
8223,72,2024-09-29,2,South,636.03,2024-10-02,2024-10-04
8224,92,2024-02-14,10,Midwest,719.09,2024-02-17,2024-02-19
8225,8,2025-02-15,10,Midwest,1611.44,2025-02-18,2025-02-23
8226,95,2024-07-05,6,South,1210.08,2024-07-08,2024-07-07
8227,3,2024-06-18,7,Northeast,1948.52,2024-06-21,2024-06-25
8228,67,2025-02-04,3,Midwest,1668.66,2025-02-07,2025-02-15
8229,86,2024-09-02,6,South,981.85,2024-09-05,2024-09-06
8230,81,2024-02-12,6,Northeast,499.91,2024-02-15,2024-02-19
8231,100,2024-06-27,8,West,1354.34,2024-06-30,2024-07-06
8232,17,2025-04-01,1,Midwest,1458.76,2025-04-04,2025-04-10
8233,14,2024-08-31,4,Midwest,939.07,2024-09-03,2024-09-04
8234,9,2024-01-17,1,Northeast,475.25,2024-01-20,2024-01-25
8235,62,2024-04-21,8,West,1123.33,2024-04-24,2024-04-29
8236,94,2024-01-30,2,Northeast,522.58,2024-02-02,2024-02-08
8237,21,2024-07-10,8,Midwest,1881.2,2024-07-13,2024-07-17
8238,76,2025-03-12,3,West,1265.19,2025-03-15,2025-03-21
8239,37,2024-06-27,8,South,598.02,2024-06-30,2024-07-01
8240,96,2025-04-18,6,Midwest,447.15,2025-04-21,2025-04-22
8241,11,2024-05-13,1,Northeast,1439.11,2024-05-16,2024-05-14
8242,20,2024-11-07,7,Northeast,1421.43,2024-11-10,2024-11-11
8243,35,2024-01-25,7,Northeast,1202.32,2024-01-28,2024-01-29
8244,53,2025-01-05,6,Northeast,1236.32,2025-01-08,2025-01-06
8245,47,2024-11-14,1,Northeast,1215.66,2024-11-17,2024-11-19
8246,75,2024-08-17,5,Midwest,733.0,2024-08-20,2024-08-25
8247,52,2024-04-11,1,West,1876.08,2024-04-14,2024-04-13
8248,8,2025-03-25,1,Northeast,968.97,2025-03-28,2025-04-05
8249,4,2025-01-12,6,Northeast,60.25,2025-01-15,2025-01-18
8250,27,2024-07-21,8,South,709.76,2024-07-24,2024-07-29
8251,44,2024-09-23,1,South,277.96,2024-09-26,2024-09-28
8252,40,2025-04-06,2,West,739.5,2025-04-09,2025-04-08
8253,47,2024-12-30,5,Midwest,1224.36,2025-01-02,2025-01-06
8254,94,2024-04-13,8,Midwest,64.88,2024-04-16,2024-04-20
8255,44,2024-04-20,4,West,1743.0,2024-04-23,2024-04-24
8256,48,2025-03-03,5,West,1228.41,2025-03-06,2025-03-09
8257,91,2025-04-13,10,West,604.84,2025-04-16,2025-04-18
8258,85,2024-09-06,5,Northeast,636.19,2024-09-09,2024-09-09
8259,52,2025-04-26,3,Midwest,942.02,2025-04-29,2025-05-02
8260,84,2024-11-26,6,West,511.22,2024-11-29,2024-11-29
8261,68,2024-07-19,5,South,28.6,2024-07-22,2024-07-26
8262,11,2025-03-29,2,Northeast,72.58,2025-04-01,2025-04-10
8263,77,2025-05-18,10,Northeast,728.33,2025-05-21,2025-05-26
8264,73,2024-04-20,4,Northeast,265.96,2024-04-23,2024-04-24
8265,4,2024-07-27,4,Northeast,64.28,2024-07-30,2024-08-02
8266,76,2024-02-02,7,West,1721.35,2024-02-05,2024-02-10
8267,73,2024-04-16,7,Northeast,562.79,2024-04-19,2024-04-21
8268,77,2024-09-21,9,South,1016.18,2024-09-24,2024-09-28
8269,48,2024-08-13,10,South,375.23,2024-08-16,2024-08-20
8270,26,2025-05-01,2,West,112.52,2025-05-04,2025-05-07
8271,77,2024-06-27,6,Northeast,1494.84,2024-06-30,2024-07-03
8272,39,2024-08-09,2,South,267.41,2024-08-12,2024-08-17
8273,92,2025-01-04,9,Midwest,70.92,2025-01-07,2025-01-14
8274,58,2024-06-15,2,Northeast,1182.72,2024-06-18,2024-06-20
8275,19,2024-10-26,6,West,46.67,2024-10-29,2024-11-04
8276,88,2025-01-15,8,Midwest,883.85,2025-01-18,2025-01-16
8277,83,2024-02-04,6,Northeast,591.9,2024-02-07,2024-02-10
8278,77,2025-02-10,3,Midwest,652.45,2025-02-13,2025-02-11
8279,77,2025-05-16,5,Northeast,27.72,2025-05-19,2025-05-19
8280,58,2024-11-09,4,Northeast,1929.41,2024-11-12,2024-11-11
8281,28,2024-04-10,1,South,1043.59,2024-04-13,2024-04-20
8282,66,2024-08-02,5,Midwest,1153.57,2024-08-05,2024-08-06
8283,10,2024-03-02,10,Midwest,1338.92,2024-03-05,2024-03-07
8284,86,2025-01-03,5,West,1599.09,2025-01-06,2025-01-07
8285,77,2025-01-02,7,West,1223.66,2025-01-05,2025-01-03
8286,58,2024-04-03,7,Midwest,1529.15,2024-04-06,2024-04-09
8287,73,2025-04-13,2,South,908.5,2025-04-16,2025-04-18
8288,97,2024-01-26,4,South,755.12,2024-01-29,2024-01-29
8289,14,2025-03-10,1,Northeast,1649.81,2025-03-13,2025-03-19
8290,84,2024-04-30,5,West,1733.31,2024-05-03,2024-05-09
8291,15,2024-02-19,5,West,292.86,2024-02-22,2024-02-20
8292,96,2024-02-05,4,West,1094.47,2024-02-08,2024-02-08
8293,33,2025-02-13,10,Northeast,1373.61,2025-02-16,2025-02-19
8294,17,2024-10-15,7,South,185.53,2024-10-18,2024-10-19
8295,24,2025-01-13,6,West,1860.6,2025-01-16,2025-01-17
8296,30,2024-04-09,10,Northeast,1049.82,2024-04-12,2024-04-11
8297,62,2024-11-19,3,Midwest,1298.01,2024-11-22,2024-11-21
8298,13,2024-11-24,2,South,372.92,2024-11-27,2024-11-27
8299,62,2024-08-08,4,Midwest,543.58,2024-08-11,2024-08-13
8300,47,2024-04-19,9,West,259.58,2024-04-22,2024-04-25
8301,16,2024-05-28,10,Northeast,542.72,2024-05-31,2024-05-31
8302,66,2025-02-09,5,South,994.95,2025-02-12,2025-02-11
8303,81,2025-02-13,1,West,1670.59,2025-02-16,2025-02-14
8304,96,2024-05-08,3,South,1076.77,2024-05-11,2024-05-16
8305,43,2025-04-28,9,Northeast,504.04,2025-05-01,2025-05-09
8306,8,2024-04-17,7,Northeast,108.35,2024-04-20,2024-04-23
8307,3,2025-01-23,3,West,1251.5,2025-01-26,2025-01-24
8308,12,2025-02-28,1,South,851.92,2025-03-03,2025-03-07
8309,84,2025-03-22,4,Northeast,1969.02,2025-03-25,2025-03-31
8310,16,2024-03-08,9,South,1563.92,2024-03-11,2024-03-11
8311,78,2024-03-06,7,South,1620.56,2024-03-09,2024-03-14
8312,80,2025-05-18,5,Midwest,44.23,2025-05-21,2025-05-26
8313,59,2025-05-18,6,West,1560.03,2025-05-21,2025-05-27
8314,49,2024-11-16,1,West,405.33,2024-11-19,2024-11-19
8315,63,2025-03-22,7,South,1179.88,2025-03-25,2025-03-27
8316,62,2024-07-28,5,Midwest,905.89,2024-07-31,2024-08-03
8317,49,2025-01-04,7,South,1151.78,2025-01-07,2025-01-13
8318,51,2025-04-02,5,West,284.22,2025-04-05,2025-04-06
8319,33,2024-06-11,5,West,924.65,2024-06-14,2024-06-19
8320,30,2024-11-27,3,South,93.15,2024-11-30,2024-12-03
8321,59,2024-12-15,5,South,101.18,2024-12-18,2024-12-23
8322,76,2025-04-12,8,South,1322.32,2025-04-15,2025-04-19
8323,15,2025-03-01,8,West,1904.36,2025-03-04,2025-03-04
8324,82,2024-11-22,2,South,1559.24,2024-11-25,2024-11-28
8325,92,2024-04-15,1,South,948.93,2024-04-18,2024-04-18
8326,23,2024-09-11,2,Northeast,130.62,2024-09-14,2024-09-16
8327,78,2024-12-23,7,West,109.14,2024-12-26,2025-01-02
8328,94,2025-03-19,3,South,332.63,2025-03-22,2025-03-23
8329,97,2024-04-22,8,Midwest,1952.1,2024-04-25,2024-04-25
8330,45,2024-01-30,4,West,809.35,2024-02-02,2024-02-03
8331,62,2024-02-15,10,South,1689.95,2024-02-18,2024-02-22
8332,79,2024-06-19,10,South,1416.18,2024-06-22,2024-06-26
8333,71,2024-05-09,8,Northeast,1218.75,2024-05-12,2024-05-15
8334,15,2024-12-18,2,Northeast,1896.7,2024-12-21,2024-12-21
8335,46,2024-07-21,5,West,476.21,2024-07-24,2024-07-25
8336,64,2024-08-13,6,Northeast,920.68,2024-08-16,2024-08-22
8337,46,2024-03-20,1,Northeast,1732.15,2024-03-23,2024-03-21
8338,56,2024-11-05,1,West,1112.49,2024-11-08,2024-11-11
8339,44,2024-02-04,9,Midwest,507.96,2024-02-07,2024-02-08
8340,75,2024-06-09,5,South,433.65,2024-06-12,2024-06-15
8341,29,2025-03-10,4,South,1510.7,2025-03-13,2025-03-15
8342,95,2024-08-12,1,Northeast,45.32,2024-08-15,2024-08-13
8343,62,2025-03-21,3,South,1830.1,2025-03-24,2025-03-28
8344,89,2024-11-12,4,Northeast,56.47,2024-11-15,2024-11-14
8345,52,2025-02-17,5,West,1269.36,2025-02-20,2025-02-18
8346,54,2024-04-04,10,West,1217.4,2024-04-07,2024-04-09
8347,88,2024-08-12,5,West,1165.25,2024-08-15,2024-08-16
8348,57,2024-03-06,10,South,959.2,2024-03-09,2024-03-09
8349,83,2025-01-31,8,Northeast,1707.81,2025-02-03,2025-02-04
8350,66,2024-07-28,3,Northeast,1325.48,2024-07-31,2024-07-31
8351,22,2025-04-18,7,South,1568.09,2025-04-21,2025-04-28
8352,20,2025-05-04,6,West,248.73,2025-05-07,2025-05-10
8353,33,2024-06-28,10,Midwest,118.8,2024-07-01,2024-07-03
8354,72,2025-04-03,10,Northeast,76.49,2025-04-06,2025-04-10
8355,25,2024-03-08,10,Northeast,311.47,2024-03-11,2024-03-12
8356,46,2024-11-24,6,South,1340.68,2024-11-27,2024-11-28
8357,73,2024-07-20,10,Midwest,998.16,2024-07-23,2024-07-28
8358,98,2025-04-19,9,West,1509.46,2025-04-22,2025-04-22
8359,57,2025-06-01,7,Northeast,399.63,2025-06-04,2025-06-03
8360,87,2024-01-15,7,South,746.59,2024-01-18,2024-01-22
8361,5,2024-02-11,1,Midwest,1779.23,2024-02-14,2024-02-16
8362,55,2024-10-15,1,South,1872.71,2024-10-18,2024-10-20
8363,61,2024-08-31,9,Midwest,1845.02,2024-09-03,2024-09-04
8364,89,2024-06-22,9,South,1640.24,2024-06-25,2024-06-29
8365,8,2025-05-23,10,Midwest,1382.71,2025-05-26,2025-05-24
8366,16,2024-08-31,3,Northeast,1829.08,2024-09-03,2024-09-01
8367,48,2024-02-29,8,Midwest,1434.08,2024-03-03,2024-03-04
8368,61,2024-04-13,9,West,1908.79,2024-04-16,2024-04-20
8369,15,2024-10-29,1,Northeast,69.08,2024-11-01,2024-11-07
8370,65,2024-03-17,3,West,1844.85,2024-03-20,2024-03-24
8371,22,2024-01-18,6,Northeast,1120.37,2024-01-21,2024-01-20
8372,3,2024-07-02,4,Midwest,241.36,2024-07-05,2024-07-04
8373,54,2024-10-07,8,Northeast,445.52,2024-10-10,2024-10-16
8374,14,2024-10-14,9,South,1707.28,2024-10-17,2024-10-22
8375,36,2025-04-18,7,Midwest,1022.11,2025-04-21,2025-04-25
8376,82,2024-09-23,1,South,1965.98,2024-09-26,2024-10-01
8377,82,2024-12-22,2,South,252.71,2024-12-25,2024-12-28
8378,67,2024-01-01,1,South,836.76,2024-01-04,2024-01-05
8379,10,2024-01-27,9,South,677.11,2024-01-30,2024-02-01
8380,49,2024-06-08,4,West,1041.95,2024-06-11,2024-06-15
8381,65,2025-02-02,10,Midwest,1274.21,2025-02-05,2025-02-08
8382,91,2024-05-06,8,South,1330.03,2024-05-09,2024-05-07
8383,57,2024-07-28,5,West,22.57,2024-07-31,2024-08-05
8384,27,2024-05-29,5,Northeast,196.14,2024-06-01,2024-06-05
8385,75,2024-01-31,5,South,89.43,2024-02-03,2024-02-06
8386,5,2024-10-28,5,South,1731.91,2024-10-31,2024-11-06
8387,71,2024-09-13,3,West,640.32,2024-09-16,2024-09-16
8388,83,2024-02-26,6,Northeast,746.79,2024-02-29,2024-02-28
8389,57,2024-01-09,1,Northeast,911.74,2024-01-12,2024-01-16
8390,93,2024-01-05,8,West,1701.62,2024-01-08,2024-01-08
8391,15,2024-04-23,4,South,48.05,2024-04-26,2024-05-03
8392,99,2024-07-23,6,Midwest,254.86,2024-07-26,2024-07-26
8393,76,2024-01-24,2,West,1376.62,2024-01-27,2024-01-27
8394,30,2025-05-07,2,Midwest,1928.51,2025-05-10,2025-05-11
8395,20,2025-02-09,8,South,1292.72,2025-02-12,2025-02-13
8396,37,2024-04-12,1,South,537.02,2024-04-15,2024-04-16
8397,3,2024-02-29,8,Northeast,1049.33,2024-03-03,2024-03-04
8398,73,2024-03-26,10,South,1950.46,2024-03-29,2024-03-30
8399,41,2025-01-06,10,Northeast,1065.59,2025-01-09,2025-01-07
8400,39,2024-07-20,1,Northeast,759.55,2024-07-23,2024-07-27
8401,26,2024-03-29,9,South,779.18,2024-04-01,2024-04-02
8402,2,2025-03-12,1,Northeast,1934.73,2025-03-15,2025-03-17
8403,23,2024-04-29,4,South,1443.45,2024-05-02,2024-04-30
8404,23,2024-06-04,9,Northeast,1380.6,2024-06-07,2024-06-05
8405,85,2025-02-02,1,Northeast,479.47,2025-02-05,2025-02-07
8406,16,2024-07-06,9,South,1127.78,2024-07-09,2024-07-16
8407,9,2024-02-21,8,Midwest,726.36,2024-02-24,2024-03-02
8408,13,2025-04-24,5,West,495.6,2025-04-27,2025-04-26
8409,28,2024-08-17,6,South,1793.19,2024-08-20,2024-08-20
8410,27,2025-04-25,5,Northeast,778.65,2025-04-28,2025-05-01
8411,51,2024-05-09,4,West,579.92,2024-05-12,2024-05-10
8412,64,2024-02-24,10,Midwest,1864.81,2024-02-27,2024-02-27
8413,52,2024-09-27,4,South,410.75,2024-09-30,2024-10-03
8414,81,2024-04-09,10,Northeast,1496.1,2024-04-12,2024-04-13
8415,38,2024-03-09,8,Northeast,1312.44,2024-03-12,2024-03-10
8416,100,2024-10-25,8,South,1842.56,2024-10-28,2024-10-26
8417,65,2024-12-19,9,Northeast,1667.45,2024-12-22,2024-12-20
8418,18,2024-05-31,3,West,1416.48,2024-06-03,2024-06-05
8419,63,2024-11-25,10,Northeast,642.85,2024-11-28,2024-11-27
8420,51,2024-04-25,8,West,1001.23,2024-04-28,2024-05-05
8421,9,2024-11-18,3,West,1890.1,2024-11-21,2024-11-19
8422,13,2024-08-16,2,South,65.94,2024-08-19,2024-08-25
8423,40,2024-12-25,2,Northeast,1592.78,2024-12-28,2024-12-26
8424,55,2024-01-05,9,West,518.58,2024-01-08,2024-01-18
8425,79,2024-01-28,4,Northeast,386.33,2024-01-31,2024-02-04
8426,43,2024-12-29,5,West,479.8,2025-01-01,2024-12-30
8427,44,2025-04-06,2,Midwest,138.31,2025-04-09,2025-04-15
8428,68,2024-08-18,9,South,1984.12,2024-08-21,2024-08-22
8429,33,2025-01-29,7,South,1742.34,2025-02-01,2025-02-06
8430,24,2024-09-27,3,South,1051.69,2024-09-30,2024-10-02
8431,36,2024-10-30,6,West,1435.9,2024-11-02,2024-11-03
8432,10,2025-01-17,7,Midwest,1122.06,2025-01-20,2025-01-21
8433,100,2024-01-28,6,West,1626.93,2024-01-31,2024-01-29
8434,20,2024-07-17,10,South,1692.64,2024-07-20,2024-07-21
8435,75,2024-03-22,10,West,480.93,2024-03-25,2024-03-23
8436,12,2024-03-28,6,South,930.3,2024-03-31,2024-04-01
8437,62,2025-01-24,8,Northeast,1277.0,2025-01-27,2025-01-30
8438,18,2025-03-26,8,West,1957.31,2025-03-29,2025-04-03
8439,94,2025-03-08,5,Northeast,1371.72,2025-03-11,2025-03-17
8440,63,2025-01-08,4,West,1797.32,2025-01-11,2025-01-13
8441,84,2025-03-10,5,South,1695.3,2025-03-13,2025-03-12
8442,25,2024-07-05,9,Northeast,1172.48,2024-07-08,2024-07-10
8443,12,2025-01-24,10,West,1789.44,2025-01-27,2025-01-29
8444,21,2024-08-05,6,South,767.3,2024-08-08,2024-08-14
8445,25,2024-04-17,3,West,770.98,2024-04-20,2024-04-25
8446,11,2024-12-14,3,Northeast,1566.31,2024-12-17,2024-12-20
8447,64,2024-01-26,1,West,286.4,2024-01-29,2024-02-05
8448,73,2024-02-17,5,West,625.53,2024-02-20,2024-02-20
8449,50,2025-01-04,6,Northeast,1224.97,2025-01-07,2025-01-11
8450,62,2024-01-14,8,South,851.73,2024-01-17,2024-01-17
8451,89,2024-07-05,9,West,1882.63,2024-07-08,2024-07-09
8452,99,2024-10-05,7,West,1917.84,2024-10-08,2024-10-06
8453,96,2024-12-06,1,Midwest,1015.11,2024-12-09,2024-12-11
8454,49,2024-11-23,7,Midwest,1087.34,2024-11-26,2024-11-28
8455,14,2024-01-25,10,South,1454.76,2024-01-28,2024-01-30
8456,1,2025-03-01,9,Northeast,925.38,2025-03-04,2025-03-07
8457,81,2024-01-29,4,South,396.39,2024-02-01,2024-02-06
8458,25,2024-11-18,7,South,1499.0,2024-11-21,2024-11-23
8459,59,2024-11-08,9,South,1480.82,2024-11-11,2024-11-15
8460,72,2024-09-26,1,West,505.06,2024-09-29,2024-10-02
8461,69,2024-10-21,10,West,1669.17,2024-10-24,2024-10-29
8462,5,2024-08-10,9,South,1235.03,2024-08-13,2024-08-17
8463,99,2024-03-15,4,South,487.88,2024-03-18,2024-03-25
8464,19,2024-04-11,8,Midwest,1311.04,2024-04-14,2024-04-17
8465,23,2024-06-21,3,Northeast,482.55,2024-06-24,2024-06-23
8466,9,2024-01-04,2,South,545.16,2024-01-07,2024-01-13
8467,94,2025-04-23,8,Midwest,1699.06,2025-04-26,2025-04-30
8468,50,2025-01-29,8,South,1860.39,2025-02-01,2025-02-04
8469,16,2024-06-15,3,Northeast,528.63,2024-06-18,2024-06-16
8470,33,2024-10-26,8,South,1857.54,2024-10-29,2024-11-04
8471,2,2024-04-27,6,Northeast,492.82,2024-04-30,2024-05-05
8472,14,2025-05-26,10,West,252.19,2025-05-29,2025-06-01
8473,1,2024-06-23,9,Northeast,135.28,2024-06-26,2024-06-24
8474,90,2024-06-07,10,South,499.38,2024-06-10,2024-06-11
8475,58,2025-01-18,6,Midwest,782.79,2025-01-21,2025-01-29
8476,89,2024-08-14,8,West,1856.55,2024-08-17,2024-08-20
8477,16,2024-02-07,2,Midwest,499.47,2024-02-10,2024-02-08
8478,79,2025-04-07,1,South,743.62,2025-04-10,2025-04-10
8479,90,2025-03-06,10,West,1473.63,2025-03-09,2025-03-10
8480,47,2024-04-13,10,Midwest,618.11,2024-04-16,2024-04-21
8481,44,2024-07-11,2,South,1375.05,2024-07-14,2024-07-12
8482,80,2024-09-06,4,Midwest,875.51,2024-09-09,2024-09-14
8483,14,2024-01-13,10,Northeast,408.96,2024-01-16,2024-01-20
8484,93,2025-01-22,9,Northeast,1473.44,2025-01-25,2025-02-03
8485,24,2024-03-11,7,South,73.54,2024-03-14,2024-03-18
8486,55,2025-03-13,9,Midwest,598.82,2025-03-16,2025-03-14
8487,15,2024-02-13,9,South,725.24,2024-02-16,2024-02-18
8488,83,2024-09-28,9,Midwest,927.27,2024-10-01,2024-09-30
8489,72,2024-01-14,8,West,1366.14,2024-01-17,2024-01-20
8490,34,2025-01-05,6,South,929.62,2025-01-08,2025-01-15
8491,2,2024-04-21,10,South,1196.76,2024-04-24,2024-04-23
8492,27,2025-01-13,7,Midwest,1199.64,2025-01-16,2025-01-21
8493,74,2024-11-09,2,South,759.08,2024-11-12,2024-11-12
8494,99,2025-02-18,1,West,1869.26,2025-02-21,2025-02-19
8495,87,2025-04-29,5,Midwest,1912.59,2025-05-02,2025-05-09
8496,72,2024-06-17,8,Midwest,1172.06,2024-06-20,2024-06-23
8497,92,2024-09-02,3,Midwest,161.95,2024-09-05,2024-09-08
8498,23,2024-09-22,7,West,992.43,2024-09-25,2024-09-30
8499,68,2024-08-30,5,West,385.15,2024-09-02,2024-08-31
8500,14,2024-10-26,10,South,976.76,2024-10-29,2024-10-30
8501,63,2024-11-22,8,Midwest,393.2,2024-11-25,2024-11-23
8502,93,2024-12-07,6,West,1413.63,2024-12-10,2024-12-10
8503,65,2024-09-05,6,Northeast,179.25,2024-09-08,2024-09-13
8504,68,2025-01-14,7,South,1907.54,2025-01-17,2025-01-20
8505,63,2025-01-15,7,West,406.84,2025-01-18,2025-01-18
8506,96,2024-02-11,4,West,1328.1,2024-02-14,2024-02-16
8507,97,2024-12-10,10,West,1835.59,2024-12-13,2024-12-15
8508,90,2024-09-17,10,South,510.81,2024-09-20,2024-09-23
8509,81,2024-11-01,10,West,1869.91,2024-11-04,2024-11-04
8510,87,2024-08-27,8,West,789.58,2024-08-30,2024-09-01
8511,64,2024-11-08,6,Northeast,1921.85,2024-11-11,2024-11-13
8512,32,2025-03-16,8,Northeast,1943.3,2025-03-19,2025-03-22
8513,79,2024-05-12,7,Northeast,392.4,2024-05-15,2024-05-18
8514,13,2024-02-20,1,West,1665.55,2024-02-23,2024-02-21
8515,66,2025-01-26,4,Northeast,402.97,2025-01-29,2025-01-27
8516,19,2025-05-22,7,Midwest,468.35,2025-05-25,2025-05-29
8517,24,2024-12-19,9,Northeast,186.57,2024-12-22,2024-12-23
8518,88,2025-01-29,2,Northeast,329.94,2025-02-01,2025-02-02
8519,11,2024-04-05,5,West,1271.79,2024-04-08,2024-04-09
8520,59,2024-04-15,9,Midwest,909.52,2024-04-18,2024-04-19
8521,86,2025-05-27,9,Northeast,1586.07,2025-05-30,2025-05-28
8522,15,2024-08-29,6,West,677.35,2024-09-01,2024-09-08
8523,10,2025-05-02,7,Midwest,1937.88,2025-05-05,2025-05-07
8524,41,2025-05-29,9,Northeast,118.75,2025-06-01,2025-06-03
8525,27,2024-03-01,10,West,144.61,2024-03-04,2024-03-06
8526,60,2025-02-19,8,Midwest,1408.72,2025-02-22,2025-02-27
8527,73,2024-10-20,10,Northeast,1777.33,2024-10-23,2024-10-27
8528,52,2024-10-28,6,Midwest,1595.09,2024-10-31,2024-11-02
8529,28,2024-06-18,6,Midwest,989.84,2024-06-21,2024-06-20
8530,65,2024-02-10,7,West,553.89,2024-02-13,2024-02-19
8531,17,2024-08-18,7,South,46.63,2024-08-21,2024-08-23
8532,95,2025-02-12,2,Midwest,1028.71,2025-02-15,2025-02-19
8533,44,2024-10-23,9,Midwest,961.76,2024-10-26,2024-10-25
8534,10,2025-03-30,4,Midwest,701.61,2025-04-02,2025-04-06
8535,63,2024-02-26,10,Midwest,1164.58,2024-02-29,2024-02-27
8536,93,2024-08-27,9,Midwest,1463.05,2024-08-30,2024-08-31
8537,82,2024-06-24,10,South,1407.76,2024-06-27,2024-06-29
8538,47,2024-03-03,3,West,541.24,2024-03-06,2024-03-13
8539,38,2024-05-17,5,South,1178.9,2024-05-20,2024-05-24
8540,70,2025-03-29,5,West,314.57,2025-04-01,2025-04-07
8541,76,2025-03-24,7,South,260.77,2025-03-27,2025-03-30
8542,53,2024-08-13,4,West,1575.99,2024-08-16,2024-08-15
8543,78,2025-03-18,4,Northeast,1393.62,2025-03-21,2025-03-20
8544,44,2024-07-24,1,Midwest,1540.5,2024-07-27,2024-07-31
8545,74,2024-01-27,6,West,321.88,2024-01-30,2024-01-29
8546,54,2025-04-01,4,West,1830.94,2025-04-04,2025-04-02
8547,20,2024-04-16,10,Midwest,283.56,2024-04-19,2024-04-18
8548,79,2025-03-19,10,Northeast,1742.67,2025-03-22,2025-03-25
8549,31,2024-02-05,5,Midwest,717.71,2024-02-08,2024-02-08
8550,7,2024-06-03,9,West,228.76,2024-06-06,2024-06-12
8551,58,2024-06-17,4,West,587.8,2024-06-20,2024-06-23
8552,10,2024-09-28,1,Midwest,379.27,2024-10-01,2024-10-04
8553,10,2025-02-23,9,South,991.53,2025-02-26,2025-03-01
8554,39,2024-07-02,5,Midwest,1900.5,2024-07-05,2024-07-09
8555,28,2024-08-24,10,West,669.18,2024-08-27,2024-08-31
8556,30,2025-05-23,7,West,1231.96,2025-05-26,2025-05-26
8557,37,2025-03-16,3,West,1785.61,2025-03-19,2025-03-25
8558,67,2024-05-01,4,Northeast,1267.55,2024-05-04,2024-05-08
8559,43,2025-02-20,10,Midwest,737.15,2025-02-23,2025-02-24
8560,79,2025-01-09,9,Northeast,1981.86,2025-01-12,2025-01-16
8561,85,2024-11-21,10,Midwest,391.08,2024-11-24,2024-11-22
8562,52,2025-04-24,1,Northeast,1056.05,2025-04-27,2025-05-02
8563,56,2024-05-29,5,South,1597.48,2024-06-01,2024-06-04
8564,76,2025-05-04,8,West,21.28,2025-05-07,2025-05-05
8565,68,2024-06-01,10,West,1410.05,2024-06-04,2024-06-12
8566,9,2024-01-17,7,Midwest,547.67,2024-01-20,2024-01-18
8567,92,2024-12-13,4,West,356.06,2024-12-16,2024-12-20
8568,23,2025-04-03,7,Northeast,562.91,2025-04-06,2025-04-12
8569,63,2024-07-20,1,South,1934.3,2024-07-23,2024-07-21
8570,61,2025-02-26,6,Northeast,1786.03,2025-03-01,2025-03-04
8571,40,2024-10-06,9,Northeast,443.23,2024-10-09,2024-10-14
8572,44,2025-02-25,3,Midwest,251.71,2025-02-28,2025-03-05
8573,86,2025-04-09,4,West,741.02,2025-04-12,2025-04-18
8574,24,2024-12-20,8,Northeast,1192.83,2024-12-23,2024-12-28
8575,51,2025-01-12,5,Midwest,1736.95,2025-01-15,2025-01-16
8576,58,2024-05-03,5,Northeast,1932.86,2024-05-06,2024-05-09
8577,90,2024-03-20,1,Northeast,1507.28,2024-03-23,2024-03-31
8578,94,2024-08-20,6,Northeast,1206.03,2024-08-23,2024-08-29
8579,33,2025-04-24,2,Midwest,301.82,2025-04-27,2025-04-27
8580,16,2024-06-02,1,South,166.58,2024-06-05,2024-06-10
8581,22,2025-02-12,6,Northeast,1200.13,2025-02-15,2025-02-21
8582,57,2024-01-31,5,Northeast,1087.35,2024-02-03,2024-02-02
8583,62,2025-05-17,5,Midwest,1695.25,2025-05-20,2025-05-22
8584,82,2025-01-05,9,West,658.76,2025-01-08,2025-01-09
8585,71,2024-11-18,10,South,98.59,2024-11-21,2024-11-26
8586,90,2024-11-27,10,Midwest,858.94,2024-11-30,2024-12-01
8587,72,2024-08-30,3,West,1938.98,2024-09-02,2024-09-02
8588,70,2025-03-05,1,Midwest,1595.24,2025-03-08,2025-03-13
8589,30,2024-06-30,8,Midwest,86.87,2024-07-03,2024-07-01
8590,23,2025-04-17,5,South,1751.86,2025-04-20,2025-04-23
8591,32,2025-01-10,5,South,953.95,2025-01-13,2025-01-13
8592,86,2024-03-21,8,South,742.24,2024-03-24,2024-03-29
8593,57,2025-02-23,8,South,706.54,2025-02-26,2025-02-26
8594,9,2025-04-11,2,West,1198.39,2025-04-14,2025-04-16
8595,31,2025-03-03,3,Northeast,1070.59,2025-03-06,2025-03-04
8596,71,2024-02-26,10,Midwest,1320.12,2024-02-29,2024-03-02
8597,9,2024-11-17,10,South,1155.81,2024-11-20,2024-11-21
8598,13,2025-05-09,1,Northeast,305.01,2025-05-12,2025-05-14
8599,58,2024-09-22,3,West,529.33,2024-09-25,2024-10-01
8600,3,2024-08-14,4,South,1685.24,2024-08-17,2024-08-21
8601,35,2024-02-23,7,Midwest,1333.25,2024-02-26,2024-02-29
8602,97,2024-01-04,9,Northeast,907.83,2024-01-07,2024-01-07
8603,21,2025-03-14,5,South,381.55,2025-03-17,2025-03-25
8604,64,2024-11-05,1,Midwest,35.23,2024-11-08,2024-11-06
8605,95,2024-03-29,2,Northeast,637.54,2024-04-01,2024-03-30
8606,52,2024-11-15,10,Midwest,128.6,2024-11-18,2024-11-18
8607,34,2025-01-09,2,West,974.92,2025-01-12,2025-01-15
8608,96,2025-05-15,9,South,1647.17,2025-05-18,2025-05-20
8609,35,2024-08-21,10,South,585.09,2024-08-24,2024-08-24
8610,15,2024-12-02,7,Midwest,1698.55,2024-12-05,2024-12-08
8611,96,2024-07-03,2,Northeast,1415.04,2024-07-06,2024-07-11
8612,6,2025-03-13,1,South,268.02,2025-03-16,2025-03-18
8613,85,2024-06-28,5,Midwest,1296.23,2024-07-01,2024-06-29
8614,97,2024-03-16,1,West,320.33,2024-03-19,2024-03-21
8615,32,2024-09-28,9,South,1316.49,2024-10-01,2024-10-01
8616,52,2024-02-24,3,Midwest,302.57,2024-02-27,2024-02-25
8617,83,2024-03-17,2,Northeast,797.17,2024-03-20,2024-03-22
8618,97,2024-10-22,6,South,1141.86,2024-10-25,2024-10-24
8619,28,2024-08-06,3,South,119.74,2024-08-09,2024-08-10
8620,95,2024-10-03,5,West,323.55,2024-10-06,2024-10-09
8621,85,2024-09-22,10,Midwest,654.41,2024-09-25,2024-09-28
8622,98,2024-02-12,8,Northeast,935.39,2024-02-15,2024-02-21
8623,64,2024-12-26,10,West,1719.8,2024-12-29,2024-12-27
8624,79,2024-08-15,2,West,390.8,2024-08-18,2024-08-19
8625,78,2024-08-14,5,West,707.99,2024-08-17,2024-08-22
8626,19,2024-03-03,8,Midwest,962.04,2024-03-06,2024-03-04
8627,15,2024-06-19,1,Midwest,605.64,2024-06-22,2024-06-23
8628,6,2024-11-02,10,South,1258.98,2024-11-05,2024-11-08
8629,73,2024-02-03,10,Midwest,528.07,2024-02-06,2024-02-05
8630,84,2024-05-09,4,West,1549.25,2024-05-12,2024-05-12
8631,98,2025-01-28,5,Midwest,1020.21,2025-01-31,2025-01-29
8632,38,2024-05-30,10,Northeast,190.88,2024-06-02,2024-06-05
8633,26,2025-01-18,3,South,1261.46,2025-01-21,2025-01-19
8634,82,2024-01-17,2,West,1147.1,2024-01-20,2024-01-20
8635,92,2024-01-14,3,South,690.42,2024-01-17,2024-01-17
8636,51,2024-03-21,5,Midwest,42.09,2024-03-24,2024-03-29
8637,73,2024-07-25,7,South,417.39,2024-07-28,2024-07-26
8638,96,2024-07-22,2,South,823.3,2024-07-25,2024-07-31
8639,53,2025-01-13,7,Midwest,415.83,2025-01-16,2025-01-20
8640,56,2024-01-23,6,South,1163.43,2024-01-26,2024-01-31
8641,59,2024-06-10,7,Midwest,1430.4,2024-06-13,2024-06-14
8642,70,2024-05-23,7,West,1714.91,2024-05-26,2024-05-27
8643,78,2024-04-13,9,South,1301.03,2024-04-16,2024-04-16
8644,92,2025-01-16,7,Northeast,1384.24,2025-01-19,2025-01-23
8645,58,2025-03-30,6,Northeast,1224.71,2025-04-02,2025-04-03
8646,88,2025-02-20,10,West,1971.26,2025-02-23,2025-02-23
8647,13,2024-11-19,8,Midwest,536.78,2024-11-22,2024-11-23
8648,43,2024-06-19,7,Midwest,547.19,2024-06-22,2024-06-25
8649,76,2024-09-30,6,South,270.14,2024-10-03,2024-10-01
8650,51,2025-03-27,4,South,981.65,2025-03-30,2025-03-29
8651,19,2024-05-04,7,Northeast,210.4,2024-05-07,2024-05-13
8652,21,2025-01-17,8,Northeast,554.89,2025-01-20,2025-01-19
8653,91,2024-11-12,8,Midwest,975.71,2024-11-15,2024-11-21
8654,83,2024-04-16,4,Northeast,1916.04,2024-04-19,2024-04-19
8655,24,2025-04-07,10,Midwest,1928.35,2025-04-10,2025-04-08
8656,26,2025-03-05,9,West,1492.61,2025-03-08,2025-03-14
8657,45,2024-12-02,3,West,790.72,2024-12-05,2024-12-12
8658,28,2025-05-10,9,Northeast,1733.02,2025-05-13,2025-05-13
8659,82,2024-12-27,3,South,1753.4,2024-12-30,2025-01-04
8660,100,2025-03-07,7,Northeast,1822.19,2025-03-10,2025-03-12
8661,29,2025-02-09,4,Northeast,1287.25,2025-02-12,2025-02-14
8662,17,2025-01-11,5,Northeast,419.55,2025-01-14,2025-01-17
8663,68,2024-05-31,3,South,200.34,2024-06-03,2024-06-05
8664,44,2024-11-17,2,Northeast,1831.26,2024-11-20,2024-11-22
8665,61,2024-08-01,8,South,129.98,2024-08-04,2024-08-06
8666,93,2024-03-05,7,Northeast,605.86,2024-03-08,2024-03-08
8667,68,2024-09-26,7,South,984.18,2024-09-29,2024-09-29
8668,74,2024-04-09,8,South,63.51,2024-04-12,2024-04-11
8669,25,2024-04-14,1,South,1815.69,2024-04-17,2024-04-15
8670,95,2024-05-10,8,South,588.5,2024-05-13,2024-05-15
8671,67,2025-01-23,10,South,76.44,2025-01-26,2025-01-25
8672,2,2024-11-16,5,West,1987.31,2024-11-19,2024-11-17
8673,89,2025-03-13,8,Midwest,636.56,2025-03-16,2025-03-16
8674,49,2024-01-19,9,Midwest,1755.99,2024-01-22,2024-01-22
8675,70,2024-08-12,2,South,917.88,2024-08-15,2024-08-15
8676,26,2025-04-04,3,Midwest,1332.99,2025-04-07,2025-04-13
8677,72,2025-01-28,6,South,497.36,2025-01-31,2025-01-31
8678,99,2024-08-13,9,Northeast,1015.69,2024-08-16,2024-08-22
8679,27,2024-12-25,10,West,530.15,2024-12-28,2024-12-28
8680,89,2025-03-05,10,Northeast,1903.15,2025-03-08,2025-03-11
8681,18,2024-01-15,8,Northeast,140.67,2024-01-18,2024-01-17
8682,54,2025-02-17,6,South,563.85,2025-02-20,2025-02-27
8683,1,2024-12-20,5,Northeast,1788.36,2024-12-23,2024-12-29
8684,61,2025-04-01,3,West,970.47,2025-04-04,2025-04-08
8685,3,2024-07-14,4,Northeast,1208.17,2024-07-17,2024-07-25
8686,68,2024-04-24,7,West,1310.35,2024-04-27,2024-05-02
8687,41,2025-02-20,7,West,160.44,2025-02-23,2025-02-26
8688,37,2024-12-17,3,South,55.12,2024-12-20,2024-12-18
8689,51,2024-03-15,4,West,1876.93,2024-03-18,2024-03-16
8690,15,2024-02-05,3,Northeast,557.58,2024-02-08,2024-02-06
8691,8,2024-08-29,2,South,773.02,2024-09-01,2024-08-30
8692,38,2024-03-03,6,West,1370.54,2024-03-06,2024-03-06
8693,83,2025-05-23,7,West,487.88,2025-05-26,2025-05-31
8694,56,2024-07-06,4,Midwest,1471.48,2024-07-09,2024-07-08
8695,47,2024-04-02,5,South,927.32,2024-04-05,2024-04-06
8696,90,2024-01-05,8,Midwest,1716.09,2024-01-08,2024-01-10
8697,10,2025-03-13,9,West,571.51,2025-03-16,2025-03-18
8698,78,2024-06-14,7,Midwest,423.57,2024-06-17,2024-06-17
8699,49,2025-03-21,10,Northeast,1666.74,2025-03-24,2025-03-30
8700,41,2024-01-25,1,Northeast,666.13,2024-01-28,2024-01-30
8701,83,2025-05-22,3,West,835.5,2025-05-25,2025-05-28
8702,30,2024-04-07,5,Midwest,1591.54,2024-04-10,2024-04-19
8703,5,2024-09-24,3,Midwest,1278.44,2024-09-27,2024-10-04
8704,95,2025-01-27,1,South,894.62,2025-01-30,2025-02-01
8705,71,2024-10-11,2,Northeast,514.78,2024-10-14,2024-10-18
8706,83,2024-04-18,8,Northeast,1533.12,2024-04-21,2024-04-20
8707,31,2024-01-27,7,South,377.25,2024-01-30,2024-01-28
8708,52,2024-02-24,10,Northeast,1857.99,2024-02-27,2024-03-02
8709,88,2024-05-12,3,Midwest,317.63,2024-05-15,2024-05-14
8710,98,2024-02-21,4,Midwest,1613.77,2024-02-24,2024-02-28
8711,23,2025-05-07,3,Northeast,860.01,2025-05-10,2025-05-18
8712,48,2024-10-24,4,South,388.29,2024-10-27,2024-10-25
8713,40,2025-02-02,8,West,816.71,2025-02-05,2025-02-03
8714,6,2024-01-18,9,West,458.67,2024-01-21,2024-01-20
8715,38,2024-09-02,7,West,289.27,2024-09-05,2024-09-09
8716,41,2025-05-17,9,West,493.53,2025-05-20,2025-05-26
8717,100,2024-03-29,9,Midwest,1737.45,2024-04-01,2024-04-05
8718,27,2024-07-21,7,West,229.77,2024-07-24,2024-07-27
8719,75,2024-08-27,7,Midwest,1945.63,2024-08-30,2024-09-01
8720,69,2025-05-04,8,Midwest,29.9,2025-05-07,2025-05-09
8721,57,2024-01-13,10,West,1323.31,2024-01-16,2024-01-22
8722,17,2024-11-10,3,West,1715.89,2024-11-13,2024-11-13
8723,71,2024-07-16,8,West,1869.24,2024-07-19,2024-07-21
8724,91,2024-08-30,1,Northeast,305.09,2024-09-02,2024-09-01
8725,47,2025-05-21,6,Northeast,1402.45,2025-05-24,2025-05-27
8726,79,2024-02-12,2,South,232.55,2024-02-15,2024-02-17
8727,13,2024-11-25,7,Midwest,718.17,2024-11-28,2024-12-08
8728,11,2025-03-04,3,West,1469.21,2025-03-07,2025-03-05
8729,90,2024-06-10,10,Northeast,705.03,2024-06-13,2024-06-18
8730,86,2025-03-10,5,South,640.48,2025-03-13,2025-03-13
8731,92,2024-08-20,10,Midwest,249.79,2024-08-23,2024-08-27
8732,24,2024-04-20,2,Midwest,151.55,2024-04-23,2024-04-27
8733,93,2024-08-19,1,Midwest,248.25,2024-08-22,2024-08-23
8734,73,2024-09-29,5,Northeast,1753.44,2024-10-02,2024-10-01
8735,4,2024-02-10,9,West,42.17,2024-02-13,2024-02-12
8736,46,2025-04-10,9,West,1391.87,2025-04-13,2025-04-15
8737,18,2024-03-17,7,Midwest,1541.88,2024-03-20,2024-03-20
8738,43,2025-05-04,9,Midwest,1144.42,2025-05-07,2025-05-08
8739,80,2024-04-26,4,South,1466.94,2024-04-29,2024-04-27
8740,33,2025-03-09,3,South,1311.49,2025-03-12,2025-03-16
8741,93,2024-01-19,4,Midwest,922.01,2024-01-22,2024-01-21
8742,10,2024-07-14,7,South,777.77,2024-07-17,2024-07-18
8743,73,2025-03-26,8,Northeast,1883.84,2025-03-29,2025-04-04
8744,59,2025-02-28,2,Midwest,1944.44,2025-03-03,2025-03-05
8745,31,2025-01-28,5,South,1309.52,2025-01-31,2025-02-04
8746,28,2024-10-10,5,Midwest,410.65,2024-10-13,2024-10-12
8747,60,2024-02-03,9,West,906.84,2024-02-06,2024-02-09
8748,3,2024-10-21,3,Northeast,1003.14,2024-10-24,2024-10-27
8749,55,2024-09-07,6,Midwest,1520.78,2024-09-10,2024-09-09
8750,14,2024-12-04,10,West,1342.2,2024-12-07,2024-12-09
8751,58,2025-03-15,5,Midwest,1039.33,2025-03-18,2025-03-19
8752,89,2024-06-28,2,West,1367.12,2024-07-01,2024-07-04
8753,15,2024-08-15,2,South,67.63,2024-08-18,2024-08-16
8754,2,2024-01-23,4,West,1557.74,2024-01-26,2024-01-25
8755,24,2024-11-22,4,Northeast,439.03,2024-11-25,2024-11-23
8756,78,2024-06-02,7,Northeast,1319.69,2024-06-05,2024-06-04
8757,64,2024-05-25,1,South,245.67,2024-05-28,2024-05-28
8758,71,2024-09-08,6,Midwest,246.63,2024-09-11,2024-09-15
8759,100,2024-10-28,9,Northeast,90.6,2024-10-31,2024-11-02
8760,24,2024-03-10,2,South,1822.26,2024-03-13,2024-03-15
8761,27,2024-04-02,5,Northeast,1217.03,2024-04-05,2024-04-04
8762,37,2024-06-11,10,South,736.68,2024-06-14,2024-06-16
8763,94,2024-03-21,10,Northeast,1579.8,2024-03-24,2024-03-30
8764,91,2024-03-03,4,South,1259.64,2024-03-06,2024-03-09
8765,39,2025-03-11,4,Northeast,1247.76,2025-03-14,2025-03-18
8766,63,2024-02-17,8,Midwest,984.34,2024-02-20,2024-02-20
8767,79,2025-03-20,6,West,35.7,2025-03-23,2025-03-24
8768,26,2024-03-14,7,Northeast,531.76,2024-03-17,2024-03-21
8769,65,2024-06-05,9,South,235.97,2024-06-08,2024-06-07
8770,4,2025-05-01,3,Midwest,1331.57,2025-05-04,2025-05-06
8771,29,2024-09-22,2,Northeast,512.27,2024-09-25,2024-09-28
8772,1,2024-09-12,3,South,911.33,2024-09-15,2024-09-16
8773,50,2024-02-08,8,West,719.79,2024-02-11,2024-02-10
8774,86,2024-02-24,9,South,303.53,2024-02-27,2024-02-27
8775,11,2024-01-28,10,Northeast,1917.57,2024-01-31,2024-01-29
8776,74,2024-04-27,5,South,1868.17,2024-04-30,2024-05-03
8777,59,2025-01-04,8,South,187.52,2025-01-07,2025-01-12
8778,62,2024-07-27,7,West,1658.18,2024-07-30,2024-07-30
8779,81,2024-11-11,9,Northeast,986.98,2024-11-14,2024-11-24
8780,36,2025-01-27,4,Northeast,1552.0,2025-01-30,2025-01-30
8781,56,2025-03-19,10,West,319.29,2025-03-22,2025-03-22
8782,90,2024-09-15,3,Midwest,281.9,2024-09-18,2024-09-22
8783,21,2024-07-16,9,South,1783.7,2024-07-19,2024-07-23
8784,13,2025-03-20,8,South,1797.68,2025-03-23,2025-03-27
8785,9,2024-10-31,7,South,942.51,2024-11-03,2024-11-08
8786,11,2024-12-04,1,Northeast,1742.91,2024-12-07,2024-12-06
8787,75,2024-02-23,2,Northeast,1341.57,2024-02-26,2024-02-29
8788,70,2024-04-21,9,South,386.32,2024-04-24,2024-04-22
8789,1,2025-02-22,5,Northeast,671.33,2025-02-25,2025-03-02
8790,70,2024-10-31,1,West,289.4,2024-11-03,2024-11-08
8791,77,2025-03-13,9,West,1552.42,2025-03-16,2025-03-21
8792,86,2024-03-25,1,Northeast,1970.8,2024-03-28,2024-03-30
8793,56,2024-09-08,8,South,1101.83,2024-09-11,2024-09-16
8794,31,2024-05-05,5,South,1318.61,2024-05-08,2024-05-11
8795,86,2025-02-08,6,South,1497.26,2025-02-11,2025-02-17
8796,37,2024-10-30,1,South,464.03,2024-11-02,2024-11-03
8797,47,2024-01-28,2,Northeast,685.28,2024-01-31,2024-02-01
8798,91,2024-09-22,7,Midwest,836.4,2024-09-25,2024-09-28
8799,78,2024-02-21,2,Midwest,1197.28,2024-02-24,2024-02-22
8800,47,2025-05-25,5,South,1703.98,2025-05-28,2025-05-29
8801,69,2024-07-25,9,South,523.32,2024-07-28,2024-07-30
8802,58,2025-05-25,5,South,952.36,2025-05-28,2025-05-26
8803,36,2024-07-19,3,Midwest,1508.04,2024-07-22,2024-07-24
8804,32,2024-10-10,6,West,193.02,2024-10-13,2024-10-16
8805,98,2024-12-22,7,Midwest,1035.53,2024-12-25,2024-12-30
8806,64,2024-02-16,10,Northeast,305.87,2024-02-19,2024-02-17
8807,71,2024-05-16,10,Midwest,1087.51,2024-05-19,2024-05-24
8808,42,2024-05-09,8,Northeast,1540.29,2024-05-12,2024-05-10
8809,48,2024-07-13,3,South,489.16,2024-07-16,2024-07-15
8810,74,2024-12-29,4,Northeast,1701.97,2025-01-01,2025-01-09
8811,81,2025-03-07,10,South,682.91,2025-03-10,2025-03-12
8812,30,2024-03-09,4,West,397.75,2024-03-12,2024-03-11
8813,21,2025-04-02,2,South,941.34,2025-04-05,2025-04-03
8814,60,2024-11-30,7,South,1754.63,2024-12-03,2024-12-01
8815,13,2024-01-16,4,West,156.49,2024-01-19,2024-01-18
8816,1,2025-03-31,4,South,668.59,2025-04-03,2025-04-08
8817,65,2025-05-24,8,South,1313.26,2025-05-27,2025-05-31
8818,33,2024-07-27,6,South,728.01,2024-07-30,2024-08-04
8819,38,2024-06-06,6,Midwest,160.23,2024-06-09,2024-06-08
8820,25,2024-12-02,9,Northeast,677.36,2024-12-05,2024-12-03
8821,26,2024-08-28,4,South,1645.5,2024-08-31,2024-09-04
8822,77,2024-02-27,9,Midwest,1936.71,2024-03-01,2024-03-03
8823,59,2024-10-31,1,South,98.76,2024-11-03,2024-11-03
8824,92,2024-12-10,9,Northeast,1147.18,2024-12-13,2024-12-18
8825,33,2024-01-14,1,South,228.5,2024-01-17,2024-01-23
8826,41,2024-12-24,7,Northeast,1367.19,2024-12-27,2025-01-03
8827,30,2025-01-11,6,Midwest,35.63,2025-01-14,2025-01-13
8828,57,2024-08-30,7,Midwest,49.19,2024-09-02,2024-09-08
8829,49,2024-05-24,9,South,1558.22,2024-05-27,2024-05-30
8830,48,2025-02-18,10,West,167.38,2025-02-21,2025-02-21
8831,72,2025-01-28,4,Northeast,624.26,2025-01-31,2025-02-06
8832,49,2024-12-23,9,South,1916.92,2024-12-26,2024-12-25
8833,47,2024-06-06,3,Midwest,1970.79,2024-06-09,2024-06-09
8834,56,2024-01-18,10,South,339.58,2024-01-21,2024-01-26
8835,65,2024-12-12,9,Northeast,1130.59,2024-12-15,2024-12-15
8836,12,2024-02-27,1,South,1127.11,2024-03-01,2024-03-04
8837,69,2024-06-03,5,Northeast,915.71,2024-06-06,2024-06-07
8838,88,2025-05-01,10,Midwest,1850.91,2025-05-04,2025-05-07
8839,6,2025-05-01,5,West,1512.99,2025-05-04,2025-05-07
8840,89,2024-05-30,1,West,1533.76,2024-06-02,2024-06-01
8841,65,2024-12-24,1,Midwest,553.75,2024-12-27,2024-12-30
8842,25,2025-01-02,3,Midwest,879.95,2025-01-05,2025-01-05
8843,1,2024-02-16,9,South,985.1,2024-02-19,2024-02-18
8844,32,2024-07-25,7,Midwest,611.85,2024-07-28,2024-07-27
8845,3,2025-03-25,6,Midwest,207.74,2025-03-28,2025-03-27
8846,49,2025-04-27,9,Northeast,270.19,2025-04-30,2025-04-30
8847,19,2024-05-22,4,South,377.73,2024-05-25,2024-05-29
8848,60,2025-02-03,4,Northeast,423.23,2025-02-06,2025-02-04
8849,29,2024-04-06,3,South,499.68,2024-04-09,2024-04-11
8850,50,2024-02-16,5,South,525.81,2024-02-19,2024-02-22
8851,2,2024-07-09,5,West,922.32,2024-07-12,2024-07-17
8852,73,2024-05-19,10,West,1028.95,2024-05-22,2024-05-22
8853,56,2024-08-18,7,Midwest,631.58,2024-08-21,2024-08-23
8854,17,2024-12-05,7,South,1816.45,2024-12-08,2024-12-07
8855,60,2025-05-05,6,Midwest,1115.22,2025-05-08,2025-05-06
8856,36,2024-02-18,4,Northeast,1579.2,2024-02-21,2024-02-24
8857,61,2025-03-28,7,Midwest,1849.99,2025-03-31,2025-04-08
8858,17,2024-11-11,2,Northeast,343.01,2024-11-14,2024-11-18
8859,49,2024-11-17,9,West,867.19,2024-11-20,2024-11-18
8860,76,2024-03-27,7,West,877.76,2024-03-30,2024-03-29
8861,60,2025-04-18,2,Northeast,721.86,2025-04-21,2025-04-25
8862,20,2024-10-08,10,Northeast,37.63,2024-10-11,2024-10-15
8863,50,2024-03-14,2,Northeast,1635.62,2024-03-17,2024-03-19
8864,3,2025-03-28,6,Midwest,240.89,2025-03-31,2025-04-01
8865,43,2024-02-16,7,Northeast,1991.05,2024-02-19,2024-02-23
8866,57,2024-04-05,9,South,1550.46,2024-04-08,2024-04-07
8867,50,2024-01-31,4,Northeast,1168.42,2024-02-03,2024-02-08
8868,68,2024-01-17,8,West,326.12,2024-01-20,2024-01-23
8869,81,2024-07-30,10,Northeast,1040.48,2024-08-02,2024-08-02
8870,50,2024-08-22,2,West,537.0,2024-08-25,2024-08-27
8871,37,2025-01-26,6,West,519.6,2025-01-29,2025-02-08
8872,46,2024-12-19,4,Midwest,1662.47,2024-12-22,2024-12-23
8873,42,2024-10-31,8,Northeast,773.68,2024-11-03,2024-11-07
8874,15,2025-05-23,9,West,912.43,2025-05-26,2025-05-31
8875,33,2025-01-29,2,South,1689.07,2025-02-01,2025-02-04
8876,80,2025-03-06,7,Northeast,193.83,2025-03-09,2025-03-10
8877,11,2024-06-25,7,Northeast,1197.34,2024-06-28,2024-06-28
8878,20,2025-02-09,8,West,1164.87,2025-02-12,2025-02-13
8879,24,2024-10-27,5,Midwest,861.92,2024-10-30,2024-11-01
8880,64,2025-03-20,3,Midwest,1662.95,2025-03-23,2025-03-29
8881,80,2024-05-06,1,Northeast,1886.92,2024-05-09,2024-05-16
8882,94,2024-12-14,4,Northeast,941.37,2024-12-17,2024-12-24
8883,98,2024-01-21,3,Midwest,923.17,2024-01-24,2024-01-25
8884,65,2025-02-23,2,Midwest,1014.09,2025-02-26,2025-03-03
8885,88,2024-05-31,6,South,1451.79,2024-06-03,2024-06-06
8886,88,2024-06-08,7,Northeast,1342.76,2024-06-11,2024-06-10
8887,73,2025-04-24,10,Northeast,461.21,2025-04-27,2025-04-25
8888,86,2025-03-18,7,Northeast,146.51,2025-03-21,2025-03-22
8889,76,2024-04-05,8,Midwest,1899.52,2024-04-08,2024-04-10
8890,17,2024-12-17,2,West,536.92,2024-12-20,2024-12-19
8891,89,2024-03-15,10,South,1284.42,2024-03-18,2024-03-24
8892,92,2024-12-24,6,Midwest,1660.31,2024-12-27,2025-01-02
8893,61,2024-05-12,6,Midwest,614.55,2024-05-15,2024-05-16
8894,15,2025-02-03,10,South,1278.16,2025-02-06,2025-02-13
8895,94,2024-05-18,1,Northeast,233.64,2024-05-21,2024-05-24
8896,51,2024-09-02,2,West,1940.46,2024-09-05,2024-09-03
8897,27,2024-10-17,9,South,135.15,2024-10-20,2024-10-18
8898,86,2024-04-21,8,West,887.59,2024-04-24,2024-04-27
8899,74,2024-06-18,4,Northeast,1082.9,2024-06-21,2024-06-23
8900,61,2024-08-27,6,West,1585.15,2024-08-30,2024-08-29
8901,58,2024-12-02,2,Northeast,259.83,2024-12-05,2024-12-08
8902,31,2024-05-17,5,Midwest,892.8,2024-05-20,2024-05-29
8903,91,2024-08-23,2,Northeast,613.43,2024-08-26,2024-08-28
8904,12,2024-01-03,5,South,637.78,2024-01-06,2024-01-07
8905,46,2024-04-25,7,South,1562.0,2024-04-28,2024-04-28
8906,31,2025-04-16,7,Northeast,30.81,2025-04-19,2025-04-17
8907,32,2024-05-10,9,Northeast,1503.19,2024-05-13,2024-05-17
8908,32,2025-04-27,3,Midwest,1624.59,2025-04-30,2025-05-01
8909,99,2025-02-04,4,Midwest,1804.7,2025-02-07,2025-02-09
8910,53,2024-07-19,9,Northeast,1261.23,2024-07-22,2024-07-23
8911,61,2024-10-18,8,West,680.24,2024-10-21,2024-10-28
8912,46,2024-12-07,7,Midwest,865.92,2024-12-10,2024-12-08
8913,85,2024-08-03,8,South,1940.08,2024-08-06,2024-08-10
8914,74,2024-12-31,9,Midwest,1764.75,2025-01-03,2025-01-08
8915,80,2025-04-13,4,Midwest,937.78,2025-04-16,2025-04-16
8916,7,2025-02-21,5,Midwest,1887.26,2025-02-24,2025-02-28
8917,4,2024-01-27,9,Midwest,1649.45,2024-01-30,2024-01-31
8918,91,2025-03-30,7,Northeast,1804.16,2025-04-02,2025-04-06
8919,52,2024-01-14,4,Midwest,1372.29,2024-01-17,2024-01-16
8920,89,2024-04-07,6,West,1718.16,2024-04-10,2024-04-13
8921,31,2024-10-05,1,Midwest,1785.7,2024-10-08,2024-10-10
8922,75,2025-05-04,1,Midwest,202.19,2025-05-07,2025-05-11
8923,84,2024-07-25,9,South,1931.13,2024-07-28,2024-07-26
8924,36,2024-08-20,8,Midwest,680.55,2024-08-23,2024-08-23
8925,54,2024-08-26,1,South,891.0,2024-08-29,2024-09-02
8926,54,2024-09-06,2,South,1587.97,2024-09-09,2024-09-16
8927,17,2024-11-01,4,Northeast,1336.49,2024-11-04,2024-11-09
8928,75,2025-04-07,1,South,1788.26,2025-04-10,2025-04-13
8929,30,2024-08-23,2,South,813.14,2024-08-26,2024-08-25
8930,99,2024-10-17,5,West,759.11,2024-10-20,2024-10-23
8931,22,2024-02-08,8,West,82.74,2024-02-11,2024-02-15
8932,43,2024-07-01,6,South,936.2,2024-07-04,2024-07-11
8933,27,2024-01-30,6,Northeast,1453.66,2024-02-02,2024-02-01
8934,37,2025-01-22,4,West,616.33,2025-01-25,2025-01-26
8935,46,2024-05-22,2,West,936.2,2024-05-25,2024-06-02
8936,35,2025-02-22,3,Northeast,454.41,2025-02-25,2025-02-26
8937,4,2024-03-14,6,Midwest,1550.12,2024-03-17,2024-03-20
8938,80,2024-02-24,6,West,139.81,2024-02-27,2024-02-26
8939,80,2024-01-24,5,South,1416.66,2024-01-27,2024-01-28
8940,85,2024-01-22,6,South,770.3,2024-01-25,2024-01-28
8941,26,2025-03-03,6,South,102.36,2025-03-06,2025-03-07
8942,100,2024-02-01,1,Northeast,1709.87,2024-02-04,2024-02-07
8943,19,2024-12-04,6,South,985.69,2024-12-07,2024-12-10
8944,81,2025-05-29,5,Midwest,1206.65,2025-06-01,2025-06-03
8945,45,2025-05-26,8,Northeast,1469.42,2025-05-29,2025-05-29
8946,26,2024-03-10,9,West,1317.05,2024-03-13,2024-03-17
8947,22,2024-03-28,6,Northeast,1467.1,2024-03-31,2024-04-03
8948,58,2024-08-06,10,South,1529.32,2024-08-09,2024-08-09
8949,63,2024-09-26,4,Northeast,1186.52,2024-09-29,2024-09-29
8950,28,2024-03-18,3,Northeast,743.96,2024-03-21,2024-03-20
8951,65,2024-01-10,10,Northeast,501.42,2024-01-13,2024-01-19
8952,44,2025-04-12,1,Northeast,1807.75,2025-04-15,2025-04-15
8953,100,2024-12-01,7,Midwest,1940.45,2024-12-04,2024-12-03
8954,43,2024-07-04,5,Northeast,728.17,2024-07-07,2024-07-06
8955,37,2024-04-30,4,South,242.38,2024-05-03,2024-05-01
8956,66,2024-09-30,9,West,460.62,2024-10-03,2024-10-12
8957,17,2025-02-13,7,Midwest,1347.92,2025-02-16,2025-02-18
8958,40,2024-12-23,10,Northeast,362.41,2024-12-26,2024-12-25
8959,38,2024-04-07,8,West,1564.64,2024-04-10,2024-04-11
8960,85,2024-08-28,4,Midwest,1847.6,2024-08-31,2024-08-29
8961,61,2024-04-23,10,South,1928.03,2024-04-26,2024-04-29
8962,9,2025-05-01,10,South,38.46,2025-05-04,2025-05-06
8963,77,2024-08-28,8,West,1917.15,2024-08-31,2024-09-05
8964,75,2024-06-04,4,Northeast,1485.58,2024-06-07,2024-06-07
8965,61,2024-12-17,1,West,186.42,2024-12-20,2024-12-23
8966,80,2024-02-13,8,Midwest,842.18,2024-02-16,2024-02-18
8967,16,2024-11-07,1,West,1406.09,2024-11-10,2024-11-09
8968,2,2024-05-17,3,West,1914.24,2024-05-20,2024-05-23
8969,72,2025-03-11,7,Northeast,345.0,2025-03-14,2025-03-16
8970,43,2024-05-22,3,South,272.91,2024-05-25,2024-05-30
8971,42,2024-10-25,8,Northeast,955.25,2024-10-28,2024-10-31
8972,77,2024-09-18,5,South,1936.84,2024-09-21,2024-09-22
8973,57,2025-05-26,3,Northeast,1943.33,2025-05-29,2025-06-03
8974,81,2024-03-02,5,South,471.27,2024-03-05,2024-03-08
8975,88,2025-02-26,5,Northeast,652.31,2025-03-01,2025-03-01
8976,67,2025-01-30,8,South,1817.9,2025-02-02,2025-02-07
8977,30,2024-01-31,9,South,1474.99,2024-02-03,2024-02-08
8978,13,2024-11-25,6,South,1945.19,2024-11-28,2024-11-27
8979,19,2024-06-17,10,South,1788.43,2024-06-20,2024-06-20
8980,7,2024-09-22,3,Northeast,445.89,2024-09-25,2024-09-27
8981,9,2024-11-03,2,Midwest,1524.26,2024-11-06,2024-11-07
8982,83,2025-04-03,3,South,116.16,2025-04-06,2025-04-07
8983,54,2024-07-03,9,South,1639.31,2024-07-06,2024-07-06
8984,86,2024-11-29,7,South,1211.08,2024-12-02,2024-12-05
8985,82,2025-05-29,9,South,1913.08,2025-06-01,2025-06-04
8986,61,2025-03-16,6,South,1920.86,2025-03-19,2025-03-17
8987,87,2025-01-25,8,West,120.61,2025-01-28,2025-01-29
8988,2,2024-09-10,10,West,337.83,2024-09-13,2024-09-13
8989,50,2024-11-30,9,South,978.73,2024-12-03,2024-12-06
8990,75,2025-02-03,3,South,1761.4,2025-02-06,2025-02-10
8991,31,2024-06-14,7,South,1632.6,2024-06-17,2024-06-21
8992,33,2024-09-16,9,Midwest,1929.45,2024-09-19,2024-09-20
8993,78,2024-01-04,2,Northeast,1243.81,2024-01-07,2024-01-11
8994,80,2024-04-28,7,South,528.0,2024-05-01,2024-04-29
8995,11,2025-04-14,5,Midwest,69.71,2025-04-17,2025-04-23
8996,33,2025-04-14,8,Midwest,461.39,2025-04-17,2025-04-17
8997,7,2025-05-07,4,South,1357.04,2025-05-10,2025-05-08
8998,31,2025-05-14,1,Northeast,1854.02,2025-05-17,2025-05-17
8999,48,2024-03-10,10,West,655.39,2024-03-13,2024-03-19
9000,47,2025-01-04,8,South,1753.89,2025-01-07,2025-01-11
9001,78,2024-06-29,6,South,801.9,2024-07-02,2024-07-09
9002,92,2024-01-05,8,West,630.38,2024-01-08,2024-01-11
9003,53,2024-07-15,3,Northeast,1027.51,2024-07-18,2024-07-24
9004,80,2024-02-16,8,West,895.7,2024-02-19,2024-02-20
9005,19,2024-05-19,8,South,1829.32,2024-05-22,2024-05-20
9006,81,2025-03-02,1,South,947.15,2025-03-05,2025-03-08
9007,90,2024-11-05,4,Midwest,569.12,2024-11-08,2024-11-10
9008,6,2024-09-30,7,West,1688.28,2024-10-03,2024-10-07
9009,49,2025-01-24,1,Midwest,1997.52,2025-01-27,2025-01-31
9010,73,2025-04-03,3,Midwest,1303.38,2025-04-06,2025-04-09
9011,50,2024-12-26,3,Midwest,515.91,2024-12-29,2024-12-31
9012,81,2024-03-09,6,Midwest,492.85,2024-03-12,2024-03-14
9013,95,2025-03-06,5,West,134.26,2025-03-09,2025-03-12
9014,12,2024-02-01,7,West,173.04,2024-02-04,2024-02-02
9015,23,2025-05-27,3,West,1831.67,2025-05-30,2025-05-30
9016,54,2024-06-30,1,South,211.04,2024-07-03,2024-07-11
9017,69,2024-09-04,3,Northeast,979.0,2024-09-07,2024-09-08
9018,100,2024-10-23,8,Midwest,1402.28,2024-10-26,2024-10-30
9019,59,2024-01-30,5,South,1703.7,2024-02-02,2024-02-03
9020,36,2024-10-28,3,West,359.12,2024-10-31,2024-11-01
9021,3,2025-04-20,8,West,886.8,2025-04-23,2025-04-21
9022,58,2024-12-17,6,South,517.93,2024-12-20,2024-12-24
9023,88,2025-04-26,3,Midwest,526.53,2025-04-29,2025-04-29
9024,55,2024-11-12,5,West,621.6,2024-11-15,2024-11-13
9025,57,2025-01-31,1,Midwest,1182.49,2025-02-03,2025-02-01
9026,17,2024-03-29,6,Midwest,52.82,2024-04-01,2024-04-03
9027,39,2024-08-21,9,Northeast,829.36,2024-08-24,2024-08-24
9028,90,2024-06-16,7,West,389.92,2024-06-19,2024-06-19
9029,68,2024-05-05,8,South,1934.89,2024-05-08,2024-05-09
9030,55,2024-04-29,6,Northeast,1173.8,2024-05-02,2024-04-30
9031,45,2025-03-03,5,Midwest,1738.83,2025-03-06,2025-03-04
9032,76,2024-07-08,6,South,407.47,2024-07-11,2024-07-15
9033,1,2025-03-03,7,Northeast,1623.83,2025-03-06,2025-03-10
9034,21,2024-07-20,9,Northeast,841.27,2024-07-23,2024-07-27
9035,83,2024-02-28,8,Northeast,371.84,2024-03-02,2024-03-06
9036,21,2024-08-10,5,Midwest,1527.27,2024-08-13,2024-08-16
9037,52,2025-05-06,7,Midwest,1528.78,2025-05-09,2025-05-15
9038,82,2024-01-11,8,West,1991.86,2024-01-14,2024-01-18
9039,43,2025-05-26,1,Northeast,1566.26,2025-05-29,2025-05-31
9040,52,2024-11-05,8,South,307.63,2024-11-08,2024-11-15
9041,67,2024-02-03,7,Midwest,658.64,2024-02-06,2024-02-10
9042,44,2024-12-05,2,Northeast,914.42,2024-12-08,2024-12-12
9043,32,2025-04-25,2,South,270.77,2025-04-28,2025-04-28
9044,10,2024-04-02,6,Midwest,1580.32,2024-04-05,2024-04-07
9045,64,2024-05-12,3,South,1062.86,2024-05-15,2024-05-14
9046,79,2025-02-22,1,South,1890.01,2025-02-25,2025-02-23
9047,69,2025-04-12,8,West,1186.83,2025-04-15,2025-04-13
9048,68,2025-03-19,7,Midwest,1055.34,2025-03-22,2025-03-23
9049,28,2024-01-30,4,Midwest,161.42,2024-02-02,2024-02-08
9050,53,2024-10-24,1,Midwest,315.7,2024-10-27,2024-10-30
9051,51,2024-03-01,2,Midwest,1702.06,2024-03-04,2024-03-09
9052,53,2025-04-02,9,West,1981.54,2025-04-05,2025-04-04
9053,4,2024-10-30,4,West,842.05,2024-11-02,2024-11-05
9054,79,2024-12-05,3,Northeast,1623.97,2024-12-08,2024-12-16
9055,17,2025-03-23,8,Midwest,1262.62,2025-03-26,2025-03-30
9056,67,2024-10-28,4,South,1918.94,2024-10-31,2024-11-01
9057,74,2025-04-29,7,West,491.51,2025-05-02,2025-04-30
9058,47,2024-03-17,5,South,1098.77,2024-03-20,2024-03-18
9059,56,2025-05-29,5,South,829.42,2025-06-01,2025-06-05
9060,23,2024-04-01,6,South,1092.6,2024-04-04,2024-04-07
9061,18,2025-04-10,4,Northeast,552.34,2025-04-13,2025-04-20
9062,1,2025-04-10,2,Northeast,1005.54,2025-04-13,2025-04-15
9063,35,2024-02-09,6,Midwest,1257.11,2024-02-12,2024-02-10
9064,64,2024-11-24,5,West,180.81,2024-11-27,2024-11-28
9065,58,2024-10-11,3,Midwest,1491.11,2024-10-14,2024-10-16
9066,95,2024-03-06,4,Northeast,1418.92,2024-03-09,2024-03-10
9067,59,2024-04-18,3,Northeast,1763.31,2024-04-21,2024-04-23
9068,1,2025-02-18,3,South,863.2,2025-02-21,2025-02-24
9069,3,2024-04-01,4,Midwest,142.1,2024-04-04,2024-04-02
9070,67,2025-01-02,2,South,933.69,2025-01-05,2025-01-05
9071,37,2025-02-26,4,Northeast,292.47,2025-03-01,2025-03-07
9072,83,2024-08-27,10,Midwest,1301.94,2024-08-30,2024-09-06
9073,29,2025-03-10,2,Midwest,113.32,2025-03-13,2025-03-11
9074,89,2024-07-30,10,West,760.51,2024-08-02,2024-07-31
9075,33,2025-02-03,8,Northeast,184.03,2025-02-06,2025-02-10
9076,100,2025-04-12,10,Northeast,26.67,2025-04-15,2025-04-23
9077,61,2024-06-18,5,West,1921.9,2024-06-21,2024-06-24
9078,93,2024-07-28,7,Northeast,1992.33,2024-07-31,2024-08-02
9079,90,2024-09-12,4,South,1119.9,2024-09-15,2024-09-15
9080,4,2024-03-13,10,South,493.13,2024-03-16,2024-03-21
9081,14,2024-05-26,6,South,1823.98,2024-05-29,2024-05-30
9082,91,2024-12-05,10,Midwest,1847.61,2024-12-08,2024-12-15
9083,33,2024-11-12,4,South,1711.93,2024-11-15,2024-11-18
9084,22,2024-06-02,6,Northeast,1097.85,2024-06-05,2024-06-08
9085,48,2024-09-11,1,West,167.91,2024-09-14,2024-09-14
9086,3,2024-12-16,6,South,195.11,2024-12-19,2024-12-19
9087,87,2024-11-07,6,South,1795.31,2024-11-10,2024-11-10
9088,85,2024-05-13,2,Midwest,1754.14,2024-05-16,2024-05-18
9089,23,2024-05-08,10,Northeast,880.11,2024-05-11,2024-05-16
9090,68,2025-03-11,10,West,669.75,2025-03-14,2025-03-18
9091,21,2024-10-06,9,Northeast,1295.37,2024-10-09,2024-10-10
9092,43,2024-12-23,6,South,1617.84,2024-12-26,2024-12-24
9093,95,2024-09-08,7,Northeast,1468.74,2024-09-11,2024-09-11
9094,85,2024-05-14,2,West,1238.89,2024-05-17,2024-05-19
9095,26,2024-11-14,2,South,478.39,2024-11-17,2024-11-20
9096,41,2024-03-20,2,Northeast,539.76,2024-03-23,2024-03-30
9097,99,2024-07-09,10,West,1453.65,2024-07-12,2024-07-18
9098,38,2025-03-28,9,South,1609.19,2025-03-31,2025-04-04
9099,88,2024-12-09,3,South,249.95,2024-12-12,2024-12-12
9100,11,2024-01-30,4,Northeast,390.85,2024-02-02,2024-02-05
9101,29,2025-02-17,1,Midwest,1367.33,2025-02-20,2025-02-24
9102,60,2025-01-02,1,Midwest,790.19,2025-01-05,2025-01-11
9103,67,2025-05-16,4,West,1135.32,2025-05-19,2025-05-18
9104,65,2024-01-21,2,Northeast,1237.33,2024-01-24,2024-01-29
9105,61,2024-09-02,8,West,1556.88,2024-09-05,2024-09-09
9106,19,2024-10-09,4,Northeast,1615.32,2024-10-12,2024-10-12
9107,46,2024-08-19,3,West,574.59,2024-08-22,2024-08-28
9108,49,2024-11-11,3,West,1091.77,2024-11-14,2024-11-12
9109,22,2024-12-01,6,Northeast,264.58,2024-12-04,2024-12-13
9110,78,2025-02-14,6,Midwest,1687.19,2025-02-17,2025-02-23
9111,57,2024-09-01,6,West,1693.99,2024-09-04,2024-09-05
9112,14,2025-01-21,6,Northeast,613.02,2025-01-24,2025-01-25
9113,44,2024-12-23,8,Northeast,338.03,2024-12-26,2024-12-28
9114,16,2024-01-22,8,Northeast,158.78,2024-01-25,2024-01-25
9115,97,2024-01-19,9,South,1158.45,2024-01-22,2024-01-23
9116,77,2024-10-13,1,Northeast,201.03,2024-10-16,2024-10-20
9117,12,2024-10-02,10,Northeast,1367.58,2024-10-05,2024-10-05
9118,55,2024-03-12,8,South,1362.69,2024-03-15,2024-03-20
9119,51,2024-12-30,5,South,1235.7,2025-01-02,2025-01-03
9120,39,2024-11-30,3,Midwest,1755.59,2024-12-03,2024-12-08
9121,33,2024-07-17,10,Northeast,769.0,2024-07-20,2024-07-26
9122,33,2024-01-17,3,West,1806.49,2024-01-20,2024-01-19
9123,29,2024-08-05,6,South,93.11,2024-08-08,2024-08-06
9124,69,2024-05-26,8,South,243.26,2024-05-29,2024-05-31
9125,70,2024-07-28,10,Midwest,836.17,2024-07-31,2024-08-03
9126,31,2025-02-17,2,Midwest,1196.11,2025-02-20,2025-02-18
9127,80,2024-11-25,9,Midwest,84.1,2024-11-28,2024-12-05
9128,31,2024-12-17,5,Northeast,1143.52,2024-12-20,2024-12-21
9129,89,2024-06-11,5,Northeast,628.65,2024-06-14,2024-06-18
9130,46,2024-04-10,1,Northeast,1776.55,2024-04-13,2024-04-13
9131,97,2024-11-22,6,South,1075.9,2024-11-25,2024-11-23
9132,77,2024-11-22,5,Midwest,1184.03,2024-11-25,2024-12-01
9133,52,2024-06-03,7,South,1892.33,2024-06-06,2024-06-05
9134,10,2024-01-10,7,West,1533.06,2024-01-13,2024-01-17
9135,88,2024-12-18,4,Northeast,887.78,2024-12-21,2024-12-21
9136,74,2024-07-01,5,South,964.22,2024-07-04,2024-07-05
9137,41,2025-03-30,10,West,1302.89,2025-04-02,2025-04-04
9138,95,2024-01-06,8,South,416.39,2024-01-09,2024-01-11
9139,77,2024-11-28,2,West,195.53,2024-12-01,2024-12-01
9140,3,2024-11-28,1,South,636.25,2024-12-01,2024-12-05
9141,59,2024-09-14,6,South,1561.2,2024-09-17,2024-09-22
9142,52,2024-07-29,4,Northeast,529.5,2024-08-01,2024-08-07
9143,34,2024-02-20,10,South,278.9,2024-02-23,2024-02-24
9144,49,2025-03-20,3,South,453.66,2025-03-23,2025-03-22
9145,28,2025-01-11,7,Midwest,1364.37,2025-01-14,2025-01-17
9146,83,2025-04-30,8,South,1235.62,2025-05-03,2025-05-06
9147,87,2024-02-20,4,Northeast,1382.86,2024-02-23,2024-02-26
9148,96,2024-06-02,10,South,657.48,2024-06-05,2024-06-12
9149,13,2024-11-05,6,Northeast,1803.7,2024-11-08,2024-11-10
9150,97,2025-02-02,2,Midwest,914.51,2025-02-05,2025-02-13
9151,98,2024-05-13,8,Northeast,1037.15,2024-05-16,2024-05-21
9152,97,2024-08-07,6,Midwest,1898.64,2024-08-10,2024-08-15
9153,69,2024-06-11,9,Midwest,1958.97,2024-06-14,2024-06-16
9154,67,2025-05-16,6,Midwest,1329.85,2025-05-19,2025-05-20
9155,61,2024-04-24,6,Midwest,1890.73,2024-04-27,2024-04-27
9156,60,2025-05-13,2,Midwest,1092.18,2025-05-16,2025-05-19
9157,71,2025-04-16,5,Northeast,628.42,2025-04-19,2025-04-24
9158,24,2024-05-28,9,Midwest,643.88,2024-05-31,2024-06-01
9159,63,2024-08-28,1,Midwest,1126.7,2024-08-31,2024-09-01
9160,86,2024-05-02,4,Midwest,1217.97,2024-05-05,2024-05-04
9161,61,2024-03-09,10,Midwest,890.44,2024-03-12,2024-03-16
9162,23,2024-03-03,10,Midwest,1769.87,2024-03-06,2024-03-05
9163,30,2024-01-16,3,West,864.86,2024-01-19,2024-01-22
9164,60,2025-01-24,1,South,561.38,2025-01-27,2025-01-30
9165,18,2024-09-14,1,South,35.8,2024-09-17,2024-09-19
9166,96,2024-08-04,1,Midwest,1941.73,2024-08-07,2024-08-13
9167,56,2025-04-23,1,Midwest,1652.14,2025-04-26,2025-05-03
9168,53,2024-04-23,2,West,1238.81,2024-04-26,2024-04-24
9169,7,2025-01-14,5,Midwest,1664.47,2025-01-17,2025-01-15
9170,97,2024-08-24,2,West,1624.37,2024-08-27,2024-08-31
9171,69,2025-04-20,4,South,1865.06,2025-04-23,2025-04-30
9172,92,2024-05-08,9,Northeast,784.41,2024-05-11,2024-05-09
9173,72,2025-05-24,3,South,1118.61,2025-05-27,2025-05-30
9174,79,2024-06-13,2,Northeast,215.28,2024-06-16,2024-06-14
9175,52,2024-10-03,4,Northeast,1931.32,2024-10-06,2024-10-04
9176,4,2024-09-13,9,Northeast,1970.55,2024-09-16,2024-09-24
9177,34,2024-05-11,4,Midwest,1582.39,2024-05-14,2024-05-17
9178,69,2024-09-13,5,West,919.16,2024-09-16,2024-09-14
9179,33,2024-05-20,4,Northeast,1003.2,2024-05-23,2024-05-24
9180,69,2024-07-27,8,West,882.03,2024-07-30,2024-07-30
9181,38,2024-02-20,4,South,600.76,2024-02-23,2024-02-24
9182,98,2025-05-17,2,Northeast,1065.03,2025-05-20,2025-05-21
9183,26,2024-09-15,4,South,125.82,2024-09-18,2024-09-21
9184,1,2024-06-26,2,West,1983.94,2024-06-29,2024-07-02
9185,4,2024-12-21,9,West,859.62,2024-12-24,2024-12-24
9186,39,2024-11-13,8,South,1856.19,2024-11-16,2024-11-16
9187,54,2024-12-29,9,West,1454.06,2025-01-01,2025-01-04
9188,90,2024-02-24,4,South,594.09,2024-02-27,2024-02-27
9189,33,2024-06-04,1,West,459.66,2024-06-07,2024-06-07
9190,33,2024-02-13,3,Midwest,1991.44,2024-02-16,2024-02-18
9191,72,2024-11-17,7,South,1548.81,2024-11-20,2024-11-22
9192,20,2024-01-14,1,Northeast,514.33,2024-01-17,2024-01-18
9193,16,2024-12-22,8,Northeast,153.54,2024-12-25,2024-12-30
9194,21,2025-04-27,9,Northeast,1399.89,2025-04-30,2025-05-03
9195,45,2024-12-24,8,West,619.97,2024-12-27,2025-01-04
9196,90,2024-11-13,5,South,458.24,2024-11-16,2024-11-17
9197,87,2024-03-15,9,West,1475.18,2024-03-18,2024-03-22
9198,82,2024-07-12,4,Northeast,1364.94,2024-07-15,2024-07-21
9199,62,2024-12-28,9,Midwest,973.2,2024-12-31,2024-12-30
9200,31,2024-04-05,1,Northeast,1886.46,2024-04-08,2024-04-09
9201,42,2024-02-09,3,Northeast,1365.68,2024-02-12,2024-02-18
9202,12,2025-01-31,4,Northeast,1788.97,2025-02-03,2025-02-07
9203,65,2024-04-16,10,Midwest,397.29,2024-04-19,2024-04-21
9204,73,2024-01-17,1,Midwest,607.36,2024-01-20,2024-01-18
9205,3,2025-05-13,6,South,226.95,2025-05-16,2025-05-14
9206,90,2024-02-12,4,Midwest,623.07,2024-02-15,2024-02-16
9207,9,2024-12-15,4,South,1944.12,2024-12-18,2024-12-18
9208,51,2024-01-30,1,Midwest,1926.46,2024-02-02,2024-02-02
9209,16,2025-03-16,5,South,1525.56,2025-03-19,2025-03-17
9210,88,2025-03-30,9,Northeast,1051.68,2025-04-02,2025-03-31
9211,78,2024-04-03,6,Midwest,1565.94,2024-04-06,2024-04-05
9212,3,2024-10-21,8,West,1115.9,2024-10-24,2024-10-26
9213,98,2024-03-29,4,West,26.95,2024-04-01,2024-04-02
9214,97,2025-05-17,9,South,1013.06,2025-05-20,2025-05-22
9215,24,2024-08-01,7,Midwest,1205.87,2024-08-04,2024-08-06
9216,73,2025-02-25,7,Midwest,546.18,2025-02-28,2025-02-26
9217,13,2024-07-10,8,West,422.52,2024-07-13,2024-07-18
9218,2,2024-08-11,2,Midwest,562.14,2024-08-14,2024-08-18
9219,71,2025-01-21,6,Midwest,1254.78,2025-01-24,2025-01-26
9220,21,2025-04-18,7,South,309.21,2025-04-21,2025-04-21
9221,19,2024-07-21,3,Northeast,1446.25,2024-07-24,2024-07-30
9222,89,2025-03-22,8,West,856.9,2025-03-25,2025-03-24
9223,47,2024-03-08,1,Northeast,719.63,2024-03-11,2024-03-16
9224,22,2024-04-01,1,Midwest,1618.32,2024-04-04,2024-04-03
9225,75,2024-06-26,10,Midwest,1022.01,2024-06-29,2024-07-05
9226,33,2024-01-03,3,South,769.23,2024-01-06,2024-01-09
9227,32,2024-04-12,6,Northeast,1758.75,2024-04-15,2024-04-20
9228,64,2024-09-29,7,Northeast,749.14,2024-10-02,2024-10-05
9229,85,2024-04-25,2,South,1720.82,2024-04-28,2024-05-01
9230,39,2025-04-08,6,Northeast,1018.31,2025-04-11,2025-04-13
9231,84,2024-04-13,5,South,431.85,2024-04-16,2024-04-15
9232,72,2024-09-15,6,South,1233.38,2024-09-18,2024-09-23
9233,42,2024-11-03,1,Midwest,584.94,2024-11-06,2024-11-07
9234,9,2025-01-01,10,Midwest,311.37,2025-01-04,2025-01-06
9235,25,2024-10-28,7,Midwest,191.33,2024-10-31,2024-10-29
9236,89,2024-01-27,8,South,498.56,2024-01-30,2024-01-31
9237,97,2025-05-22,7,Midwest,1478.38,2025-05-25,2025-05-28
9238,2,2024-12-30,9,West,1679.24,2025-01-02,2025-01-09
9239,19,2024-10-24,1,West,1726.21,2024-10-27,2024-10-29
9240,20,2024-12-26,10,Midwest,554.89,2024-12-29,2024-12-30
9241,93,2025-05-18,9,South,1328.73,2025-05-21,2025-05-21
9242,70,2024-01-30,3,West,476.1,2024-02-02,2024-02-02
9243,17,2025-03-14,2,Midwest,1253.07,2025-03-17,2025-03-24
9244,89,2024-12-05,6,West,1776.68,2024-12-08,2024-12-07
9245,68,2024-05-05,5,West,100.97,2024-05-08,2024-05-09
9246,94,2024-12-31,4,West,1970.75,2025-01-03,2025-01-09
9247,84,2025-03-18,4,Northeast,1657.63,2025-03-21,2025-03-26
9248,3,2024-09-19,8,West,1528.09,2024-09-22,2024-10-01
9249,87,2024-08-09,10,Midwest,1388.9,2024-08-12,2024-08-17
9250,51,2024-01-02,3,West,1545.14,2024-01-05,2024-01-08
9251,82,2025-01-28,1,Midwest,1989.3,2025-01-31,2025-02-04
9252,26,2024-11-01,5,West,1544.98,2024-11-04,2024-11-03
9253,56,2024-05-25,8,West,716.17,2024-05-28,2024-05-30
9254,100,2024-11-03,3,Northeast,1235.57,2024-11-06,2024-11-05
9255,64,2024-12-05,2,West,687.11,2024-12-08,2024-12-14
9256,8,2024-12-17,1,Midwest,1940.73,2024-12-20,2024-12-18
9257,81,2024-07-27,4,Northeast,1802.28,2024-07-30,2024-07-31
9258,95,2024-07-23,2,Northeast,1143.89,2024-07-26,2024-07-25
9259,37,2024-01-15,8,West,1566.92,2024-01-18,2024-01-23
9260,97,2025-03-03,10,West,1821.18,2025-03-06,2025-03-09
9261,27,2025-04-20,9,South,502.33,2025-04-23,2025-04-25
9262,45,2024-10-24,10,West,1167.37,2024-10-27,2024-10-25
9263,4,2024-04-03,1,South,973.8,2024-04-06,2024-04-12
9264,86,2024-04-16,2,Midwest,1547.75,2024-04-19,2024-04-18
9265,90,2025-02-22,6,West,770.58,2025-02-25,2025-02-26
9266,96,2024-10-04,10,West,1423.78,2024-10-07,2024-10-09
9267,88,2024-05-07,7,South,817.93,2024-05-10,2024-05-14
9268,99,2025-04-03,2,South,239.93,2025-04-06,2025-04-07
9269,37,2024-02-07,8,Northeast,232.1,2024-02-10,2024-02-16
9270,96,2024-07-16,10,Northeast,255.73,2024-07-19,2024-07-21
9271,71,2024-12-22,9,West,84.39,2024-12-25,2025-01-01
9272,33,2024-01-07,8,Midwest,1075.29,2024-01-10,2024-01-09
9273,31,2024-11-27,9,Northeast,1350.37,2024-11-30,2024-12-04
9274,55,2024-07-12,6,Northeast,270.92,2024-07-15,2024-07-15
9275,12,2024-11-11,7,Northeast,1231.48,2024-11-14,2024-11-16
9276,11,2024-01-01,6,South,1203.53,2024-01-04,2024-01-02
9277,88,2024-03-02,7,West,311.25,2024-03-05,2024-03-11
9278,72,2024-12-08,3,South,820.08,2024-12-11,2024-12-17
9279,32,2024-01-18,4,Midwest,1515.17,2024-01-21,2024-01-27
9280,57,2025-01-05,9,South,53.18,2025-01-08,2025-01-13
9281,38,2024-08-22,3,West,310.96,2024-08-25,2024-09-04
9282,60,2024-03-09,2,South,1991.74,2024-03-12,2024-03-15
9283,86,2025-03-22,7,Midwest,1472.42,2025-03-25,2025-04-01
9284,98,2024-01-08,6,West,938.98,2024-01-11,2024-01-13
9285,19,2025-04-06,3,West,1267.01,2025-04-09,2025-04-13
9286,84,2024-11-06,6,West,1695.52,2024-11-09,2024-11-13
9287,56,2024-05-13,7,West,1687.76,2024-05-16,2024-05-14
9288,14,2025-01-19,6,Midwest,662.91,2025-01-22,2025-01-24
9289,33,2024-02-25,1,West,992.76,2024-02-28,2024-02-29
9290,10,2024-12-25,1,Midwest,1283.35,2024-12-28,2024-12-30
9291,80,2024-04-23,9,Midwest,162.36,2024-04-26,2024-04-26
9292,64,2024-03-28,6,South,1892.68,2024-03-31,2024-04-02
9293,64,2024-05-17,2,South,876.83,2024-05-20,2024-05-23
9294,62,2024-04-17,1,West,754.31,2024-04-20,2024-04-19
9295,68,2025-05-14,2,Northeast,1816.06,2025-05-17,2025-05-19
9296,91,2024-05-23,8,Northeast,254.21,2024-05-26,2024-05-27
9297,92,2024-02-25,5,West,97.74,2024-02-28,2024-03-05
9298,43,2024-01-06,7,Midwest,1376.3,2024-01-09,2024-01-13
9299,80,2025-03-22,7,South,782.31,2025-03-25,2025-03-25
9300,59,2025-01-19,2,West,1533.66,2025-01-22,2025-01-27
9301,52,2024-11-02,4,West,155.72,2024-11-05,2024-11-07
9302,97,2024-10-28,2,Midwest,779.84,2024-10-31,2024-11-02
9303,19,2025-02-08,7,South,485.94,2025-02-11,2025-02-10
9304,21,2025-05-24,5,Northeast,1484.42,2025-05-27,2025-05-30
9305,22,2024-03-13,1,Northeast,469.8,2024-03-16,2024-03-21
9306,9,2024-09-21,2,West,926.73,2024-09-24,2024-09-25
9307,9,2024-08-14,6,West,1641.38,2024-08-17,2024-08-24
9308,73,2024-07-11,4,West,1832.47,2024-07-14,2024-07-19
9309,27,2025-01-08,7,West,1450.76,2025-01-11,2025-01-10
9310,17,2024-01-10,2,West,869.87,2024-01-13,2024-01-16
9311,44,2024-10-28,2,Northeast,1152.53,2024-10-31,2024-10-29
9312,45,2024-12-24,6,West,1385.59,2024-12-27,2024-12-26
9313,8,2024-02-21,8,South,1752.37,2024-02-24,2024-02-22
9314,80,2024-04-08,1,Midwest,1779.38,2024-04-11,2024-04-09
9315,18,2024-01-13,5,Northeast,1863.32,2024-01-16,2024-01-17
9316,33,2025-01-24,1,Midwest,1625.21,2025-01-27,2025-01-28
9317,1,2024-12-22,6,Midwest,310.66,2024-12-25,2024-12-28
9318,76,2024-01-11,7,West,1500.33,2024-01-14,2024-01-13
9319,6,2024-03-21,6,Midwest,1632.89,2024-03-24,2024-03-29
9320,41,2024-09-17,9,South,1758.19,2024-09-20,2024-09-21
9321,55,2024-01-06,3,West,1851.14,2024-01-09,2024-01-12
9322,5,2025-04-02,8,Northeast,1028.14,2025-04-05,2025-04-03
9323,59,2025-01-07,3,South,1317.08,2025-01-10,2025-01-12
9324,80,2025-04-25,7,Northeast,38.91,2025-04-28,2025-05-02
9325,18,2024-08-09,5,West,1154.11,2024-08-12,2024-08-10
9326,49,2024-03-21,1,West,956.93,2024-03-24,2024-03-26
9327,82,2025-05-29,4,Northeast,1925.37,2025-06-01,2025-06-01
9328,65,2024-02-29,9,Midwest,1805.38,2024-03-03,2024-03-10
9329,83,2024-08-08,8,Northeast,1599.26,2024-08-11,2024-08-09
9330,54,2024-12-14,3,South,132.85,2024-12-17,2024-12-25
9331,61,2024-08-15,2,Midwest,816.02,2024-08-18,2024-08-24
9332,8,2024-10-16,9,West,1398.16,2024-10-19,2024-10-21
9333,3,2024-10-19,1,South,78.73,2024-10-22,2024-10-20
9334,25,2024-07-11,9,South,486.91,2024-07-14,2024-07-15
9335,69,2025-04-18,7,West,1777.26,2025-04-21,2025-04-25
9336,55,2024-09-13,2,Midwest,276.97,2024-09-16,2024-09-18
9337,40,2025-05-20,5,West,121.72,2025-05-23,2025-05-22
9338,83,2025-01-22,2,South,1169.56,2025-01-25,2025-01-30
9339,82,2025-02-01,5,South,1894.0,2025-02-04,2025-02-06
9340,50,2024-12-31,7,South,1672.56,2025-01-03,2025-01-06
9341,95,2024-10-16,5,West,1950.05,2024-10-19,2024-10-24
9342,33,2024-11-04,2,Northeast,1511.98,2024-11-07,2024-11-12
9343,18,2024-10-04,5,South,885.99,2024-10-07,2024-10-12
9344,57,2025-04-08,10,South,1894.3,2025-04-11,2025-04-15
9345,16,2024-07-07,6,Midwest,864.73,2024-07-10,2024-07-10
9346,80,2024-06-26,5,Northeast,713.19,2024-06-29,2024-07-01
9347,38,2025-01-09,2,Midwest,907.43,2025-01-12,2025-01-18
9348,41,2025-03-29,6,South,1631.67,2025-04-01,2025-03-30
9349,7,2024-08-04,6,Northeast,1837.03,2024-08-07,2024-08-06
9350,78,2024-02-11,2,Midwest,728.21,2024-02-14,2024-02-18
9351,53,2024-07-12,4,West,935.25,2024-07-15,2024-07-17
9352,63,2024-11-22,7,Midwest,1798.69,2024-11-25,2024-11-23
9353,89,2025-01-07,1,Northeast,113.15,2025-01-10,2025-01-14
9354,32,2025-04-09,1,Midwest,1572.06,2025-04-12,2025-04-15
9355,38,2024-06-11,6,Northeast,919.35,2024-06-14,2024-06-24
9356,22,2024-10-02,7,Northeast,765.51,2024-10-05,2024-10-08
9357,16,2024-12-29,5,Midwest,904.9,2025-01-01,2025-01-09
9358,52,2025-04-24,10,Midwest,849.01,2025-04-27,2025-05-02
9359,29,2025-04-04,8,West,1518.1,2025-04-07,2025-04-05
9360,16,2024-09-21,4,Midwest,1857.34,2024-09-24,2024-09-26
9361,76,2025-01-20,3,Northeast,993.08,2025-01-23,2025-01-25
9362,17,2024-03-25,7,South,1668.81,2024-03-28,2024-03-30
9363,64,2024-11-11,4,Midwest,1469.25,2024-11-14,2024-11-13
9364,91,2024-08-30,1,Midwest,674.75,2024-09-02,2024-09-06
9365,89,2025-04-13,8,Northeast,1182.88,2025-04-16,2025-04-17
9366,13,2024-12-07,5,South,1340.3,2024-12-10,2024-12-16
9367,72,2024-06-25,8,West,66.53,2024-06-28,2024-07-03
9368,56,2024-05-09,8,South,803.99,2024-05-12,2024-05-13
9369,5,2024-03-23,5,Northeast,1985.42,2024-03-26,2024-03-26
9370,12,2024-12-25,8,Northeast,1281.77,2024-12-28,2024-12-28
9371,41,2024-03-28,7,Northeast,681.8,2024-03-31,2024-04-02
9372,3,2025-04-15,3,Northeast,515.05,2025-04-18,2025-04-21
9373,99,2025-05-12,4,South,434.77,2025-05-15,2025-05-16
9374,33,2025-05-21,7,South,815.25,2025-05-24,2025-05-25
9375,86,2024-12-19,4,South,402.67,2024-12-22,2024-12-25
9376,50,2025-02-19,6,Midwest,287.67,2025-02-22,2025-02-27
9377,56,2024-02-20,2,Northeast,740.85,2024-02-23,2024-02-26
9378,9,2024-03-03,2,Midwest,1221.86,2024-03-06,2024-03-08
9379,82,2024-03-29,3,Midwest,309.87,2024-04-01,2024-04-04
9380,50,2024-07-08,10,Midwest,107.8,2024-07-11,2024-07-09
9381,29,2024-12-13,7,West,88.57,2024-12-16,2024-12-17
9382,39,2024-06-24,3,Midwest,549.42,2024-06-27,2024-06-25
9383,91,2024-12-29,3,Northeast,396.46,2025-01-01,2025-01-01
9384,100,2025-04-27,4,Midwest,1087.73,2025-04-30,2025-04-29
9385,45,2024-04-28,10,Northeast,922.33,2024-05-01,2024-04-30
9386,17,2024-06-17,6,West,663.04,2024-06-20,2024-06-19
9387,56,2024-05-26,1,South,1670.41,2024-05-29,2024-06-07
9388,98,2025-03-12,6,Northeast,1019.8,2025-03-15,2025-03-17
9389,46,2025-03-14,8,Midwest,201.23,2025-03-17,2025-03-23
9390,67,2024-07-07,8,Northeast,605.61,2024-07-10,2024-07-14
9391,69,2024-06-08,6,Midwest,1947.21,2024-06-11,2024-06-15
9392,14,2025-02-05,6,South,1954.42,2025-02-08,2025-02-12
9393,67,2024-01-18,3,Northeast,524.25,2024-01-21,2024-01-29
9394,23,2024-05-19,2,Midwest,351.13,2024-05-22,2024-05-25
9395,94,2024-04-24,7,Northeast,1001.46,2024-04-27,2024-04-25
9396,61,2024-11-23,8,South,973.3,2024-11-26,2024-11-27
9397,23,2024-08-12,10,South,832.07,2024-08-15,2024-08-14
9398,27,2025-03-14,6,South,1068.13,2025-03-17,2025-03-15
9399,54,2025-01-20,5,Northeast,479.75,2025-01-23,2025-01-26
9400,10,2024-09-09,4,Northeast,247.56,2024-09-12,2024-09-10
9401,89,2024-04-07,1,Midwest,1149.51,2024-04-10,2024-04-12
9402,77,2024-03-11,9,South,1866.54,2024-03-14,2024-03-12
9403,16,2025-03-22,10,Midwest,292.74,2025-03-25,2025-03-26
9404,41,2024-03-30,4,Northeast,1415.53,2024-04-02,2024-04-06
9405,98,2025-03-05,2,West,887.04,2025-03-08,2025-03-08
9406,55,2024-08-06,4,South,602.07,2024-08-09,2024-08-07
9407,61,2024-04-16,5,Midwest,1709.16,2024-04-19,2024-04-20
9408,86,2025-04-20,2,South,923.85,2025-04-23,2025-04-27
9409,81,2025-03-29,7,Midwest,1174.96,2025-04-01,2025-04-04
9410,87,2024-05-05,3,Midwest,897.25,2024-05-08,2024-05-10
9411,100,2024-05-26,8,West,180.87,2024-05-29,2024-05-28
9412,49,2024-10-06,4,Northeast,1197.91,2024-10-09,2024-10-10
9413,73,2024-01-24,5,South,849.31,2024-01-27,2024-01-31
9414,52,2024-04-29,3,Northeast,191.78,2024-05-02,2024-05-04
9415,2,2024-10-23,5,Midwest,1199.71,2024-10-26,2024-10-29
9416,96,2024-03-22,9,Northeast,39.54,2024-03-25,2024-03-26
9417,50,2025-03-23,2,West,432.87,2025-03-26,2025-03-25
9418,86,2025-04-14,7,Northeast,1566.52,2025-04-17,2025-04-25
9419,43,2025-02-26,10,Midwest,95.1,2025-03-01,2025-03-05
9420,77,2024-01-24,8,Midwest,1300.43,2024-01-27,2024-01-30
9421,8,2024-03-01,3,West,1900.42,2024-03-04,2024-03-06
9422,59,2024-03-24,4,South,358.96,2024-03-27,2024-04-02
9423,65,2024-08-12,10,West,845.88,2024-08-15,2024-08-15
9424,81,2024-07-04,2,South,1159.49,2024-07-07,2024-07-11
9425,12,2025-01-09,10,Midwest,911.82,2025-01-12,2025-01-14
9426,4,2024-03-12,9,Northeast,1248.35,2024-03-15,2024-03-16
9427,77,2024-03-14,3,Midwest,820.11,2024-03-17,2024-03-18
9428,95,2024-12-06,9,West,314.04,2024-12-09,2024-12-15
9429,41,2024-06-01,7,West,196.31,2024-06-04,2024-06-02
9430,7,2024-04-05,6,Northeast,1494.0,2024-04-08,2024-04-15
9431,87,2025-03-20,3,West,492.48,2025-03-23,2025-03-28
9432,88,2024-04-19,7,Midwest,1697.95,2024-04-22,2024-04-24
9433,69,2025-04-02,3,Northeast,1491.19,2025-04-05,2025-04-06
9434,69,2024-02-20,6,South,117.92,2024-02-23,2024-02-25
9435,81,2025-01-11,8,West,418.4,2025-01-14,2025-01-17
9436,30,2024-03-13,5,South,598.15,2024-03-16,2024-03-22
9437,73,2024-07-30,3,Northeast,1197.07,2024-08-02,2024-08-05
9438,6,2025-03-07,6,West,1623.46,2025-03-10,2025-03-13
9439,89,2024-06-16,8,Northeast,139.46,2024-06-19,2024-06-21
9440,19,2024-11-26,10,West,514.23,2024-11-29,2024-11-27
9441,80,2025-05-08,3,West,764.9,2025-05-11,2025-05-09
9442,85,2024-05-22,5,West,383.09,2024-05-25,2024-05-30
9443,66,2025-03-20,9,Northeast,1099.68,2025-03-23,2025-03-26
9444,10,2025-01-28,10,Northeast,966.44,2025-01-31,2025-02-04
9445,16,2025-05-26,10,Midwest,646.66,2025-05-29,2025-06-02
9446,37,2024-11-23,3,Midwest,1043.44,2024-11-26,2024-11-30
9447,79,2024-09-15,2,Northeast,724.53,2024-09-18,2024-09-23
9448,77,2025-03-12,8,Northeast,699.52,2025-03-15,2025-03-14
9449,77,2024-12-14,7,West,545.48,2024-12-17,2024-12-21
9450,32,2025-05-29,9,Midwest,1090.07,2025-06-01,2025-06-04
9451,47,2025-03-24,4,Midwest,899.35,2025-03-27,2025-04-02
9452,72,2025-02-02,3,Northeast,408.72,2025-02-05,2025-02-03
9453,43,2024-08-01,10,Midwest,45.67,2024-08-04,2024-08-13
9454,82,2024-10-15,5,Northeast,318.84,2024-10-18,2024-10-23
9455,36,2024-09-15,1,Midwest,104.81,2024-09-18,2024-09-21
9456,26,2024-09-14,5,South,874.57,2024-09-17,2024-09-16
9457,10,2025-01-22,3,South,465.69,2025-01-25,2025-01-26
9458,31,2024-09-21,1,Midwest,852.5,2024-09-24,2024-09-27
9459,97,2024-11-08,3,Northeast,672.31,2024-11-11,2024-11-18
9460,29,2024-02-09,5,South,1085.27,2024-02-12,2024-02-19
9461,5,2024-07-28,5,West,1453.26,2024-07-31,2024-08-04
9462,77,2024-09-28,10,Northeast,969.04,2024-10-01,2024-10-05
9463,1,2024-05-15,8,South,142.7,2024-05-18,2024-05-21
9464,87,2024-02-29,1,West,54.67,2024-03-03,2024-03-02
9465,3,2025-05-24,7,South,442.2,2025-05-27,2025-05-27
9466,67,2025-05-29,5,South,861.44,2025-06-01,2025-06-06
9467,71,2024-01-15,3,West,108.91,2024-01-18,2024-01-22
9468,100,2024-09-11,4,West,668.91,2024-09-14,2024-09-14
9469,35,2024-08-22,3,Midwest,1776.31,2024-08-25,2024-08-25
9470,15,2024-05-10,8,South,198.24,2024-05-13,2024-05-17
9471,67,2024-01-17,4,West,1898.06,2024-01-20,2024-01-21
9472,93,2024-07-03,3,Midwest,1716.21,2024-07-06,2024-07-06
9473,30,2025-01-25,2,West,1666.93,2025-01-28,2025-01-31
9474,82,2025-02-26,3,Midwest,1730.04,2025-03-01,2025-03-05
9475,75,2025-03-17,7,Midwest,178.5,2025-03-20,2025-03-19
9476,43,2024-01-12,6,West,319.31,2024-01-15,2024-01-16
9477,60,2024-03-20,10,West,286.06,2024-03-23,2024-03-27
9478,40,2024-10-28,5,South,240.26,2024-10-31,2024-11-07
9479,65,2024-08-03,8,South,668.87,2024-08-06,2024-08-09
9480,29,2024-09-04,1,Midwest,1663.83,2024-09-07,2024-09-07
9481,74,2024-09-28,3,West,518.89,2024-10-01,2024-10-01
9482,92,2024-05-12,2,South,503.56,2024-05-15,2024-05-17
9483,95,2024-01-05,2,Midwest,1358.26,2024-01-08,2024-01-10
9484,19,2024-05-20,1,South,211.91,2024-05-23,2024-05-21
9485,3,2025-04-27,5,Midwest,733.35,2025-04-30,2025-04-28
9486,36,2024-10-31,5,South,604.94,2024-11-03,2024-11-01
9487,43,2024-12-10,3,West,1697.66,2024-12-13,2024-12-15
9488,15,2024-09-26,9,Northeast,1038.71,2024-09-29,2024-10-04
9489,97,2024-04-17,6,Northeast,1300.02,2024-04-20,2024-04-25
9490,41,2025-04-18,10,Midwest,275.49,2025-04-21,2025-04-19
9491,90,2024-03-22,6,Northeast,1859.26,2024-03-25,2024-03-24
9492,80,2024-03-24,10,Northeast,658.46,2024-03-27,2024-03-25
9493,36,2024-10-16,6,Midwest,1419.54,2024-10-19,2024-10-21
9494,97,2024-03-11,2,Northeast,1910.16,2024-03-14,2024-03-19
9495,84,2024-06-23,10,South,1027.12,2024-06-26,2024-07-01
9496,77,2025-04-07,10,South,1024.92,2025-04-10,2025-04-10
9497,33,2025-01-29,8,South,252.15,2025-02-01,2025-02-03
9498,5,2024-03-31,6,West,792.75,2024-04-03,2024-04-03
9499,78,2025-04-13,3,South,1707.88,2025-04-16,2025-04-18
9500,91,2025-03-09,10,Northeast,287.51,2025-03-12,2025-03-12
9501,87,2024-09-05,9,Northeast,1836.66,2024-09-08,2024-09-08
9502,14,2024-08-28,2,South,1341.27,2024-08-31,2024-08-29
9503,68,2025-05-10,7,West,853.5,2025-05-13,2025-05-11
9504,83,2024-12-05,3,South,1102.07,2024-12-08,2024-12-09
9505,47,2025-04-15,6,West,317.98,2025-04-18,2025-04-21
9506,54,2025-04-07,5,West,450.62,2025-04-10,2025-04-13
9507,4,2024-10-01,6,South,587.09,2024-10-04,2024-10-02
9508,94,2024-01-15,8,West,782.0,2024-01-18,2024-01-16
9509,83,2024-02-10,3,Northeast,1832.73,2024-02-13,2024-02-15
9510,95,2024-07-26,2,South,747.79,2024-07-29,2024-07-28
9511,95,2024-02-29,8,Northeast,1057.19,2024-03-03,2024-03-04
9512,9,2024-12-30,1,West,340.81,2025-01-02,2024-12-31
9513,53,2024-08-27,2,Midwest,1477.23,2024-08-30,2024-08-28
9514,77,2024-06-08,10,South,1129.36,2024-06-11,2024-06-17
9515,78,2025-01-31,1,Midwest,891.02,2025-02-03,2025-02-06
9516,60,2025-05-14,5,Midwest,1895.43,2025-05-17,2025-05-19
9517,46,2024-07-27,8,Midwest,1783.49,2024-07-30,2024-08-04
9518,54,2024-05-12,2,Midwest,1325.83,2024-05-15,2024-05-17
9519,74,2025-01-15,4,Northeast,1845.19,2025-01-18,2025-01-19
9520,95,2025-03-08,4,South,1138.27,2025-03-11,2025-03-18
9521,37,2025-01-23,7,Northeast,1657.34,2025-01-26,2025-02-02
9522,23,2025-03-07,1,West,830.73,2025-03-10,2025-03-09
9523,27,2024-09-30,9,South,191.75,2024-10-03,2024-10-06
9524,70,2024-12-16,3,South,1988.41,2024-12-19,2024-12-21
9525,90,2024-05-13,6,Northeast,347.95,2024-05-16,2024-05-21
9526,66,2024-03-06,10,West,517.99,2024-03-09,2024-03-08
9527,61,2024-07-23,5,Midwest,342.94,2024-07-26,2024-08-01
9528,77,2024-10-24,4,West,688.21,2024-10-27,2024-10-26
9529,51,2024-04-26,9,Northeast,592.77,2024-04-29,2024-05-01
9530,50,2024-09-23,9,Northeast,1210.18,2024-09-26,2024-09-25
9531,19,2024-05-28,1,Northeast,1992.99,2024-05-31,2024-05-31
9532,1,2024-07-12,7,Midwest,123.97,2024-07-15,2024-07-14
9533,40,2024-06-27,10,South,1561.32,2024-06-30,2024-06-29
9534,32,2024-05-27,9,West,273.42,2024-05-30,2024-06-03
9535,22,2025-04-09,5,West,59.27,2025-04-12,2025-04-14
9536,93,2024-01-05,1,Midwest,1284.38,2024-01-08,2024-01-16
9537,66,2024-10-06,8,Northeast,1749.16,2024-10-09,2024-10-10
9538,40,2025-05-13,5,West,369.07,2025-05-16,2025-05-16
9539,38,2025-03-11,6,South,696.4,2025-03-14,2025-03-14
9540,48,2024-08-03,7,West,354.13,2024-08-06,2024-08-08
9541,55,2025-05-29,10,Northeast,1814.88,2025-06-01,2025-06-04
9542,75,2024-05-16,7,West,555.31,2024-05-19,2024-05-20
9543,81,2024-10-06,7,Northeast,900.53,2024-10-09,2024-10-07
9544,55,2024-05-11,1,South,1791.59,2024-05-14,2024-05-19
9545,51,2025-01-27,7,Midwest,1114.68,2025-01-30,2025-02-05
9546,60,2025-04-25,3,Northeast,1867.04,2025-04-28,2025-04-29
9547,8,2025-05-27,5,Northeast,1854.37,2025-05-30,2025-06-05
9548,86,2025-02-22,10,West,933.97,2025-02-25,2025-02-25
9549,68,2024-07-20,5,Midwest,1173.12,2024-07-23,2024-07-28
9550,75,2025-04-06,8,Northeast,476.02,2025-04-09,2025-04-08
9551,72,2024-07-20,7,West,1981.26,2024-07-23,2024-08-01
9552,9,2024-05-31,7,South,571.07,2024-06-03,2024-06-01
9553,90,2024-08-09,6,Midwest,1570.95,2024-08-12,2024-08-11
9554,2,2024-03-19,7,West,639.68,2024-03-22,2024-03-31
9555,80,2024-07-18,7,Midwest,639.82,2024-07-21,2024-07-19
9556,95,2024-04-08,5,Northeast,225.65,2024-04-11,2024-04-12
9557,70,2024-07-31,5,West,1128.59,2024-08-03,2024-08-03
9558,85,2024-05-22,4,South,504.77,2024-05-25,2024-05-27
9559,90,2025-01-23,4,South,313.82,2025-01-26,2025-01-29
9560,59,2025-01-08,5,West,468.8,2025-01-11,2025-01-12
9561,19,2024-02-21,10,West,517.16,2024-02-24,2024-02-28
9562,28,2024-05-14,9,Midwest,1018.09,2024-05-17,2024-05-23
9563,72,2025-02-14,6,West,784.13,2025-02-17,2025-02-17
9564,14,2025-04-14,8,Midwest,169.47,2025-04-17,2025-04-15
9565,24,2024-04-21,9,Northeast,1081.34,2024-04-24,2024-04-24
9566,44,2024-02-13,4,West,1579.74,2024-02-16,2024-02-19
9567,56,2025-01-31,7,Northeast,1156.99,2025-02-03,2025-02-05
9568,90,2024-09-17,5,South,1949.59,2024-09-20,2024-09-25
9569,95,2025-01-22,4,Midwest,216.32,2025-01-25,2025-02-02
9570,51,2025-04-20,7,Midwest,1645.88,2025-04-23,2025-04-26
9571,32,2025-02-13,3,South,1021.27,2025-02-16,2025-02-17
9572,50,2024-01-16,1,Northeast,1052.76,2024-01-19,2024-01-19
9573,41,2024-04-11,7,Midwest,1047.82,2024-04-14,2024-04-15
9574,66,2024-07-04,9,South,664.13,2024-07-07,2024-07-12
9575,25,2024-01-25,2,South,662.62,2024-01-28,2024-01-28
9576,61,2024-03-12,7,South,1271.05,2024-03-15,2024-03-19
9577,66,2024-01-18,10,West,108.63,2024-01-21,2024-01-20
9578,42,2024-11-27,2,Northeast,1185.8,2024-11-30,2024-12-02
9579,65,2024-04-06,3,South,1454.69,2024-04-09,2024-04-07
9580,36,2024-01-12,10,Northeast,725.53,2024-01-15,2024-01-15
9581,76,2024-01-11,10,Midwest,450.37,2024-01-14,2024-01-20
9582,9,2024-06-11,3,West,442.51,2024-06-14,2024-06-17
9583,36,2024-10-09,4,South,182.04,2024-10-12,2024-10-14
9584,92,2024-08-28,6,South,197.64,2024-08-31,2024-09-03
9585,38,2024-02-14,3,South,350.04,2024-02-17,2024-02-21
9586,33,2024-09-11,9,Midwest,57.96,2024-09-14,2024-09-17
9587,42,2024-03-07,2,West,547.15,2024-03-10,2024-03-13
9588,61,2024-02-11,7,Northeast,626.68,2024-02-14,2024-02-13
9589,46,2025-01-18,6,Northeast,1990.54,2025-01-21,2025-01-19
9590,86,2024-08-21,2,Northeast,1983.54,2024-08-24,2024-08-28
9591,89,2025-04-29,3,Northeast,390.36,2025-05-02,2025-04-30
9592,61,2024-02-08,6,Northeast,441.8,2024-02-11,2024-02-14
9593,18,2024-01-11,10,Northeast,993.97,2024-01-14,2024-01-19
9594,70,2025-02-12,4,Northeast,314.59,2025-02-15,2025-02-14
9595,82,2024-04-17,1,West,1018.0,2024-04-20,2024-04-20
9596,80,2024-04-03,1,West,810.79,2024-04-06,2024-04-08
9597,15,2024-03-24,3,Midwest,662.75,2024-03-27,2024-03-26
9598,48,2024-02-27,8,South,1648.76,2024-03-01,2024-02-29
9599,72,2024-10-19,4,West,1659.67,2024-10-22,2024-10-22
9600,13,2024-01-16,1,South,1976.02,2024-01-19,2024-01-19
9601,43,2025-04-21,8,Midwest,461.71,2025-04-24,2025-04-27
9602,60,2024-06-13,10,West,1778.79,2024-06-16,2024-06-18
9603,57,2025-03-12,6,Midwest,1084.93,2025-03-15,2025-03-13
9604,71,2025-02-06,1,West,1191.09,2025-02-09,2025-02-16
9605,17,2025-01-20,10,West,1794.66,2025-01-23,2025-01-24
9606,50,2024-05-17,10,Northeast,1886.41,2024-05-20,2024-05-22
9607,32,2024-10-19,6,South,1459.09,2024-10-22,2024-10-22
9608,22,2025-04-19,1,Midwest,708.73,2025-04-22,2025-04-24
9609,55,2025-04-06,10,Northeast,989.54,2025-04-09,2025-04-08
9610,57,2025-01-07,10,West,1237.81,2025-01-10,2025-01-08
9611,13,2024-06-10,3,West,1660.71,2024-06-13,2024-06-14
9612,47,2024-02-13,2,Midwest,1322.74,2024-02-16,2024-02-22
9613,87,2024-03-23,4,South,743.59,2024-03-26,2024-03-30
9614,62,2025-02-14,2,Midwest,847.4,2025-02-17,2025-02-23
9615,54,2024-12-06,5,West,119.87,2024-12-09,2024-12-09
9616,29,2024-03-29,4,Northeast,1850.05,2024-04-01,2024-04-01
9617,22,2024-08-17,6,Midwest,194.48,2024-08-20,2024-08-20
9618,65,2024-01-18,7,Northeast,1168.26,2024-01-21,2024-01-25
9619,29,2024-10-07,2,South,1745.87,2024-10-10,2024-10-15
9620,48,2025-02-25,2,South,853.31,2025-02-28,2025-03-01
9621,5,2024-12-03,8,Northeast,1604.25,2024-12-06,2024-12-04
9622,35,2024-09-22,9,South,1611.56,2024-09-25,2024-09-30
9623,74,2024-12-20,5,Northeast,138.5,2024-12-23,2024-12-28
9624,83,2024-12-25,7,Northeast,836.04,2024-12-28,2025-01-01
9625,71,2024-08-04,9,Northeast,1388.23,2024-08-07,2024-08-13
9626,46,2024-11-16,1,South,856.26,2024-11-19,2024-11-17
9627,35,2024-07-30,8,Northeast,1099.43,2024-08-02,2024-08-01
9628,45,2024-07-21,10,South,1197.03,2024-07-24,2024-07-26
9629,13,2024-06-01,10,Northeast,319.43,2024-06-04,2024-06-03
9630,10,2025-03-04,9,Northeast,835.72,2025-03-07,2025-03-12
9631,66,2024-10-13,9,South,76.36,2024-10-16,2024-10-14
9632,70,2024-11-16,10,Northeast,316.26,2024-11-19,2024-11-25
9633,72,2025-03-11,7,Northeast,1034.26,2025-03-14,2025-03-13
9634,100,2025-05-10,10,South,1155.7,2025-05-13,2025-05-19
9635,25,2024-05-28,3,West,309.54,2024-05-31,2024-05-31
9636,44,2025-04-26,5,Midwest,1516.13,2025-04-29,2025-04-27
9637,60,2024-11-21,2,South,758.52,2024-11-24,2024-11-26
9638,47,2024-01-29,10,Northeast,1842.89,2024-02-01,2024-02-05
9639,40,2024-09-15,3,Midwest,787.57,2024-09-18,2024-09-17
9640,7,2024-03-15,10,Midwest,316.63,2024-03-18,2024-03-25
9641,46,2025-05-12,7,Northeast,1520.78,2025-05-15,2025-05-21
9642,23,2025-02-19,1,Northeast,1144.25,2025-02-22,2025-02-23
9643,83,2024-12-05,3,West,785.64,2024-12-08,2024-12-11
9644,46,2024-11-03,5,Northeast,724.8,2024-11-06,2024-11-08
9645,86,2024-08-28,4,Midwest,318.52,2024-08-31,2024-09-04
9646,13,2024-09-09,3,Northeast,694.85,2024-09-12,2024-09-17
9647,21,2024-08-07,6,Midwest,78.1,2024-08-10,2024-08-08
9648,1,2025-01-31,6,South,1014.76,2025-02-03,2025-02-10
9649,19,2024-12-01,4,South,1795.51,2024-12-04,2024-12-10
9650,60,2024-01-29,9,Midwest,1594.75,2024-02-01,2024-01-31
9651,33,2025-05-08,6,South,76.47,2025-05-11,2025-05-17
9652,4,2025-05-16,9,West,1764.9,2025-05-19,2025-05-27
9653,3,2024-06-02,10,Midwest,915.6,2024-06-05,2024-06-03
9654,91,2024-08-18,10,Midwest,397.97,2024-08-21,2024-08-25
9655,52,2024-04-11,2,Northeast,1509.78,2024-04-14,2024-04-19
9656,99,2024-06-25,6,West,659.29,2024-06-28,2024-07-01
9657,28,2024-08-19,4,Northeast,521.57,2024-08-22,2024-08-28
9658,70,2024-01-12,2,West,339.41,2024-01-15,2024-01-18
9659,70,2024-07-04,5,West,983.51,2024-07-07,2024-07-10
9660,55,2024-09-22,3,West,204.92,2024-09-25,2024-09-23
9661,57,2024-05-14,6,Midwest,1575.51,2024-05-17,2024-05-17
9662,87,2024-01-31,8,South,951.94,2024-02-03,2024-02-09
9663,97,2025-03-31,4,South,905.01,2025-04-03,2025-04-03
9664,16,2024-09-15,4,Northeast,23.67,2024-09-18,2024-09-20
9665,24,2024-04-13,5,Northeast,1639.37,2024-04-16,2024-04-15
9666,69,2025-03-06,6,South,995.82,2025-03-09,2025-03-09
9667,41,2025-01-16,7,South,890.99,2025-01-19,2025-01-22
9668,77,2025-04-13,6,West,1527.54,2025-04-16,2025-04-18
9669,47,2025-05-27,7,Northeast,144.54,2025-05-30,2025-05-28
9670,76,2024-07-25,9,Northeast,746.03,2024-07-28,2024-07-28
9671,69,2025-03-22,4,Northeast,1159.95,2025-03-25,2025-03-31
9672,31,2024-03-29,10,Northeast,931.94,2024-04-01,2024-04-06
9673,92,2024-07-13,1,South,379.65,2024-07-16,2024-07-18
9674,92,2025-02-17,9,South,612.57,2025-02-20,2025-02-23
9675,30,2024-05-01,7,Midwest,614.4,2024-05-04,2024-05-04
9676,18,2025-04-06,4,Midwest,1984.1,2025-04-09,2025-04-15
9677,44,2024-04-25,10,South,665.87,2024-04-28,2024-04-29
9678,27,2024-07-14,8,West,426.26,2024-07-17,2024-07-15
9679,99,2024-02-05,7,South,1648.82,2024-02-08,2024-02-06
9680,26,2024-03-07,2,West,853.92,2024-03-10,2024-03-08
9681,60,2024-10-07,1,Northeast,898.85,2024-10-10,2024-10-10
9682,18,2025-04-23,9,Midwest,1106.8,2025-04-26,2025-05-03
9683,97,2024-01-11,7,West,1199.46,2024-01-14,2024-01-24
9684,89,2024-11-17,10,Northeast,1189.3,2024-11-20,2024-11-25
9685,56,2024-08-27,1,South,88.31,2024-08-30,2024-08-28
9686,31,2024-02-29,4,Midwest,1641.31,2024-03-03,2024-03-02
9687,59,2024-06-13,5,South,405.81,2024-06-16,2024-06-15
9688,2,2024-07-07,5,Northeast,598.84,2024-07-10,2024-07-11
9689,97,2025-05-01,5,Northeast,363.39,2025-05-04,2025-05-03
9690,39,2024-04-01,3,South,1538.81,2024-04-04,2024-04-08
9691,61,2024-10-15,5,Northeast,1175.64,2024-10-18,2024-10-19
9692,63,2025-05-23,4,Northeast,1515.49,2025-05-26,2025-05-31
9693,96,2024-03-15,5,West,1313.73,2024-03-18,2024-03-22
9694,18,2025-03-03,7,South,226.23,2025-03-06,2025-03-12
9695,17,2025-01-19,5,South,616.97,2025-01-22,2025-01-22
9696,98,2024-02-22,8,Midwest,1024.39,2024-02-25,2024-03-01
9697,39,2024-06-23,8,West,623.79,2024-06-26,2024-06-26
9698,71,2025-04-18,3,West,430.46,2025-04-21,2025-04-23
9699,54,2024-12-26,5,Northeast,1742.23,2024-12-29,2024-12-28
9700,99,2024-09-26,4,Midwest,1500.61,2024-09-29,2024-10-02
9701,94,2025-02-10,5,Midwest,703.54,2025-02-13,2025-02-19
9702,76,2024-05-03,8,West,1534.72,2024-05-06,2024-05-12
9703,35,2025-01-10,4,Midwest,1262.53,2025-01-13,2025-01-16
9704,11,2025-01-26,5,West,27.5,2025-01-29,2025-01-31
9705,61,2024-06-30,7,Midwest,772.92,2024-07-03,2024-07-05
9706,44,2024-02-05,3,West,595.17,2024-02-08,2024-02-15
9707,68,2024-07-30,6,West,451.46,2024-08-02,2024-08-01
9708,25,2024-05-13,9,Northeast,518.15,2024-05-16,2024-05-19
9709,48,2025-05-05,4,Northeast,1885.88,2025-05-08,2025-05-13
9710,32,2025-03-13,4,Midwest,982.91,2025-03-16,2025-03-18
9711,84,2024-02-15,6,Northeast,1698.46,2024-02-18,2024-02-23
9712,95,2025-02-04,6,South,444.15,2025-02-07,2025-02-16
9713,4,2025-05-02,3,South,365.32,2025-05-05,2025-05-07
9714,38,2025-03-07,1,Midwest,1779.8,2025-03-10,2025-03-11
9715,63,2025-03-03,3,West,1001.5,2025-03-06,2025-03-09
9716,47,2025-05-31,8,Northeast,1792.4,2025-06-03,2025-06-06
9717,1,2025-04-06,8,Midwest,144.8,2025-04-09,2025-04-15
9718,3,2024-06-29,6,South,1834.54,2024-07-02,2024-07-08
9719,86,2024-05-24,7,West,842.58,2024-05-27,2024-05-30
9720,62,2024-09-21,2,Northeast,327.63,2024-09-24,2024-09-22
9721,64,2025-02-09,9,West,1373.1,2025-02-12,2025-02-10
9722,17,2025-04-28,3,West,1597.87,2025-05-01,2025-05-06
9723,78,2025-04-26,2,Northeast,113.8,2025-04-29,2025-04-29
9724,62,2024-08-24,5,Northeast,1974.65,2024-08-27,2024-09-01
9725,35,2024-12-04,1,South,1400.11,2024-12-07,2024-12-11
9726,13,2024-09-24,5,South,656.38,2024-09-27,2024-09-28
9727,35,2024-09-22,10,West,319.56,2024-09-25,2024-09-25
9728,43,2024-04-01,4,West,797.21,2024-04-04,2024-04-05
9729,2,2024-09-04,6,South,456.72,2024-09-07,2024-09-10
9730,56,2024-01-19,5,South,998.42,2024-01-22,2024-01-20
9731,77,2025-01-24,9,West,1568.15,2025-01-27,2025-02-01
9732,51,2025-01-22,5,Midwest,1327.06,2025-01-25,2025-01-29
9733,54,2024-04-04,8,Midwest,883.15,2024-04-07,2024-04-10
9734,16,2025-03-05,2,Midwest,255.51,2025-03-08,2025-03-11
9735,18,2024-02-06,3,Northeast,1915.17,2024-02-09,2024-02-15
9736,7,2025-01-27,3,South,555.33,2025-01-30,2025-01-30
9737,45,2024-10-17,3,Midwest,570.11,2024-10-20,2024-10-21
9738,36,2024-10-29,6,Midwest,1298.09,2024-11-01,2024-11-03
9739,41,2025-02-04,7,South,1545.61,2025-02-07,2025-02-07
9740,94,2024-12-09,7,Northeast,1968.62,2024-12-12,2024-12-14
9741,42,2025-06-01,7,Midwest,1938.95,2025-06-04,2025-06-02
9742,7,2025-01-11,3,Northeast,1829.25,2025-01-14,2025-01-15
9743,15,2024-06-13,1,Northeast,881.92,2024-06-16,2024-06-18
9744,60,2024-01-13,6,West,350.01,2024-01-16,2024-01-16
9745,40,2024-01-25,3,South,1177.25,2024-01-28,2024-02-03
9746,83,2024-05-02,3,West,54.17,2024-05-05,2024-05-08
9747,37,2024-05-08,3,Midwest,408.57,2024-05-11,2024-05-13
9748,66,2024-11-04,9,West,25.01,2024-11-07,2024-11-07
9749,55,2025-03-11,4,South,377.46,2025-03-14,2025-03-12
9750,77,2024-06-30,5,Northeast,960.02,2024-07-03,2024-07-03
9751,95,2024-02-12,3,Northeast,798.78,2024-02-15,2024-02-17
9752,80,2025-02-07,10,Midwest,751.21,2025-02-10,2025-02-12
9753,56,2024-09-19,1,South,1665.29,2024-09-22,2024-09-22
9754,44,2024-03-10,4,Northeast,1356.49,2024-03-13,2024-03-20
9755,57,2024-10-18,1,Midwest,1874.13,2024-10-21,2024-10-26
9756,6,2024-08-01,7,South,901.78,2024-08-04,2024-08-05
9757,92,2024-05-26,7,South,559.01,2024-05-29,2024-06-02
9758,32,2024-01-25,4,West,262.92,2024-01-28,2024-02-03
9759,74,2024-11-18,5,Northeast,1350.61,2024-11-21,2024-11-24
9760,18,2024-04-18,10,South,1686.65,2024-04-21,2024-04-23
9761,68,2024-09-07,7,Northeast,383.8,2024-09-10,2024-09-08
9762,73,2025-04-26,6,Northeast,1759.93,2025-04-29,2025-05-01
9763,7,2024-06-23,4,South,1062.03,2024-06-26,2024-06-26
9764,8,2024-12-12,4,Northeast,305.28,2024-12-15,2024-12-15
9765,64,2024-06-18,2,West,1292.87,2024-06-21,2024-06-22
9766,7,2024-01-02,10,Midwest,1049.7,2024-01-05,2024-01-06
9767,41,2024-12-27,2,Midwest,75.8,2024-12-30,2024-12-31
9768,40,2024-10-22,4,South,810.5,2024-10-25,2024-10-23
9769,3,2024-07-20,5,West,1573.88,2024-07-23,2024-07-21
9770,17,2024-10-15,4,Midwest,1119.74,2024-10-18,2024-10-22
9771,66,2024-03-02,3,West,578.44,2024-03-05,2024-03-12
9772,79,2025-05-16,2,South,1858.71,2025-05-19,2025-05-21
9773,93,2024-05-05,4,West,490.8,2024-05-08,2024-05-07
9774,52,2024-02-18,5,South,520.42,2024-02-21,2024-02-26
9775,22,2024-06-27,1,Midwest,722.19,2024-06-30,2024-07-08
9776,4,2025-05-07,1,Midwest,1791.18,2025-05-10,2025-05-16
9777,6,2025-03-08,6,Midwest,1025.1,2025-03-11,2025-03-17
9778,38,2024-10-28,5,Midwest,1370.71,2024-10-31,2024-10-29
9779,26,2024-06-17,4,Northeast,1953.0,2024-06-20,2024-06-20
9780,11,2024-09-25,1,West,1570.93,2024-09-28,2024-10-04
9781,90,2024-12-29,7,West,361.75,2025-01-01,2024-12-30
9782,17,2024-04-09,4,West,1580.94,2024-04-12,2024-04-12
9783,88,2024-08-02,3,South,1501.71,2024-08-05,2024-08-08
9784,92,2024-04-06,7,Midwest,480.58,2024-04-09,2024-04-13
9785,99,2024-12-02,2,Midwest,664.19,2024-12-05,2024-12-06
9786,31,2024-12-24,10,Northeast,1426.05,2024-12-27,2024-12-29
9787,77,2024-10-16,1,Northeast,492.02,2024-10-19,2024-10-21
9788,35,2025-01-30,4,Midwest,432.21,2025-02-02,2025-02-03
9789,16,2024-12-25,8,West,1412.88,2024-12-28,2024-12-28
9790,79,2024-12-12,6,West,1763.58,2024-12-15,2024-12-17
9791,18,2024-05-03,9,Midwest,168.53,2024-05-06,2024-05-06
9792,62,2025-02-25,1,South,902.9,2025-02-28,2025-03-05
9793,27,2024-12-01,1,West,1222.21,2024-12-04,2024-12-07
9794,35,2025-05-17,5,Midwest,1359.03,2025-05-20,2025-05-22
9795,45,2024-02-26,6,Midwest,1992.47,2024-02-29,2024-03-01
9796,35,2024-03-16,8,Northeast,1371.73,2024-03-19,2024-03-24
9797,28,2025-04-10,3,Northeast,1247.91,2025-04-13,2025-04-14
9798,9,2024-10-11,6,Midwest,1979.67,2024-10-14,2024-10-18
9799,76,2025-01-20,3,South,140.12,2025-01-23,2025-01-29
9800,15,2024-09-15,8,Midwest,167.39,2024-09-18,2024-09-21
9801,21,2025-04-21,4,West,1130.15,2025-04-24,2025-04-22
9802,52,2024-01-11,2,South,730.16,2024-01-14,2024-01-15
9803,35,2024-09-16,9,South,211.46,2024-09-19,2024-09-18
9804,97,2025-01-27,10,Northeast,626.77,2025-01-30,2025-01-28
9805,51,2025-01-03,8,Midwest,1355.22,2025-01-06,2025-01-11
9806,83,2024-07-02,6,Northeast,1763.62,2024-07-05,2024-07-08
9807,55,2024-01-16,3,West,206.76,2024-01-19,2024-01-17
9808,87,2025-05-20,2,Northeast,1089.49,2025-05-23,2025-05-25
9809,77,2024-03-26,4,West,606.31,2024-03-29,2024-03-29
9810,44,2024-01-10,4,Midwest,1341.31,2024-01-13,2024-01-18
9811,65,2025-04-21,1,Midwest,1107.91,2025-04-24,2025-04-24
9812,93,2024-06-12,9,Northeast,1854.89,2024-06-15,2024-06-18
9813,88,2024-01-24,10,Northeast,94.61,2024-01-27,2024-01-30
9814,80,2024-11-07,8,Northeast,950.67,2024-11-10,2024-11-10
9815,25,2024-08-25,7,West,401.66,2024-08-28,2024-08-27
9816,87,2025-04-06,6,South,1082.83,2025-04-09,2025-04-17
9817,92,2025-04-06,3,South,1710.09,2025-04-09,2025-04-12
9818,47,2024-08-25,4,Northeast,1824.41,2024-08-28,2024-08-30
9819,80,2024-01-22,2,Northeast,808.5,2024-01-25,2024-01-31
9820,56,2024-06-28,7,Midwest,1627.33,2024-07-01,2024-07-08
9821,38,2025-05-13,2,Northeast,575.41,2025-05-16,2025-05-23
9822,11,2025-04-19,10,Midwest,32.48,2025-04-22,2025-04-20
9823,67,2024-12-04,1,West,1713.37,2024-12-07,2024-12-09
9824,15,2024-06-10,6,West,256.44,2024-06-13,2024-06-14
9825,1,2024-03-01,4,West,54.87,2024-03-04,2024-03-12
9826,7,2024-03-25,8,West,720.52,2024-03-28,2024-04-01
9827,1,2025-05-04,1,Northeast,771.17,2025-05-07,2025-05-05
9828,49,2024-01-05,9,Northeast,172.9,2024-01-08,2024-01-06
9829,96,2024-03-16,6,Midwest,1632.08,2024-03-19,2024-03-26
9830,73,2024-09-09,2,Northeast,823.07,2024-09-12,2024-09-14
9831,29,2024-01-07,8,Midwest,990.05,2024-01-10,2024-01-12
9832,26,2025-04-17,5,West,543.96,2025-04-20,2025-04-21
9833,87,2024-05-17,5,Midwest,1032.78,2024-05-20,2024-05-20
9834,45,2024-12-23,5,Midwest,1538.13,2024-12-26,2024-12-28
9835,93,2024-06-11,7,Northeast,1814.24,2024-06-14,2024-06-18
9836,97,2024-11-13,7,West,1941.65,2024-11-16,2024-11-18
9837,71,2025-04-02,10,South,864.91,2025-04-05,2025-04-10
9838,12,2024-09-09,7,Northeast,1980.27,2024-09-12,2024-09-16
9839,95,2024-07-19,10,Northeast,604.01,2024-07-22,2024-07-27
9840,32,2024-06-13,2,South,33.81,2024-06-16,2024-06-19
9841,20,2024-08-19,8,West,1539.88,2024-08-22,2024-08-24
9842,51,2024-11-23,1,South,373.3,2024-11-26,2024-11-25
9843,81,2024-08-25,2,Midwest,123.86,2024-08-28,2024-09-02
9844,36,2024-04-29,7,South,1849.54,2024-05-02,2024-05-05
9845,67,2024-09-06,4,West,1587.79,2024-09-09,2024-09-10
9846,1,2024-12-01,10,West,223.28,2024-12-04,2024-12-03
9847,27,2024-10-10,10,South,1558.28,2024-10-13,2024-10-19
9848,40,2024-07-16,9,Northeast,1691.12,2024-07-19,2024-07-21
9849,97,2025-02-19,9,South,1812.5,2025-02-22,2025-03-02
9850,84,2025-01-29,3,Midwest,1096.51,2025-02-01,2025-01-30
9851,14,2024-05-30,3,South,1412.76,2024-06-02,2024-06-05
9852,100,2024-09-21,9,South,1529.23,2024-09-24,2024-09-22
9853,69,2024-08-07,10,South,1383.51,2024-08-10,2024-08-10
9854,87,2024-08-03,8,Midwest,1300.73,2024-08-06,2024-08-07
9855,79,2024-11-10,1,South,1104.17,2024-11-13,2024-11-17
9856,6,2024-08-03,6,Northeast,968.81,2024-08-06,2024-08-09
9857,33,2024-11-30,7,Midwest,1992.33,2024-12-03,2024-12-03
9858,55,2024-12-24,8,Northeast,688.37,2024-12-27,2024-12-27
9859,19,2024-06-09,2,Midwest,194.77,2024-06-12,2024-06-10
9860,77,2025-05-25,1,West,1534.77,2025-05-28,2025-05-28
9861,29,2024-06-05,4,West,443.37,2024-06-08,2024-06-08
9862,61,2024-06-10,1,Midwest,1074.73,2024-06-13,2024-06-19
9863,70,2024-02-11,2,Midwest,209.69,2024-02-14,2024-02-15
9864,79,2024-06-28,3,Midwest,1246.18,2024-07-01,2024-07-02
9865,80,2024-10-29,4,West,1889.13,2024-11-01,2024-11-04
9866,24,2024-11-25,6,Midwest,1450.96,2024-11-28,2024-12-04
9867,23,2025-03-04,8,West,444.78,2025-03-07,2025-03-13
9868,10,2024-12-15,9,West,1942.85,2024-12-18,2024-12-27
9869,54,2024-04-29,4,Midwest,628.03,2024-05-02,2024-04-30
9870,41,2024-03-15,1,Midwest,884.5,2024-03-18,2024-03-20
9871,49,2024-05-02,5,Midwest,1006.27,2024-05-05,2024-05-07
9872,17,2024-06-30,5,West,1981.62,2024-07-03,2024-07-01
9873,56,2024-09-13,9,South,156.4,2024-09-16,2024-09-14
9874,45,2024-09-25,6,Midwest,1399.52,2024-09-28,2024-10-03
9875,30,2025-05-07,5,South,736.62,2025-05-10,2025-05-14
9876,44,2024-06-28,10,South,175.08,2024-07-01,2024-07-05
9877,74,2024-05-28,10,South,1871.36,2024-05-31,2024-06-03
9878,55,2025-06-01,5,Northeast,1187.92,2025-06-04,2025-06-02
9879,19,2024-05-27,8,South,1511.97,2024-05-30,2024-05-29
9880,29,2024-01-09,1,South,495.96,2024-01-12,2024-01-12
9881,2,2024-06-26,5,West,1527.85,2024-06-29,2024-07-03
9882,36,2025-01-29,1,Northeast,1660.38,2025-02-01,2025-02-03
9883,19,2024-11-26,7,West,873.04,2024-11-29,2024-12-04
9884,7,2024-02-25,7,West,1152.47,2024-02-28,2024-03-07
9885,26,2024-07-25,10,South,1944.31,2024-07-28,2024-07-26
9886,79,2024-04-14,8,West,1696.52,2024-04-17,2024-04-19
9887,38,2024-12-20,7,Midwest,900.8,2024-12-23,2024-12-25
9888,3,2025-05-03,9,South,1335.86,2025-05-06,2025-05-06
9889,80,2025-05-17,8,Midwest,1572.78,2025-05-20,2025-05-23
9890,66,2024-02-19,8,South,68.17,2024-02-22,2024-03-03
9891,95,2024-03-27,3,South,1184.96,2024-03-30,2024-03-29
9892,92,2024-10-29,10,South,1969.37,2024-11-01,2024-11-05
9893,71,2024-01-01,4,Northeast,1895.42,2024-01-04,2024-01-03
9894,94,2025-01-15,4,South,1668.23,2025-01-18,2025-01-16
9895,43,2024-12-27,1,Midwest,230.3,2024-12-30,2024-12-30
9896,62,2025-01-15,6,South,1988.2,2025-01-18,2025-01-21
9897,71,2024-06-10,2,South,1226.89,2024-06-13,2024-06-16
9898,100,2024-01-19,9,West,461.36,2024-01-22,2024-01-29
9899,93,2024-08-30,1,South,1355.05,2024-09-02,2024-09-05
9900,24,2024-05-08,1,South,1715.92,2024-05-11,2024-05-13
9901,39,2024-06-24,10,South,242.41,2024-06-27,2024-07-01
9902,68,2025-02-12,6,South,1834.55,2025-02-15,2025-02-18
9903,93,2024-03-24,1,South,1842.0,2024-03-27,2024-03-29
9904,44,2025-01-10,3,South,46.66,2025-01-13,2025-01-14
9905,5,2024-08-09,10,Northeast,1802.63,2024-08-12,2024-08-16
9906,55,2024-11-20,2,Midwest,1894.7,2024-11-23,2024-11-27
9907,93,2025-03-26,9,Northeast,94.63,2025-03-29,2025-03-30
9908,30,2025-02-19,5,Midwest,602.45,2025-02-22,2025-02-28
9909,29,2025-03-20,6,Northeast,758.75,2025-03-23,2025-03-28
9910,26,2024-11-20,2,South,710.8,2024-11-23,2024-11-28
9911,83,2024-06-14,8,Northeast,1522.83,2024-06-17,2024-06-16
9912,26,2024-08-25,6,Midwest,729.05,2024-08-28,2024-08-28
9913,37,2024-01-13,8,West,1914.03,2024-01-16,2024-01-23
9914,91,2024-09-13,8,West,1990.09,2024-09-16,2024-09-21
9915,94,2025-05-28,1,South,647.3,2025-05-31,2025-05-29
9916,53,2024-07-28,7,South,1027.43,2024-07-31,2024-08-03
9917,30,2025-04-28,2,Midwest,1124.26,2025-05-01,2025-05-06
9918,3,2024-12-30,8,West,1167.22,2025-01-02,2025-01-01
9919,43,2024-08-12,2,South,760.93,2024-08-15,2024-08-20
9920,7,2024-07-12,4,Northeast,348.67,2024-07-15,2024-07-17
9921,49,2024-07-14,2,Northeast,128.03,2024-07-17,2024-07-24
9922,73,2025-02-03,7,West,230.57,2025-02-06,2025-02-08
9923,41,2024-02-26,5,Midwest,1804.56,2024-02-29,2024-02-27
9924,77,2024-07-31,9,South,575.14,2024-08-03,2024-08-07
9925,79,2024-10-05,5,South,172.11,2024-10-08,2024-10-07
9926,54,2025-01-14,8,South,1254.59,2025-01-17,2025-01-17
9927,69,2024-04-26,2,West,169.11,2024-04-29,2024-04-27
9928,93,2025-03-26,3,Northeast,158.7,2025-03-29,2025-03-29
9929,99,2025-02-13,6,Midwest,1250.71,2025-02-16,2025-02-22
9930,91,2025-01-01,7,West,1190.96,2025-01-04,2025-01-06
9931,27,2024-04-22,10,West,102.13,2024-04-25,2024-04-26
9932,8,2024-06-12,8,South,931.75,2024-06-15,2024-06-14
9933,32,2024-01-04,3,Northeast,882.82,2024-01-07,2024-01-10
9934,84,2024-01-23,7,Midwest,1102.44,2024-01-26,2024-01-27
9935,64,2024-04-01,8,Midwest,1480.93,2024-04-04,2024-04-13
9936,10,2025-04-13,10,South,579.94,2025-04-16,2025-04-18
9937,13,2024-06-03,6,Midwest,876.9,2024-06-06,2024-06-09
9938,63,2024-07-25,4,Northeast,1589.63,2024-07-28,2024-07-28
9939,93,2024-03-21,6,South,1846.66,2024-03-24,2024-03-26
9940,35,2025-04-27,9,South,1784.82,2025-04-30,2025-05-03
9941,61,2025-02-10,3,Northeast,965.71,2025-02-13,2025-02-12
9942,54,2024-04-12,2,Midwest,1051.31,2024-04-15,2024-04-19
9943,8,2024-08-27,5,Northeast,1067.63,2024-08-30,2024-09-01
9944,29,2024-09-21,7,Midwest,1740.06,2024-09-24,2024-09-22
9945,95,2024-02-02,3,Midwest,1683.08,2024-02-05,2024-02-09
9946,41,2024-02-04,5,Midwest,636.83,2024-02-07,2024-02-10
9947,30,2024-09-05,4,Northeast,342.44,2024-09-08,2024-09-11
9948,86,2024-02-19,7,Northeast,770.37,2024-02-22,2024-02-22
9949,21,2024-10-06,2,West,591.04,2024-10-09,2024-10-18
9950,76,2024-05-31,7,Northeast,1902.55,2024-06-03,2024-06-03
9951,11,2024-08-17,2,South,546.51,2024-08-20,2024-08-18
9952,2,2024-10-14,3,South,378.79,2024-10-17,2024-10-21
9953,50,2025-01-29,5,South,1800.97,2025-02-01,2025-02-03
9954,41,2025-03-28,7,South,191.23,2025-03-31,2025-03-29
9955,66,2024-02-02,6,West,535.33,2024-02-05,2024-02-06
9956,98,2024-12-28,7,Northeast,889.44,2024-12-31,2025-01-02
9957,3,2024-04-20,6,Northeast,1198.31,2024-04-23,2024-04-23
9958,80,2024-04-30,1,Midwest,668.79,2024-05-03,2024-05-05
9959,51,2024-01-16,5,Northeast,1002.54,2024-01-19,2024-01-22
9960,68,2024-04-07,1,Midwest,413.69,2024-04-10,2024-04-12
9961,87,2024-04-25,7,Midwest,1157.06,2024-04-28,2024-04-27
9962,84,2025-04-15,4,South,827.48,2025-04-18,2025-04-21
9963,25,2025-03-14,5,West,1701.53,2025-03-17,2025-03-15
9964,30,2024-10-07,1,West,843.15,2024-10-10,2024-10-13
9965,82,2024-12-14,8,Northeast,898.75,2024-12-17,2024-12-20
9966,11,2024-08-19,4,Midwest,1192.51,2024-08-22,2024-08-23
9967,93,2024-04-20,3,South,263.88,2024-04-23,2024-04-23
9968,17,2024-12-17,1,Midwest,330.45,2024-12-20,2024-12-18
9969,26,2024-01-12,4,South,1584.67,2024-01-15,2024-01-15
9970,23,2025-05-02,3,Midwest,561.37,2025-05-05,2025-05-05
9971,56,2024-10-11,8,Northeast,1375.7,2024-10-14,2024-10-13
9972,52,2025-01-26,9,Northeast,212.91,2025-01-29,2025-01-27
9973,48,2024-06-18,5,Midwest,1647.26,2024-06-21,2024-06-27
9974,20,2024-03-17,9,West,1976.69,2024-03-20,2024-03-24
9975,2,2024-10-23,1,South,759.91,2024-10-26,2024-11-04
9976,88,2024-11-25,7,West,1020.95,2024-11-28,2024-12-01
9977,31,2024-03-03,7,West,896.57,2024-03-06,2024-03-10
9978,27,2024-09-26,6,Midwest,1790.49,2024-09-29,2024-10-01
9979,2,2024-08-03,4,South,39.67,2024-08-06,2024-08-13
9980,78,2024-07-08,9,South,1313.85,2024-07-11,2024-07-13
9981,4,2024-03-15,3,Northeast,1311.69,2024-03-18,2024-03-23
9982,13,2025-05-24,1,Midwest,777.12,2025-05-27,2025-05-30
9983,100,2024-04-02,2,Midwest,454.28,2024-04-05,2024-04-13
9984,35,2024-02-22,3,Midwest,494.57,2024-02-25,2024-02-26
9985,72,2025-05-10,2,Northeast,1604.92,2025-05-13,2025-05-18
9986,66,2024-04-03,6,Northeast,150.88,2024-04-06,2024-04-08
9987,6,2024-08-16,7,South,1136.37,2024-08-19,2024-08-18
9988,31,2024-09-06,5,Northeast,627.54,2024-09-09,2024-09-11
9989,10,2025-01-25,5,Midwest,545.19,2025-01-28,2025-01-26
9990,21,2024-06-30,7,Midwest,1021.36,2024-07-03,2024-07-08
9991,74,2024-09-23,6,West,1797.77,2024-09-26,2024-09-30
9992,23,2024-10-07,8,Northeast,1243.82,2024-10-10,2024-10-18
9993,3,2024-03-23,9,Midwest,1581.45,2024-03-26,2024-03-25
9994,32,2024-07-04,2,Midwest,1209.35,2024-07-07,2024-07-07
9995,20,2024-12-13,2,South,1401.48,2024-12-16,2024-12-14
9996,74,2025-02-26,1,Northeast,876.17,2025-03-01,2025-03-04
9997,29,2025-03-29,7,Midwest,1853.44,2025-04-01,2025-04-02
9998,52,2024-09-23,4,South,1013.84,2024-09-26,2024-09-26
9999,46,2025-05-21,9,West,1112.51,2025-05-24,2025-05-27
10000,34,2024-05-21,6,West,1059.43,2024-05-24,2024-05-29
